-- MySQL dump 10.13  Distrib 5.7.32, for Linux (x86_64)
--
-- Host: localhost    Database: vk
-- ------------------------------------------------------
-- Server version	5.7.32-0ubuntu0.18.04.1

/*!40101 SET @OLD_CHARACTER_SET_CLIENT=@@CHARACTER_SET_CLIENT */;
/*!40101 SET @OLD_CHARACTER_SET_RESULTS=@@CHARACTER_SET_RESULTS */;
/*!40101 SET @OLD_COLLATION_CONNECTION=@@COLLATION_CONNECTION */;
/*!40101 SET NAMES utf8 */;
/*!40103 SET @OLD_TIME_ZONE=@@TIME_ZONE */;
/*!40103 SET TIME_ZONE='+00:00' */;
/*!40014 SET @OLD_UNIQUE_CHECKS=@@UNIQUE_CHECKS, UNIQUE_CHECKS=0 */;
/*!40014 SET @OLD_FOREIGN_KEY_CHECKS=@@FOREIGN_KEY_CHECKS, FOREIGN_KEY_CHECKS=0 */;
/*!40101 SET @OLD_SQL_MODE=@@SQL_MODE, SQL_MODE='NO_AUTO_VALUE_ON_ZERO' */;
/*!40111 SET @OLD_SQL_NOTES=@@SQL_NOTES, SQL_NOTES=0 */;

--
-- Table structure for table `communities`
--

DROP TABLE IF EXISTS `communities`;
/*!40101 SET @saved_cs_client     = @@character_set_client */;
/*!40101 SET character_set_client = utf8 */;
CREATE TABLE `communities` (
  `id` int(10) unsigned NOT NULL AUTO_INCREMENT COMMENT 'Идентификатор сроки',
  `name` varchar(150) COLLATE utf8mb4_unicode_ci NOT NULL COMMENT 'Название группы',
  `created_at` datetime DEFAULT CURRENT_TIMESTAMP COMMENT 'Время создания строки',
  `updated_at` datetime DEFAULT CURRENT_TIMESTAMP ON UPDATE CURRENT_TIMESTAMP COMMENT 'Время обновления строки',
  PRIMARY KEY (`id`),
  UNIQUE KEY `name` (`name`)
) ENGINE=InnoDB AUTO_INCREMENT=9 DEFAULT CHARSET=utf8mb4 COLLATE=utf8mb4_unicode_ci COMMENT='Группы';
/*!40101 SET character_set_client = @saved_cs_client */;

--
-- Dumping data for table `communities`
--

LOCK TABLES `communities` WRITE;
/*!40000 ALTER TABLE `communities` DISABLE KEYS */;
INSERT INTO `communities` VALUES (1,'Занимательная робототехника','2011-05-14 20:33:34','2016-10-03 01:31:48'),(2,'GeekBrains','2012-11-29 09:35:03','2019-11-13 10:27:35'),(3,'Сетевой ИТ-Университет','2012-03-06 17:06:00','2013-09-19 05:49:55'),(4,'Ардуино Arduino Пермь','2018-11-09 14:31:50','2011-12-29 19:23:10'),(5,'Raspberry Pi','2013-05-14 06:18:22','2020-09-23 07:31:56'),(6,'Центр робототехники и интеллектуальных систем','2011-10-31 03:46:06','2010-12-21 17:13:30'),(7,'Основы интеллектуальных систем, компьютерного зрения','2016-02-16 04:01:16','2014-08-12 05:18:10'),(8,'Лаборатория 3D-моделирования ПГНИУ','2017-10-10 20:01:15','2020-09-24 01:21:20');
/*!40000 ALTER TABLE `communities` ENABLE KEYS */;
UNLOCK TABLES;

--
-- Table structure for table `communities_users`
--

DROP TABLE IF EXISTS `communities_users`;
/*!40101 SET @saved_cs_client     = @@character_set_client */;
/*!40101 SET character_set_client = utf8 */;
CREATE TABLE `communities_users` (
  `community_id` int(10) unsigned NOT NULL COMMENT 'Ссылка на группу',
  `user_id` int(10) unsigned NOT NULL COMMENT 'Ссылка на пользователя',
  `created_at` datetime DEFAULT CURRENT_TIMESTAMP COMMENT 'Время создания строки',
  PRIMARY KEY (`community_id`,`user_id`) COMMENT 'Составной первичный ключ',
  KEY `communities_users_user_id_fk` (`user_id`),
  CONSTRAINT `communities_users_community_id_fk` FOREIGN KEY (`community_id`) REFERENCES `communities` (`id`),
  CONSTRAINT `communities_users_user_id_fk` FOREIGN KEY (`user_id`) REFERENCES `users` (`id`)
) ENGINE=InnoDB DEFAULT CHARSET=utf8mb4 COLLATE=utf8mb4_unicode_ci COMMENT='Участники групп, связь между пользователями и группами';
/*!40101 SET character_set_client = @saved_cs_client */;

--
-- Dumping data for table `communities_users`
--

LOCK TABLES `communities_users` WRITE;
/*!40000 ALTER TABLE `communities_users` DISABLE KEYS */;
INSERT INTO `communities_users` VALUES (1,29,'2019-10-18 20:09:03'),(1,42,'2018-03-02 01:48:28'),(1,62,'2020-03-25 22:22:34'),(1,68,'2017-06-01 12:47:31'),(1,94,'2018-05-14 17:48:35'),(1,97,'2012-05-25 07:55:46'),(1,99,'2017-03-17 00:37:03'),(2,9,'2016-03-24 08:17:24'),(2,34,'2015-07-25 01:13:34'),(2,45,'2017-03-26 02:26:08'),(2,47,'2012-01-24 12:37:04'),(2,52,'2018-01-15 06:24:24'),(2,60,'2019-02-24 19:42:11'),(2,75,'2014-09-03 07:15:34'),(2,83,'2013-12-18 12:50:50'),(2,88,'2020-04-21 11:43:09'),(2,90,'2020-06-26 15:13:50'),(2,100,'2012-08-31 08:11:51'),(3,2,'2017-10-06 17:18:55'),(3,8,'2012-07-14 12:23:55'),(3,22,'2014-05-02 05:59:48'),(3,25,'2018-07-14 06:39:49'),(3,38,'2014-02-21 23:50:35'),(3,40,'2017-08-17 12:07:32'),(3,46,'2016-12-04 06:19:32'),(3,49,'2011-07-02 09:10:51'),(3,53,'2011-12-24 10:20:55'),(3,55,'2012-06-26 17:35:00'),(3,56,'2019-10-10 06:53:59'),(3,61,'2016-10-08 03:33:38'),(3,63,'2016-04-18 10:06:17'),(3,73,'2018-06-25 20:41:56'),(3,77,'2018-06-20 10:25:55'),(3,84,'2011-02-16 01:14:46'),(4,7,'2019-05-16 03:45:47'),(4,11,'2018-06-13 21:04:11'),(4,14,'2011-03-16 13:43:08'),(4,15,'2019-04-11 05:53:19'),(4,17,'2011-08-27 15:06:58'),(4,36,'2016-07-21 07:46:29'),(4,44,'2012-07-07 06:16:25'),(4,70,'2015-11-10 19:09:04'),(4,71,'2011-08-09 01:00:02'),(4,78,'2013-01-26 03:57:14'),(4,80,'2014-09-03 23:56:49'),(4,85,'2019-02-17 19:04:02'),(4,87,'2011-12-04 20:16:19'),(5,3,'2010-12-27 04:12:14'),(5,6,'2011-11-19 23:07:32'),(5,10,'2018-12-13 08:52:11'),(5,13,'2011-08-29 03:57:43'),(5,16,'2012-11-10 19:34:45'),(5,19,'2011-03-30 05:18:21'),(5,21,'2017-08-14 14:38:12'),(5,28,'2018-02-18 14:10:21'),(5,30,'2015-08-25 04:22:00'),(5,35,'2020-03-21 02:45:25'),(5,39,'2020-06-26 16:57:07'),(5,43,'2020-03-11 02:00:23'),(5,50,'2010-12-08 10:26:27'),(5,59,'2011-05-25 11:56:28'),(5,64,'2015-04-28 18:40:15'),(5,65,'2018-06-09 04:36:53'),(5,66,'2016-04-06 10:29:38'),(5,76,'2011-12-22 08:31:42'),(5,86,'2018-08-30 16:37:16'),(5,92,'2020-07-05 00:41:56'),(5,96,'2017-09-03 19:05:37'),(6,12,'2015-01-06 23:17:35'),(6,20,'2012-02-06 04:28:33'),(6,23,'2015-04-24 22:53:56'),(6,27,'2019-04-21 03:56:45'),(6,32,'2016-09-08 20:11:53'),(6,58,'2012-11-23 13:37:49'),(6,67,'2012-11-23 16:38:05'),(6,72,'2018-12-11 12:47:35'),(6,79,'2018-01-13 04:53:16'),(6,89,'2013-01-30 05:50:03'),(6,93,'2015-10-23 15:11:09'),(6,98,'2015-10-16 00:03:57'),(7,1,'2020-02-20 07:21:36'),(7,4,'2015-03-27 22:05:17'),(7,5,'2012-04-25 06:27:52'),(7,31,'2013-07-13 14:54:56'),(7,33,'2016-11-10 09:09:22'),(7,41,'2011-06-22 12:35:34'),(7,54,'2019-07-21 16:48:01'),(7,57,'2019-02-09 11:46:47'),(7,74,'2017-04-30 02:19:52'),(7,91,'2020-06-20 06:21:25'),(8,18,'2017-09-05 06:31:29'),(8,24,'2012-09-02 12:31:58'),(8,26,'2013-02-06 18:21:55'),(8,37,'2011-04-11 18:51:22'),(8,48,'2014-02-18 04:18:28'),(8,51,'2011-07-01 16:12:01'),(8,69,'2015-09-15 07:19:36'),(8,81,'2018-01-18 18:50:41'),(8,82,'2012-09-20 00:04:51'),(8,95,'2019-05-20 08:13:36');
/*!40000 ALTER TABLE `communities_users` ENABLE KEYS */;
UNLOCK TABLES;

--
-- Table structure for table `friendship`
--

DROP TABLE IF EXISTS `friendship`;
/*!40101 SET @saved_cs_client     = @@character_set_client */;
/*!40101 SET character_set_client = utf8 */;
CREATE TABLE `friendship` (
  `user_id` int(10) unsigned NOT NULL COMMENT 'Ссылка на инициатора дружеских отношений',
  `friend_id` int(10) unsigned NOT NULL COMMENT 'Ссылка на получателя приглашения дружить',
  `status_id` int(10) unsigned NOT NULL COMMENT 'Ссылка на статус (текущее состояние) отношений',
  `confirmed_at` datetime DEFAULT NULL COMMENT 'Время подтверждения приглашения',
  `created_at` datetime DEFAULT CURRENT_TIMESTAMP COMMENT 'Время создания строки',
  `updated_at` datetime DEFAULT CURRENT_TIMESTAMP ON UPDATE CURRENT_TIMESTAMP COMMENT 'Время обновления строки',
  PRIMARY KEY (`user_id`,`friend_id`) COMMENT 'Составной первичный ключ',
  KEY `friendship_community_friend_id_fk` (`friend_id`),
  KEY `friendship_status_id_fk` (`status_id`),
  CONSTRAINT `friendship_community_friend_id_fk` FOREIGN KEY (`friend_id`) REFERENCES `users` (`id`),
  CONSTRAINT `friendship_community_user_id_fk` FOREIGN KEY (`user_id`) REFERENCES `users` (`id`),
  CONSTRAINT `friendship_status_id_fk` FOREIGN KEY (`status_id`) REFERENCES `friendship_statuses` (`id`)
) ENGINE=InnoDB DEFAULT CHARSET=utf8mb4 COLLATE=utf8mb4_unicode_ci COMMENT='Таблица дружбы';
/*!40101 SET character_set_client = @saved_cs_client */;

--
-- Dumping data for table `friendship`
--

LOCK TABLES `friendship` WRITE;
/*!40000 ALTER TABLE `friendship` DISABLE KEYS */;
INSERT INTO `friendship` VALUES (1,49,1,NULL,'2020-05-14 15:42:13','2020-05-14 15:42:13'),(1,97,2,'2020-10-09 20:06:27','2020-09-26 20:06:27','2020-10-09 20:06:27'),(2,8,1,NULL,'2020-03-06 14:33:33','2020-03-06 14:33:33'),(2,62,3,NULL,'2020-04-18 19:38:06','2020-05-15 19:38:06'),(3,26,3,NULL,'2020-09-07 05:54:46','2020-10-05 05:54:46'),(3,63,1,NULL,'2020-04-29 14:39:16','2020-04-29 14:39:16'),(4,94,2,'2020-08-03 21:55:58','2020-07-12 21:55:58','2020-08-03 21:55:58'),(4,96,3,NULL,'2020-03-03 02:53:34','2020-04-01 02:53:34'),(6,66,1,NULL,'2020-05-05 00:00:47','2020-05-05 00:00:47'),(6,80,2,'2020-03-31 05:04:02','2020-03-19 05:04:02','2020-03-31 05:04:02'),(9,59,3,NULL,'2020-09-29 02:56:43','2020-10-02 02:56:43'),(10,52,2,'2020-04-01 09:18:17','2020-03-11 09:18:17','2020-04-01 09:18:17'),(10,97,1,NULL,'2020-03-04 07:37:00','2020-03-04 07:37:00'),(12,61,2,'2020-09-30 13:11:32','2020-09-23 13:11:32','2020-09-30 13:11:32'),(14,2,3,NULL,'2020-09-03 22:58:36','2020-09-19 22:58:36'),(15,48,1,NULL,'2020-05-16 03:47:26','2020-05-16 03:47:26'),(16,46,3,NULL,'2020-01-31 01:20:12','2020-02-10 01:20:12'),(16,97,1,NULL,'2020-09-17 14:47:22','2020-09-17 14:47:22'),(17,39,3,NULL,'2020-09-23 13:26:11','2020-09-24 13:26:11'),(17,51,2,'2020-09-17 03:02:26','2020-09-13 03:02:26','2020-09-17 03:02:26'),(17,79,1,NULL,'2020-03-17 20:02:06','2020-03-17 20:02:06'),(17,80,3,NULL,'2020-08-31 17:41:24','2020-09-07 17:41:24'),(18,96,2,'2020-03-12 21:11:26','2020-02-12 21:11:26','2020-03-12 21:11:26'),(18,97,1,NULL,'2020-03-25 11:11:44','2020-03-25 11:11:44'),(22,32,1,NULL,'2020-07-07 10:11:26','2020-07-07 10:11:26'),(22,63,3,NULL,'2020-09-25 20:31:15','2020-09-26 20:31:15'),(23,20,1,NULL,'2020-02-12 21:46:23','2020-02-12 21:46:23'),(24,30,2,'2020-04-13 06:11:37','2020-03-31 06:11:37','2020-04-13 06:11:37'),(26,67,1,NULL,'2020-10-04 23:26:57','2020-10-04 23:26:57'),(28,10,1,NULL,'2020-09-17 13:21:32','2020-09-17 13:21:32'),(28,50,2,'2020-09-26 20:27:40','2020-09-19 20:27:40','2020-09-26 20:27:40'),(29,1,3,NULL,'2020-10-12 20:19:36','2020-10-25 20:19:36'),(29,48,1,NULL,'2020-01-01 16:58:32','2020-01-01 16:58:32'),(29,89,2,'2020-10-25 13:10:30','2020-09-30 13:10:30','2020-10-25 13:10:30'),(30,44,2,'2020-10-13 14:25:15','2020-10-01 14:25:15','2020-10-13 14:25:15'),(31,97,3,NULL,'2020-08-17 04:55:38','2020-09-16 04:55:38'),(33,41,1,NULL,'2020-09-04 19:30:17','2020-09-04 19:30:17'),(33,66,3,NULL,'2020-07-31 05:42:53','2020-08-23 05:42:53'),(34,19,2,'2020-06-14 22:10:53','2020-05-30 22:10:53','2020-06-14 22:10:53'),(39,2,3,NULL,'2020-04-07 03:06:20','2020-05-01 03:06:20'),(40,51,3,NULL,'2020-04-08 15:44:22','2020-04-27 15:44:22'),(40,63,3,NULL,'2020-03-22 09:47:20','2020-04-12 09:47:20'),(42,35,2,'2020-10-27 22:56:22','2020-10-20 22:56:22','2020-10-27 22:56:22'),(43,5,1,NULL,'2020-04-22 05:25:28','2020-04-22 05:25:28'),(44,33,3,NULL,'2020-04-22 16:10:12','2020-05-12 16:10:12'),(44,62,2,'2020-07-02 21:54:01','2020-06-09 21:54:01','2020-07-02 21:54:01'),(44,89,1,NULL,'2020-09-02 03:28:32','2020-09-02 03:28:32'),(45,77,2,'2020-02-19 13:21:14','2020-01-20 13:21:14','2020-02-19 13:21:14'),(46,11,2,'2020-10-15 11:30:25','2020-09-22 11:30:25','2020-10-15 11:30:25'),(47,84,3,NULL,'2020-05-29 05:23:03','2020-06-05 05:23:03'),(48,50,1,NULL,'2020-03-15 10:36:13','2020-03-15 10:36:13'),(49,40,2,'2020-04-24 11:58:39','2020-04-01 11:58:39','2020-04-24 11:58:39'),(50,8,2,'2020-08-23 10:47:07','2020-08-06 10:47:07','2020-08-23 10:47:07'),(50,33,2,'2020-10-29 06:10:31','2020-10-13 06:10:31','2020-10-29 06:10:31'),(51,15,1,NULL,'2020-06-02 05:44:18','2020-06-02 05:44:18'),(52,14,3,NULL,'2020-08-22 15:50:22','2020-08-26 15:50:22'),(53,50,1,NULL,'2020-03-05 12:36:27','2020-03-05 12:36:27'),(54,71,2,'2020-04-17 15:36:00','2020-03-20 15:36:00','2020-04-17 15:36:00'),(55,62,3,NULL,'2020-08-20 13:05:30','2020-09-15 13:05:30'),(55,85,3,NULL,'2020-11-06 14:18:12','2020-11-07 14:18:12'),(55,98,2,'2020-12-08 11:34:11','2020-11-08 11:34:11','2020-12-08 11:34:11'),(56,71,2,'2020-01-29 02:01:08','2020-01-22 02:01:08','2020-01-29 02:01:08'),(57,83,1,NULL,'2020-09-01 17:11:47','2020-09-01 17:11:47'),(58,5,2,'2020-10-07 18:13:22','2020-10-01 18:13:22','2020-10-07 18:13:22'),(58,11,2,'2020-08-22 19:02:37','2020-08-16 19:02:37','2020-08-22 19:02:37'),(58,34,3,NULL,'2020-07-25 12:47:39','2020-08-09 12:47:39'),(59,21,1,NULL,'2020-04-08 15:56:06','2020-04-08 15:56:06'),(59,28,3,NULL,'2020-05-01 09:02:52','2020-05-11 09:02:52'),(60,17,1,NULL,'2020-01-21 23:02:11','2020-01-21 23:02:11'),(64,70,3,NULL,'2020-08-11 14:52:04','2020-08-16 14:52:04'),(65,19,2,'2020-11-03 08:06:18','2020-10-23 08:06:18','2020-11-03 08:06:18'),(66,100,1,NULL,'2020-10-06 20:45:07','2020-10-06 20:45:07'),(68,50,3,NULL,'2020-09-05 13:51:28','2020-09-28 13:51:28'),(69,65,1,NULL,'2020-09-13 10:34:09','2020-09-13 10:34:09'),(70,37,3,NULL,'2020-09-27 18:52:23','2020-10-08 18:52:23'),(71,68,1,NULL,'2020-03-27 13:19:55','2020-03-27 13:19:55'),(73,22,1,NULL,'2020-03-02 02:25:24','2020-03-02 02:25:24'),(76,69,1,NULL,'2020-09-29 00:16:48','2020-09-29 00:16:48'),(78,38,2,'2020-09-17 08:43:00','2020-09-09 08:43:00','2020-09-17 08:43:00'),(79,8,2,'2020-08-12 08:00:38','2020-08-07 08:00:38','2020-08-12 08:00:38'),(80,59,3,NULL,'2020-04-21 15:49:48','2020-05-08 15:49:48'),(81,12,2,'2020-10-02 15:40:24','2020-09-30 15:40:24','2020-10-02 15:40:24'),(81,15,1,NULL,'2020-06-28 02:40:32','2020-06-28 02:40:32'),(82,69,3,NULL,'2020-04-14 02:12:07','2020-05-06 02:12:07'),(83,58,3,NULL,'2020-09-23 10:16:15','2020-10-22 10:16:15'),(83,80,1,NULL,'2020-09-11 07:46:25','2020-09-11 07:46:25'),(88,25,2,'2020-11-13 15:07:43','2020-10-18 15:07:43','2020-11-13 15:07:43'),(88,76,1,NULL,'2020-10-19 15:51:06','2020-10-19 15:51:06'),(89,55,2,'2020-01-24 15:59:56','2020-01-22 15:59:56','2020-01-24 15:59:56'),(89,95,3,NULL,'2020-08-14 08:10:04','2020-08-30 08:10:04'),(90,26,3,NULL,'2020-07-05 00:32:26','2020-07-30 00:32:26'),(91,44,1,NULL,'2020-02-11 16:00:09','2020-02-11 16:00:09'),(91,51,1,NULL,'2020-10-09 17:04:42','2020-10-09 17:04:42'),(91,98,1,NULL,'2020-05-25 06:54:29','2020-05-25 06:54:29'),(92,17,2,'2020-03-26 06:49:35','2020-03-06 06:49:35','2020-03-26 06:49:35'),(93,66,2,'2020-10-21 12:35:49','2020-10-16 12:35:49','2020-10-21 12:35:49'),(94,71,2,'2020-05-05 21:57:34','2020-04-10 21:57:34','2020-05-05 21:57:34'),(95,60,1,NULL,'2020-02-06 16:53:24','2020-02-06 16:53:24'),(95,86,1,NULL,'2020-10-08 17:43:03','2020-10-08 17:43:03'),(100,15,1,NULL,'2020-02-02 17:57:59','2020-02-02 17:57:59');
/*!40000 ALTER TABLE `friendship` ENABLE KEYS */;
UNLOCK TABLES;

--
-- Table structure for table `friendship_statuses`
--

DROP TABLE IF EXISTS `friendship_statuses`;
/*!40101 SET @saved_cs_client     = @@character_set_client */;
/*!40101 SET character_set_client = utf8 */;
CREATE TABLE `friendship_statuses` (
  `id` int(10) unsigned NOT NULL AUTO_INCREMENT COMMENT 'Идентификатор строки',
  `name` varchar(150) COLLATE utf8mb4_unicode_ci NOT NULL COMMENT 'Название статуса',
  `created_at` datetime DEFAULT CURRENT_TIMESTAMP COMMENT 'Время создания строки',
  `updated_at` datetime DEFAULT CURRENT_TIMESTAMP ON UPDATE CURRENT_TIMESTAMP COMMENT 'Время обновления строки',
  PRIMARY KEY (`id`),
  UNIQUE KEY `name` (`name`)
) ENGINE=InnoDB AUTO_INCREMENT=4 DEFAULT CHARSET=utf8mb4 COLLATE=utf8mb4_unicode_ci COMMENT='Статусы дружбы';
/*!40101 SET character_set_client = @saved_cs_client */;

--
-- Dumping data for table `friendship_statuses`
--

LOCK TABLES `friendship_statuses` WRITE;
/*!40000 ALTER TABLE `friendship_statuses` DISABLE KEYS */;
INSERT INTO `friendship_statuses` VALUES (1,'Requested','2020-11-16 17:49:36','2020-11-16 17:49:36'),(2,'Confirmed','2020-11-16 17:49:36','2020-11-16 17:49:36'),(3,'Rejected','2020-11-16 17:49:36','2020-11-16 17:49:36');
/*!40000 ALTER TABLE `friendship_statuses` ENABLE KEYS */;
UNLOCK TABLES;

--
-- Table structure for table `likes`
--

DROP TABLE IF EXISTS `likes`;
/*!40101 SET @saved_cs_client     = @@character_set_client */;
/*!40101 SET character_set_client = utf8 */;
CREATE TABLE `likes` (
  `id` int(10) unsigned NOT NULL AUTO_INCREMENT,
  `user_id` int(10) unsigned NOT NULL,
  `target_id` int(10) unsigned NOT NULL,
  `target_type_id` int(10) unsigned NOT NULL,
  `created_at` datetime DEFAULT CURRENT_TIMESTAMP,
  PRIMARY KEY (`id`),
  KEY `likes_target_type_id_fk` (`target_type_id`),
  KEY `likes_user_id_fk` (`user_id`),
  CONSTRAINT `likes_target_type_id_fk` FOREIGN KEY (`target_type_id`) REFERENCES `target_types` (`id`),
  CONSTRAINT `likes_user_id_fk` FOREIGN KEY (`user_id`) REFERENCES `users` (`id`)
) ENGINE=InnoDB AUTO_INCREMENT=251 DEFAULT CHARSET=utf8mb4 COLLATE=utf8mb4_unicode_ci;
/*!40101 SET character_set_client = @saved_cs_client */;

--
-- Dumping data for table `likes`
--

LOCK TABLES `likes` WRITE;
/*!40000 ALTER TABLE `likes` DISABLE KEYS */;
INSERT INTO `likes` VALUES (1,42,93,2,'2020-11-21 20:03:22'),(2,7,25,1,'2020-11-21 20:03:22'),(3,33,58,4,'2020-11-21 20:03:22'),(4,75,4,4,'2020-11-21 20:03:22'),(5,60,18,1,'2020-11-21 20:03:22'),(6,90,22,2,'2020-11-21 20:03:22'),(7,32,41,1,'2020-11-21 20:03:22'),(8,25,93,4,'2020-11-21 20:03:22'),(9,79,18,3,'2020-11-21 20:03:22'),(10,4,66,1,'2020-11-21 20:03:22'),(11,86,79,2,'2020-11-21 20:03:22'),(12,45,14,2,'2020-11-21 20:03:22'),(13,41,94,2,'2020-11-21 20:03:22'),(14,49,6,4,'2020-11-21 20:03:22'),(15,1,53,3,'2020-11-21 20:03:22'),(16,39,15,3,'2020-11-21 20:03:22'),(17,46,55,2,'2020-11-21 20:03:22'),(18,17,74,1,'2020-11-21 20:03:22'),(19,82,45,4,'2020-11-21 20:03:22'),(20,55,41,2,'2020-11-21 20:03:22'),(21,74,52,2,'2020-11-21 20:03:22'),(22,25,17,1,'2020-11-21 20:03:22'),(23,98,57,4,'2020-11-21 20:03:22'),(24,94,88,3,'2020-11-21 20:03:22'),(25,28,65,2,'2020-11-21 20:03:22'),(26,100,81,1,'2020-11-21 20:03:22'),(27,83,100,2,'2020-11-21 20:03:22'),(28,44,73,2,'2020-11-21 20:03:22'),(29,49,42,3,'2020-11-21 20:03:22'),(30,90,59,1,'2020-11-21 20:03:22'),(31,41,34,2,'2020-11-21 20:03:22'),(32,39,47,1,'2020-11-21 20:03:22'),(33,45,73,2,'2020-11-21 20:03:22'),(34,21,20,2,'2020-11-21 20:03:22'),(35,29,29,3,'2020-11-21 20:03:22'),(36,96,12,3,'2020-11-21 20:03:22'),(37,12,49,1,'2020-11-21 20:03:22'),(38,7,2,4,'2020-11-21 20:03:22'),(39,27,74,4,'2020-11-21 20:03:22'),(40,31,81,1,'2020-11-21 20:03:22'),(41,20,59,2,'2020-11-21 20:03:22'),(42,100,95,3,'2020-11-21 20:03:22'),(43,85,1,3,'2020-11-21 20:03:22'),(44,55,19,2,'2020-11-21 20:03:22'),(45,95,81,1,'2020-11-21 20:03:22'),(46,53,7,3,'2020-11-21 20:03:22'),(47,55,49,4,'2020-11-21 20:03:22'),(48,45,91,1,'2020-11-21 20:03:22'),(49,23,58,1,'2020-11-21 20:03:22'),(50,22,53,4,'2020-11-21 20:03:22'),(51,23,24,3,'2020-11-21 20:03:22'),(52,89,85,3,'2020-11-21 20:03:22'),(53,47,52,1,'2020-11-21 20:03:22'),(54,31,1,1,'2020-11-21 20:03:22'),(55,62,71,3,'2020-11-21 20:03:22'),(56,27,30,3,'2020-11-21 20:03:22'),(57,47,34,2,'2020-11-21 20:03:22'),(58,33,83,1,'2020-11-21 20:03:22'),(59,33,16,4,'2020-11-21 20:03:22'),(60,43,78,3,'2020-11-21 20:03:22'),(61,84,27,4,'2020-11-21 20:03:22'),(62,40,46,1,'2020-11-21 20:03:22'),(63,15,42,3,'2020-11-21 20:03:22'),(64,91,65,2,'2020-11-21 20:03:22'),(65,57,34,4,'2020-11-21 20:03:22'),(66,87,40,2,'2020-11-21 20:03:22'),(67,67,23,1,'2020-11-21 20:03:22'),(68,92,25,2,'2020-11-21 20:03:22'),(69,59,53,4,'2020-11-21 20:03:22'),(70,73,6,1,'2020-11-21 20:03:22'),(71,32,31,3,'2020-11-21 20:03:22'),(72,96,4,2,'2020-11-21 20:03:22'),(73,47,39,3,'2020-11-21 20:03:22'),(74,56,13,4,'2020-11-21 20:03:22'),(75,45,32,2,'2020-11-21 20:03:22'),(76,42,28,1,'2020-11-21 20:03:22'),(77,68,10,2,'2020-11-21 20:03:22'),(78,85,96,2,'2020-11-21 20:03:22'),(79,43,33,2,'2020-11-21 20:03:22'),(80,90,35,1,'2020-11-21 20:03:22'),(81,24,3,2,'2020-11-21 20:03:22'),(82,3,86,1,'2020-11-21 20:03:22'),(83,37,29,2,'2020-11-21 20:03:22'),(84,73,70,2,'2020-11-21 20:03:22'),(85,29,63,2,'2020-11-21 20:03:22'),(86,42,33,2,'2020-11-21 20:03:22'),(87,82,1,3,'2020-11-21 20:03:22'),(88,89,70,4,'2020-11-21 20:03:22'),(89,1,57,4,'2020-11-21 20:03:22'),(90,28,2,2,'2020-11-21 20:03:22'),(91,24,40,2,'2020-11-21 20:03:22'),(92,21,19,2,'2020-11-21 20:03:22'),(93,95,85,2,'2020-11-21 20:03:22'),(94,45,2,3,'2020-11-21 20:03:22'),(95,70,25,1,'2020-11-21 20:03:22'),(96,98,44,2,'2020-11-21 20:03:22'),(97,5,41,4,'2020-11-21 20:03:22'),(98,17,23,3,'2020-11-21 20:03:22'),(99,43,25,4,'2020-11-21 20:03:22'),(100,9,54,2,'2020-11-21 20:03:22'),(101,47,10,1,'2020-11-21 20:03:22'),(102,6,10,2,'2020-11-21 20:03:22'),(103,14,85,4,'2020-11-21 20:03:22'),(104,50,7,4,'2020-11-21 20:03:22'),(105,90,3,2,'2020-11-21 20:03:22'),(106,19,57,2,'2020-11-21 20:03:22'),(107,66,45,2,'2020-11-21 20:03:22'),(108,5,41,4,'2020-11-21 20:03:22'),(109,21,37,1,'2020-11-21 20:03:22'),(110,91,96,1,'2020-11-21 20:03:22'),(111,30,39,1,'2020-11-21 20:03:22'),(112,4,8,2,'2020-11-21 20:03:22'),(113,13,81,3,'2020-11-21 20:03:22'),(114,93,62,2,'2020-11-21 20:03:22'),(115,60,14,4,'2020-11-21 20:03:22'),(116,92,100,1,'2020-11-21 20:03:22'),(117,13,97,2,'2020-11-21 20:03:22'),(118,27,3,2,'2020-11-21 20:03:22'),(119,63,11,3,'2020-11-21 20:03:22'),(120,94,74,4,'2020-11-21 20:03:22'),(121,7,79,3,'2020-11-21 20:03:22'),(122,28,19,1,'2020-11-21 20:03:22'),(123,95,45,2,'2020-11-21 20:03:22'),(124,64,98,4,'2020-11-21 20:03:22'),(125,95,79,1,'2020-11-21 20:03:22'),(126,22,71,4,'2020-11-21 20:03:22'),(127,43,39,3,'2020-11-21 20:03:22'),(128,16,80,2,'2020-11-21 20:03:22'),(129,9,94,2,'2020-11-21 20:03:22'),(130,34,39,4,'2020-11-21 20:03:22'),(131,47,57,2,'2020-11-21 20:03:22'),(132,33,43,1,'2020-11-21 20:03:22'),(133,44,75,2,'2020-11-21 20:03:22'),(134,90,22,2,'2020-11-21 20:03:22'),(135,29,28,3,'2020-11-21 20:03:22'),(136,69,95,3,'2020-11-21 20:03:22'),(137,38,96,3,'2020-11-21 20:03:22'),(138,42,11,2,'2020-11-21 20:03:22'),(139,14,80,3,'2020-11-21 20:03:22'),(140,41,36,3,'2020-11-21 20:03:22'),(141,69,78,4,'2020-11-21 20:03:22'),(142,87,80,2,'2020-11-21 20:03:22'),(143,63,92,3,'2020-11-21 20:03:22'),(144,80,85,4,'2020-11-21 20:03:22'),(145,70,96,3,'2020-11-21 20:03:22'),(146,48,38,2,'2020-11-21 20:03:22'),(147,18,48,4,'2020-11-21 20:03:22'),(148,91,93,4,'2020-11-21 20:03:22'),(149,83,35,2,'2020-11-21 20:03:22'),(150,33,79,4,'2020-11-21 20:03:22'),(151,52,63,3,'2020-11-21 20:03:22'),(152,15,92,1,'2020-11-21 20:03:22'),(153,99,48,2,'2020-11-21 20:03:22'),(154,64,97,4,'2020-11-21 20:03:22'),(155,57,16,1,'2020-11-21 20:03:22'),(156,2,80,4,'2020-11-21 20:03:22'),(157,17,11,1,'2020-11-21 20:03:22'),(158,73,61,4,'2020-11-21 20:03:22'),(159,44,63,4,'2020-11-21 20:03:22'),(160,29,94,4,'2020-11-21 20:03:22'),(161,32,10,3,'2020-11-21 20:03:22'),(162,41,42,4,'2020-11-21 20:03:22'),(163,7,75,3,'2020-11-21 20:03:22'),(164,39,36,3,'2020-11-21 20:03:22'),(165,95,92,3,'2020-11-21 20:03:22'),(166,92,38,1,'2020-11-21 20:03:22'),(167,56,38,1,'2020-11-21 20:03:22'),(168,96,13,4,'2020-11-21 20:03:22'),(169,50,13,1,'2020-11-21 20:03:22'),(170,46,78,3,'2020-11-21 20:03:22'),(171,26,73,4,'2020-11-21 20:03:22'),(172,14,10,1,'2020-11-21 20:03:22'),(173,99,79,4,'2020-11-21 20:03:22'),(174,40,14,3,'2020-11-21 20:03:22'),(175,12,5,4,'2020-11-21 20:03:22'),(176,24,55,1,'2020-11-21 20:03:22'),(177,48,33,1,'2020-11-21 20:03:22'),(178,100,40,4,'2020-11-21 20:03:22'),(179,71,61,4,'2020-11-21 20:03:22'),(180,68,67,2,'2020-11-21 20:03:22'),(181,57,88,3,'2020-11-21 20:03:22'),(182,82,3,3,'2020-11-21 20:03:22'),(183,29,42,1,'2020-11-21 20:03:22'),(184,90,80,2,'2020-11-21 20:03:22'),(185,7,46,1,'2020-11-21 20:03:22'),(186,99,74,3,'2020-11-21 20:03:22'),(187,26,21,2,'2020-11-21 20:03:22'),(188,67,57,4,'2020-11-21 20:03:22'),(189,48,86,4,'2020-11-21 20:03:22'),(190,78,28,1,'2020-11-21 20:03:22'),(191,41,89,1,'2020-11-21 20:03:22'),(192,48,68,4,'2020-11-21 20:03:22'),(193,71,71,2,'2020-11-21 20:03:22'),(194,86,10,4,'2020-11-21 20:03:22'),(195,26,55,4,'2020-11-21 20:03:22'),(196,12,76,2,'2020-11-21 20:03:22'),(197,78,68,1,'2020-11-21 20:03:22'),(198,10,40,3,'2020-11-21 20:03:22'),(199,38,72,2,'2020-11-21 20:03:22'),(200,12,24,4,'2020-11-21 20:03:22'),(201,37,40,4,'2020-11-21 20:03:22'),(202,26,62,2,'2020-11-21 20:03:22'),(203,65,32,3,'2020-11-21 20:03:22'),(204,27,39,1,'2020-11-21 20:03:22'),(205,55,33,4,'2020-11-21 20:03:22'),(206,95,76,4,'2020-11-21 20:03:22'),(207,58,96,1,'2020-11-21 20:03:22'),(208,45,2,4,'2020-11-21 20:03:22'),(209,80,68,4,'2020-11-21 20:03:22'),(210,94,72,3,'2020-11-21 20:03:22'),(211,55,52,4,'2020-11-21 20:03:22'),(212,21,18,2,'2020-11-21 20:03:22'),(213,75,97,3,'2020-11-21 20:03:22'),(214,13,80,3,'2020-11-21 20:03:22'),(215,63,35,4,'2020-11-21 20:03:22'),(216,7,88,1,'2020-11-21 20:03:22'),(217,29,88,3,'2020-11-21 20:03:22'),(218,99,37,4,'2020-11-21 20:03:22'),(219,22,50,4,'2020-11-21 20:03:22'),(220,73,9,1,'2020-11-21 20:03:22'),(221,95,100,1,'2020-11-21 20:03:22'),(222,85,71,4,'2020-11-21 20:03:22'),(223,86,32,1,'2020-11-21 20:03:22'),(224,7,31,2,'2020-11-21 20:03:22'),(225,76,79,3,'2020-11-21 20:03:22'),(226,88,45,3,'2020-11-21 20:03:22'),(227,57,11,4,'2020-11-21 20:03:22'),(228,80,53,1,'2020-11-21 20:03:22'),(229,63,39,1,'2020-11-21 20:03:22'),(230,6,17,3,'2020-11-21 20:03:22'),(231,86,24,3,'2020-11-21 20:03:22'),(232,50,57,2,'2020-11-21 20:03:22'),(233,87,38,2,'2020-11-21 20:03:22'),(234,37,93,3,'2020-11-21 20:03:22'),(235,92,95,4,'2020-11-21 20:03:22'),(236,15,74,1,'2020-11-21 20:03:22'),(237,91,87,3,'2020-11-21 20:03:22'),(238,43,31,1,'2020-11-21 20:03:22'),(239,33,91,3,'2020-11-21 20:03:22'),(240,91,96,1,'2020-11-21 20:03:22'),(241,49,23,3,'2020-11-21 20:03:22'),(242,61,5,2,'2020-11-21 20:03:22'),(243,93,38,1,'2020-11-21 20:03:22'),(244,40,69,1,'2020-11-21 20:03:22'),(245,4,51,2,'2020-11-21 20:03:22'),(246,72,23,4,'2020-11-21 20:03:22'),(247,25,28,3,'2020-11-21 20:03:22'),(248,34,80,4,'2020-11-21 20:03:22'),(249,36,95,3,'2020-11-21 20:03:22'),(250,54,63,3,'2020-11-21 20:03:22');
/*!40000 ALTER TABLE `likes` ENABLE KEYS */;
UNLOCK TABLES;

--
-- Table structure for table `media`
--

DROP TABLE IF EXISTS `media`;
/*!40101 SET @saved_cs_client     = @@character_set_client */;
/*!40101 SET character_set_client = utf8 */;
CREATE TABLE `media` (
  `id` int(10) unsigned NOT NULL AUTO_INCREMENT COMMENT 'Идентификатор строки',
  `user_id` int(10) unsigned NOT NULL COMMENT 'Ссылка на пользователя, который загрузил файл',
  `filename` varchar(255) COLLATE utf8mb4_unicode_ci NOT NULL COMMENT 'Путь к файлу',
  `size` int(11) NOT NULL COMMENT 'Размер файла',
  `metadata` json DEFAULT NULL,
  `media_type_id` int(10) unsigned NOT NULL COMMENT 'Ссылка на тип контента',
  `created_at` datetime DEFAULT CURRENT_TIMESTAMP COMMENT 'Время создания строки',
  `updated_at` datetime DEFAULT CURRENT_TIMESTAMP ON UPDATE CURRENT_TIMESTAMP COMMENT 'Время обновления строки',
  PRIMARY KEY (`id`),
  KEY `media_media_type_id_fk` (`media_type_id`),
  KEY `media_user_id_fk` (`user_id`),
  CONSTRAINT `media_media_type_id_fk` FOREIGN KEY (`media_type_id`) REFERENCES `media_types` (`id`),
  CONSTRAINT `media_user_id_fk` FOREIGN KEY (`user_id`) REFERENCES `users` (`id`)
) ENGINE=InnoDB AUTO_INCREMENT=174 DEFAULT CHARSET=utf8mb4 COLLATE=utf8mb4_unicode_ci COMMENT='Медиафайлы';
/*!40101 SET character_set_client = @saved_cs_client */;

--
-- Dumping data for table `media`
--

LOCK TABLES `media` WRITE;
/*!40000 ALTER TABLE `media` DISABLE KEYS */;
INSERT INTO `media` VALUES (1,50,'http://dropbox.net/vk/Non perspiciatis est ipsam provident est.avi',2147483647,'{\"owner\": \"Simone Effertz\"}',2,'2014-02-22 16:14:42','2020-11-16 17:46:15'),(2,9,'http://dropbox.net/vk/Vitae eveniet incidunt qui est dolor est.jpeg',2147483647,'{\"owner\": \"Nikolas Hirthe\"}',1,'2014-03-24 03:58:00','2020-11-16 17:46:15'),(3,94,'http://dropbox.net/vk/Nihil adipisci labore vero quibusdam.png',2147483647,'{\"owner\": \"Ramon Orn\"}',1,'2015-09-03 02:47:01','2020-11-16 17:46:15'),(4,43,'http://dropbox.net/vk/Molestiae incidunt aut omnis aliquam.png',2147483647,'{\"owner\": \"Christelle Heidenreich\"}',1,'2016-06-10 04:07:08','2020-11-16 17:46:15'),(5,34,'http://dropbox.net/vk/Rerum qui amet reprehenderit illo culpa vel.png',1790180290,'{\"owner\": \"Ines Hoeger\"}',1,'2019-09-02 08:28:50','2020-11-16 17:46:15'),(6,41,'http://dropbox.net/vk/Non nihil harum magnam qui corrupti.avi',2147483647,'{\"owner\": \"Theodora Hackett\"}',2,'2017-10-15 20:43:50','2020-11-16 17:46:15'),(7,100,'http://dropbox.net/vk/Eaque et architecto inventore velit odio rerum ab.png',2147483647,'{\"owner\": \"Trevion Gulgowski\"}',1,'2017-07-11 09:53:47','2020-11-16 17:46:15'),(8,77,'http://dropbox.net/vk/Eum iste quasi possimus voluptatibus amet aut.jpeg',2147483647,'{\"owner\": \"Drake Klein\"}',1,'2013-01-24 14:20:51','2020-11-16 17:46:15'),(9,83,'http://dropbox.net/vk/Dolorum expedita voluptatum dolorem voluptatum.mpeg',839678235,'{\"owner\": \"Dane Gusikowski\"}',3,'2016-12-12 14:35:55','2020-11-16 17:46:15'),(10,84,'http://dropbox.net/vk/Totam nemo consequuntur assumenda est.mpeg',2083011106,'{\"owner\": \"Torrance Herzog\"}',3,'2016-08-12 20:48:08','2020-11-16 17:46:15'),(11,73,'http://dropbox.net/vk/Omnis mollitia et eveniet et quidem porro quo.jpeg',2147483647,'{\"owner\": \"Adah Wolf\"}',1,'2012-02-12 06:50:53','2020-11-16 17:46:15'),(12,9,'http://dropbox.net/vk/Omnis tempore corporis nisi quia numquam qui.mpeg',2147483647,'{\"owner\": \"Nikolas Hirthe\"}',3,'2015-11-03 17:34:06','2020-11-16 17:46:15'),(13,28,'http://dropbox.net/vk/Laboriosam libero vel architecto officia velit at.jpeg',2147483647,'{\"owner\": \"Makenna Kovacek\"}',1,'2011-08-10 12:49:31','2020-11-16 17:46:15'),(14,10,'http://dropbox.net/vk/Quis occaecati magni fugiat fuga.mpeg',2147483647,'{\"owner\": \"Kristy Schuppe\"}',3,'2014-09-28 08:28:42','2020-11-16 17:46:15'),(15,68,'http://dropbox.net/vk/Qui quis repellat esse molestias repudiandae sint iusto quos.mpeg',1159865120,'{\"owner\": \"Dax Pagac\"}',3,'2013-06-04 12:24:57','2020-11-16 17:46:15'),(16,9,'http://dropbox.net/vk/Enim voluptatem laudantium vero.mpeg',2147483647,'{\"owner\": \"Nikolas Hirthe\"}',3,'2013-04-18 13:45:09','2020-11-16 17:46:15'),(17,38,'http://dropbox.net/vk/Architecto velit aperiam magni aperiam consequuntur cumque.avi',540267401,'{\"owner\": \"Kelly Stamm\"}',2,'2018-03-26 19:17:01','2020-11-16 17:46:15'),(18,66,'http://dropbox.net/vk/Perferendis vero unde nemo nobis impedit.avi',1002128045,'{\"owner\": \"Jayce Baumbach\"}',2,'2011-06-02 12:00:15','2020-11-16 17:46:15'),(19,13,'http://dropbox.net/vk/Vitae sed eos nesciunt et est tenetur facilis nemo.png',2147483647,'{\"owner\": \"Edd Kuhn\"}',1,'2016-03-06 21:39:10','2020-11-16 17:46:15'),(20,67,'http://dropbox.net/vk/Dolor numquam sapiente omnis.mpeg',2147483647,'{\"owner\": \"Citlalli Bergnaum\"}',3,'2011-04-23 22:28:28','2020-11-16 17:46:15'),(21,94,'http://dropbox.net/vk/Et fuga mollitia consequatur voluptas sunt omnis.png',1484881988,'{\"owner\": \"Ramon Orn\"}',1,'2011-06-05 19:28:07','2020-11-16 17:46:15'),(22,71,'http://dropbox.net/vk/Veniam consequatur omnis et temporibus omnis tempore mollitia.mpeg',2147483647,'{\"owner\": \"Fae Cruickshank\"}',3,'2020-10-11 19:46:49','2020-11-16 17:46:15'),(23,73,'http://dropbox.net/vk/Ad et dicta et tenetur.avi',2147483647,'{\"owner\": \"Adah Wolf\"}',2,'2019-08-26 00:32:18','2020-11-16 17:46:15'),(24,51,'http://dropbox.net/vk/Praesentium et similique et.jpeg',2147483647,'{\"owner\": \"Rahsaan Turcotte\"}',1,'2018-09-30 12:08:32','2020-11-16 17:46:15'),(25,35,'http://dropbox.net/vk/Similique rerum dolor adipisci sequi sed molestiae.png',2147483647,'{\"owner\": \"Itzel Kemmer\"}',1,'2013-06-11 14:27:02','2020-11-16 17:46:15'),(26,20,'http://dropbox.net/vk/Et velit repellendus similique sequi totam harum.png',2147483647,'{\"owner\": \"Neal Halvorson\"}',1,'2020-09-24 05:18:37','2020-11-16 17:46:15'),(27,97,'http://dropbox.net/vk/Animi tenetur ut veritatis quisquam voluptatem.jpeg',2147483647,'{\"owner\": \"Percival Considine\"}',1,'2020-04-30 04:52:49','2020-11-16 17:46:15'),(28,24,'http://dropbox.net/vk/Laboriosam et inventore corrupti maiores sint vel eum quod.jpeg',2147483647,'{\"owner\": \"Vance West\"}',1,'2015-06-26 22:42:26','2020-11-16 17:46:15'),(29,29,'http://dropbox.net/vk/Quod autem rerum nesciunt excepturi doloribus ea quisquam.mpeg',2147483647,'{\"owner\": \"Ashleigh Reynolds\"}',3,'2020-05-01 02:34:30','2020-11-16 17:46:15'),(30,74,'http://dropbox.net/vk/Aliquid expedita labore eveniet explicabo quis.jpeg',555824548,'{\"owner\": \"Howell Reichert\"}',1,'2017-08-10 19:14:51','2020-11-16 17:46:15'),(31,79,'http://dropbox.net/vk/Unde ex expedita nihil quibusdam molestias ut.jpeg',2147483647,'{\"owner\": \"Felipe Koepp\"}',1,'2012-08-08 10:17:08','2020-11-16 17:46:15'),(32,76,'http://dropbox.net/vk/Inventore eveniet excepturi et.png',2147483647,'{\"owner\": \"Fay Ledner\"}',1,'2013-05-09 03:47:50','2020-11-16 17:46:15'),(33,40,'http://dropbox.net/vk/Architecto non labore assumenda.png',2147483647,'{\"owner\": \"Anastasia Hoeger\"}',1,'2014-03-19 19:58:12','2020-11-16 17:46:15'),(34,70,'http://dropbox.net/vk/Laboriosam maiores repellendus libero aliquam aut quasi facere.mpeg',2147483647,'{\"owner\": \"Norene Beier\"}',3,'2018-06-16 19:05:27','2020-11-16 17:46:15'),(35,32,'http://dropbox.net/vk/Aut eaque eos voluptatem eaque inventore pariatur consequatur repellat.jpeg',2147483647,'{\"owner\": \"Laury Gorczany\"}',1,'2011-09-01 05:34:23','2020-11-16 17:46:15'),(36,49,'http://dropbox.net/vk/Aut accusantium architecto eos magnam.mpeg',2147483647,'{\"owner\": \"Arnaldo Wunsch\"}',3,'2016-10-30 11:18:49','2020-11-16 17:46:15'),(37,50,'http://dropbox.net/vk/Ducimus vitae sit sint sed autem.jpeg',2147483647,'{\"owner\": \"Simone Effertz\"}',1,'2012-09-11 07:29:54','2020-11-16 17:46:15'),(38,3,'http://dropbox.net/vk/Reprehenderit at est iste sunt ea et.png',2147483647,'{\"owner\": \"Amelia Fritsch\"}',1,'2014-10-30 01:21:59','2020-11-16 17:46:15'),(39,63,'http://dropbox.net/vk/Est blanditiis eum voluptate.png',2147483647,'{\"owner\": \"Fern Rice\"}',1,'2015-04-08 14:03:24','2020-11-16 17:46:15'),(40,4,'http://dropbox.net/vk/Accusantium eos labore incidunt vel consequatur nemo et.jpeg',2147483647,'{\"owner\": \"Octavia Hilll\"}',1,'2017-10-28 16:39:50','2020-11-16 17:46:15'),(41,34,'http://dropbox.net/vk/Quidem animi nesciunt eligendi itaque nisi.avi',240789954,'{\"owner\": \"Ines Hoeger\"}',2,'2020-04-19 19:37:48','2020-11-16 17:46:15'),(42,55,'http://dropbox.net/vk/Consequatur odit deserunt reiciendis qui enim voluptates rem quidem.jpeg',2147483647,'{\"owner\": \"Kelton Rowe\"}',1,'2012-08-16 13:22:15','2020-11-16 17:46:15'),(43,72,'http://dropbox.net/vk/Enim ut necessitatibus aut officia.avi',2147483647,'{\"owner\": \"Edison Trantow\"}',2,'2017-09-09 04:19:34','2020-11-16 17:46:15'),(44,93,'http://dropbox.net/vk/Molestiae ratione consequatur laudantium delectus et occaecati.avi',2147483647,'{\"owner\": \"Kyler Denesik\"}',2,'2016-12-27 04:45:18','2020-11-16 17:46:15'),(45,52,'http://dropbox.net/vk/Velit incidunt dolor velit eaque.jpeg',2147483647,'{\"owner\": \"Winston Moore\"}',1,'2020-05-31 11:40:38','2020-11-16 17:46:15'),(46,78,'http://dropbox.net/vk/Totam vero quos et vero quis et.mpeg',358244385,'{\"owner\": \"Kenny West\"}',3,'2011-05-17 18:26:10','2020-11-16 17:46:15'),(47,36,'http://dropbox.net/vk/Quaerat enim vel veritatis non autem doloribus reiciendis quisquam.mpeg',2147483647,'{\"owner\": \"Stewart Carter\"}',3,'2013-08-06 17:30:11','2020-11-16 17:46:15'),(48,45,'http://dropbox.net/vk/Optio consequatur rem et excepturi.jpeg',2147483647,'{\"owner\": \"Ian Bogan\"}',1,'2013-03-16 13:12:50','2020-11-16 17:46:15'),(49,15,'http://dropbox.net/vk/Dolores ea officiis inventore quis corporis a.jpeg',1903268373,'{\"owner\": \"Zander Leffler\"}',1,'2015-05-01 06:25:43','2020-11-16 17:46:15'),(50,39,'http://dropbox.net/vk/Voluptatum facilis perspiciatis est sapiente iure molestiae dolor.avi',2147483647,'{\"owner\": \"Justice Schroeder\"}',2,'2013-11-25 01:18:31','2020-11-16 17:46:15'),(51,50,'http://dropbox.net/vk/Tempora voluptas veniam ipsa et debitis voluptatem.mpeg',2147483647,'{\"owner\": \"Simone Effertz\"}',3,'2011-08-04 02:06:23','2020-11-16 17:46:15'),(52,33,'http://dropbox.net/vk/Earum soluta ducimus minus dolore ipsam sunt.png',2147483647,'{\"owner\": \"Destiney Von\"}',1,'2019-02-04 21:11:58','2020-11-16 17:46:15'),(53,16,'http://dropbox.net/vk/Aut ut voluptas voluptatibus assumenda et porro voluptas.jpeg',2147483647,'{\"owner\": \"Eugene Schmitt\"}',1,'2016-12-29 20:58:59','2020-11-16 17:46:15'),(54,80,'http://dropbox.net/vk/Vel sint nemo aliquid hic et ipsa ea.jpeg',2147483647,'{\"owner\": \"Jennyfer Keebler\"}',1,'2012-07-08 01:54:45','2020-11-16 17:46:15'),(55,51,'http://dropbox.net/vk/Dolorum occaecati velit quia alias veritatis mollitia.jpeg',2147483647,'{\"owner\": \"Rahsaan Turcotte\"}',1,'2018-03-22 04:06:27','2020-11-16 17:46:15'),(56,15,'http://dropbox.net/vk/Quae ut officia enim quia consequuntur dicta.png',2147483647,'{\"owner\": \"Zander Leffler\"}',1,'2014-08-03 18:51:10','2020-11-16 17:46:15'),(57,23,'http://dropbox.net/vk/Hic est recusandae dignissimos dicta vel fugiat saepe.jpeg',2147483647,'{\"owner\": \"Ramona Hoeger\"}',1,'2019-11-23 12:17:10','2020-11-16 17:46:15'),(58,67,'http://dropbox.net/vk/Eos alias asperiores id quibusdam quae.avi',2147483647,'{\"owner\": \"Citlalli Bergnaum\"}',2,'2012-01-20 07:43:28','2020-11-16 17:46:15'),(59,67,'http://dropbox.net/vk/Itaque ipsum natus reiciendis sunt.mpeg',2147483647,'{\"owner\": \"Citlalli Bergnaum\"}',3,'2011-11-07 15:33:04','2020-11-16 17:46:15'),(60,35,'http://dropbox.net/vk/Eaque autem ipsa ullam ratione vel odit.png',2147483647,'{\"owner\": \"Itzel Kemmer\"}',1,'2020-09-29 20:25:52','2020-11-16 17:46:15'),(61,71,'http://dropbox.net/vk/Non deleniti tempora eos ipsa laborum.jpeg',1543040028,'{\"owner\": \"Fae Cruickshank\"}',1,'2018-08-07 14:24:55','2020-11-16 17:46:15'),(62,50,'http://dropbox.net/vk/Dignissimos provident voluptas quidem vitae excepturi expedita praesentium.avi',2147483647,'{\"owner\": \"Simone Effertz\"}',2,'2019-08-11 05:59:55','2020-11-16 17:46:15'),(63,38,'http://dropbox.net/vk/Corrupti quam vitae esse deserunt voluptas numquam.avi',2147483647,'{\"owner\": \"Kelly Stamm\"}',2,'2019-12-19 15:16:03','2020-11-16 17:46:15'),(64,39,'http://dropbox.net/vk/Veritatis sapiente voluptate nisi sunt saepe.mpeg',2147483647,'{\"owner\": \"Justice Schroeder\"}',3,'2015-02-10 20:46:32','2020-11-16 17:46:15'),(65,80,'http://dropbox.net/vk/Fugiat dicta aliquam sed.jpeg',2147483647,'{\"owner\": \"Jennyfer Keebler\"}',1,'2011-08-10 08:20:06','2020-11-16 17:46:15'),(66,83,'http://dropbox.net/vk/Et sed facilis cum molestiae voluptas harum rerum excepturi.jpeg',617233058,'{\"owner\": \"Dane Gusikowski\"}',1,'2012-05-10 02:51:50','2020-11-16 17:46:15'),(67,74,'http://dropbox.net/vk/Voluptas aliquam ut porro optio aspernatur totam.jpeg',1733644353,'{\"owner\": \"Howell Reichert\"}',1,'2015-06-06 07:40:49','2020-11-16 17:46:15'),(68,19,'http://dropbox.net/vk/Est ipsa eligendi reprehenderit iste placeat velit incidunt.jpeg',2147483647,'{\"owner\": \"Augustus Amore\"}',1,'2014-01-28 21:37:30','2020-11-16 17:46:15'),(69,76,'http://dropbox.net/vk/Explicabo quia quaerat consequatur ullam eum.avi',2147483647,'{\"owner\": \"Fay Ledner\"}',2,'2017-08-09 09:07:07','2020-11-16 17:46:15'),(70,19,'http://dropbox.net/vk/Nostrum maiores nemo dolorem sit id officia ut illo.jpeg',2147483647,'{\"owner\": \"Augustus Amore\"}',1,'2012-03-31 15:41:02','2020-11-16 17:46:15'),(71,68,'http://dropbox.net/vk/Nisi fugiat illo eum dolor est quis iure.jpeg',2147483647,'{\"owner\": \"Dax Pagac\"}',1,'2013-06-11 10:57:46','2020-11-16 17:46:15'),(72,82,'http://dropbox.net/vk/Praesentium corrupti exercitationem eos odio animi cum libero voluptate.jpeg',2147483647,'{\"owner\": \"Janis Kuphal\"}',1,'2015-12-21 01:28:31','2020-11-16 17:46:15'),(73,4,'http://dropbox.net/vk/Ut velit illum veritatis placeat non autem.png',2147483647,'{\"owner\": \"Octavia Hilll\"}',1,'2012-05-03 21:43:32','2020-11-16 17:46:15'),(74,77,'http://dropbox.net/vk/Debitis enim optio in ea voluptates rem.jpeg',2147483647,'{\"owner\": \"Drake Klein\"}',1,'2016-08-20 13:23:27','2020-11-16 17:46:15'),(75,69,'http://dropbox.net/vk/Qui eius non sint soluta ducimus.mpeg',1030400218,'{\"owner\": \"Warren Fisher\"}',3,'2016-08-19 22:09:21','2020-11-16 17:46:15'),(76,17,'http://dropbox.net/vk/Quos corrupti odit eum corrupti similique ut ut.jpeg',2147483647,'{\"owner\": \"Chadd DuBuque\"}',1,'2011-03-07 07:14:56','2020-11-16 17:46:15'),(77,75,'http://dropbox.net/vk/Quasi dolores est autem et aut dolorum dolorem.png',859432206,'{\"owner\": \"Abdullah Goodwin\"}',1,'2017-02-28 09:11:04','2020-11-16 17:46:15'),(78,26,'http://dropbox.net/vk/Reiciendis aliquam ut laboriosam vitae qui molestiae.jpeg',2147483647,'{\"owner\": \"Barry Stark\"}',1,'2018-11-14 23:41:09','2020-11-16 17:46:15'),(79,4,'http://dropbox.net/vk/Et porro qui est commodi possimus soluta.avi',2147483647,'{\"owner\": \"Octavia Hilll\"}',2,'2012-05-21 04:43:23','2020-11-16 17:46:15'),(80,39,'http://dropbox.net/vk/Est magnam est voluptas in sapiente inventore voluptatem.mpeg',2147483647,'{\"owner\": \"Justice Schroeder\"}',3,'2018-02-21 18:04:36','2020-11-16 17:46:15'),(81,84,'http://dropbox.net/vk/Nihil neque velit sit odio eius animi consectetur.jpeg',2147483647,'{\"owner\": \"Torrance Herzog\"}',1,'2013-01-09 02:00:19','2020-11-16 17:46:15'),(82,3,'http://dropbox.net/vk/Sapiente eos blanditiis minima molestiae repellat.avi',2147483647,'{\"owner\": \"Amelia Fritsch\"}',2,'2018-03-12 17:24:58','2020-11-16 17:46:15'),(83,60,'http://dropbox.net/vk/Sed voluptatem voluptatem dolorem inventore debitis sunt.avi',2147483647,'{\"owner\": \"Golden Brown\"}',2,'2015-12-18 14:45:06','2020-11-16 17:46:15'),(84,93,'http://dropbox.net/vk/Eum numquam sed explicabo nulla voluptatibus expedita blanditiis.png',2147483647,'{\"owner\": \"Kyler Denesik\"}',1,'2020-06-28 18:58:03','2020-11-16 17:46:15'),(85,82,'http://dropbox.net/vk/Voluptas reiciendis labore et.png',2147483647,'{\"owner\": \"Janis Kuphal\"}',1,'2019-05-25 02:57:49','2020-11-16 17:46:15'),(86,31,'http://dropbox.net/vk/Explicabo velit voluptates sint aspernatur et rerum.png',2147483647,'{\"owner\": \"Wilmer Hermann\"}',1,'2016-07-26 18:40:55','2020-11-16 17:46:15'),(87,9,'http://dropbox.net/vk/Vero est voluptatem quidem rerum non odio.jpeg',366131821,'{\"owner\": \"Nikolas Hirthe\"}',1,'2019-11-15 19:45:35','2020-11-16 17:46:15'),(88,49,'http://dropbox.net/vk/Nihil sit et beatae aspernatur et.png',2147483647,'{\"owner\": \"Arnaldo Wunsch\"}',1,'2020-02-10 09:36:50','2020-11-16 17:46:15'),(89,21,'http://dropbox.net/vk/Eum sit neque ad eos sed id sit.mpeg',1664558155,'{\"owner\": \"Nathanial McKenzie\"}',3,'2017-06-01 13:54:32','2020-11-16 17:46:15'),(90,56,'http://dropbox.net/vk/Est voluptates tenetur consequatur voluptatibus ut et beatae.mpeg',2147483647,'{\"owner\": \"Alejandra Kautzer\"}',3,'2015-07-20 23:53:14','2020-11-16 17:46:15'),(91,15,'http://dropbox.net/vk/Commodi ea pariatur facere et.png',2147483647,'{\"owner\": \"Zander Leffler\"}',1,'2015-06-30 15:26:50','2020-11-16 17:46:15'),(92,10,'http://dropbox.net/vk/Architecto quibusdam laudantium omnis omnis.png',2147483647,'{\"owner\": \"Kristy Schuppe\"}',1,'2015-11-19 19:53:11','2020-11-16 17:46:15'),(93,2,'http://dropbox.net/vk/Eos omnis ut dolore qui.jpeg',2104897052,'{\"owner\": \"Isaiah Durgan\"}',1,'2013-03-04 10:05:57','2020-11-16 17:46:15'),(94,78,'http://dropbox.net/vk/Doloribus et explicabo atque earum.png',1040629302,'{\"owner\": \"Kenny West\"}',1,'2018-07-31 04:25:46','2020-11-16 17:46:15'),(95,85,'http://dropbox.net/vk/Et doloremque est voluptates distinctio.mpeg',2147483647,'{\"owner\": \"Anissa Lind\"}',3,'2015-07-22 21:23:05','2020-11-16 17:46:15'),(96,90,'http://dropbox.net/vk/Eveniet rerum reprehenderit praesentium ea autem.png',2147483647,'{\"owner\": \"Kelsie Hamill\"}',1,'2019-03-04 00:24:34','2020-11-16 17:46:15'),(97,96,'http://dropbox.net/vk/Aperiam molestiae eius sapiente quos.png',1377989468,'{\"owner\": \"Llewellyn Toy\"}',1,'2015-07-30 01:04:47','2020-11-16 17:46:15'),(98,9,'http://dropbox.net/vk/Vitae magni hic eveniet repellat maxime fugiat.mpeg',2147483647,'{\"owner\": \"Nikolas Hirthe\"}',3,'2014-02-24 01:17:57','2020-11-16 17:46:15'),(99,58,'http://dropbox.net/vk/Cupiditate necessitatibus vitae sunt velit.jpeg',640680151,'{\"owner\": \"Noemi Reichert\"}',1,'2011-01-19 11:02:09','2020-11-16 17:46:15'),(100,62,'http://dropbox.net/vk/Quod at incidunt quasi exercitationem perspiciatis eius.png',2147483647,'{\"owner\": \"Rusty Boyle\"}',1,'2015-09-28 13:11:25','2020-11-16 17:46:15'),(101,36,'http://dropbox.net/vk/Vero et iusto eum numquam.png',2147483647,'{\"owner\": \"Stewart Carter\"}',1,'2020-09-03 00:46:06','2020-11-16 17:46:15'),(102,92,'http://dropbox.net/vk/Repellendus ad voluptatem voluptate officiis eaque aut.avi',2147483647,'{\"owner\": \"Stanton Heller\"}',2,'2015-06-02 23:26:33','2020-11-16 17:46:15'),(103,53,'http://dropbox.net/vk/Itaque quidem et possimus voluptas quidem facilis.jpeg',2147483647,'{\"owner\": \"Taryn Ortiz\"}',1,'2014-03-21 23:05:14','2020-11-16 17:46:15'),(104,87,'http://dropbox.net/vk/Placeat enim voluptates enim voluptatem.mpeg',2147483647,'{\"owner\": \"Chance Jenkins\"}',3,'2017-02-07 22:13:23','2020-11-16 17:46:15'),(105,76,'http://dropbox.net/vk/Voluptas est aliquam fugit ut aut error.png',2147483647,'{\"owner\": \"Fay Ledner\"}',1,'2018-05-25 16:40:09','2020-11-16 17:46:15'),(106,19,'http://dropbox.net/vk/Dicta enim laborum deserunt voluptas.png',2147483647,'{\"owner\": \"Augustus Amore\"}',1,'2017-05-17 21:10:01','2020-11-16 17:46:15'),(107,65,'http://dropbox.net/vk/Ipsa eaque voluptatem cumque delectus.avi',2147483647,'{\"owner\": \"Cathryn Lakin\"}',2,'2013-10-08 03:06:53','2020-11-16 17:46:15'),(108,69,'http://dropbox.net/vk/Eos ipsum accusamus cum dolor quia.mpeg',138386604,'{\"owner\": \"Warren Fisher\"}',3,'2012-03-17 11:08:48','2020-11-16 17:46:15'),(109,47,'http://dropbox.net/vk/Labore laborum ut enim enim blanditiis blanditiis.mpeg',2147483647,'{\"owner\": \"Mauricio Crist\"}',3,'2018-08-16 06:56:53','2020-11-16 17:46:15'),(110,29,'http://dropbox.net/vk/Excepturi incidunt nisi labore voluptatum ut ab.png',17163171,'{\"owner\": \"Ashleigh Reynolds\"}',1,'2012-07-29 13:37:39','2020-11-16 17:46:15'),(111,6,'http://dropbox.net/vk/Beatae perferendis impedit provident sapiente placeat.avi',2147483647,'{\"owner\": \"Stanley Denesik\"}',2,'2019-07-21 17:35:28','2020-11-16 17:46:15'),(112,39,'http://dropbox.net/vk/Totam dolore ut repellendus et consectetur.jpeg',570328072,'{\"owner\": \"Justice Schroeder\"}',1,'2019-12-24 16:23:22','2020-11-16 17:46:15'),(113,76,'http://dropbox.net/vk/Et eum nobis eligendi aut possimus.jpeg',2147483647,'{\"owner\": \"Fay Ledner\"}',1,'2018-06-03 00:49:39','2020-11-16 17:46:15'),(114,64,'http://dropbox.net/vk/Adipisci doloremque laboriosam eaque.png',2147483647,'{\"owner\": \"Millie Wisoky\"}',1,'2014-01-27 14:01:33','2020-11-16 17:46:15'),(115,90,'http://dropbox.net/vk/Consequatur consectetur eveniet fuga est qui optio iusto.mpeg',546754053,'{\"owner\": \"Kelsie Hamill\"}',3,'2020-10-12 03:15:05','2020-11-16 17:46:15'),(116,58,'http://dropbox.net/vk/Architecto qui numquam neque fuga reprehenderit sed.avi',2147483647,'{\"owner\": \"Noemi Reichert\"}',2,'2013-12-12 23:25:58','2020-11-16 17:46:15'),(117,18,'http://dropbox.net/vk/Tempora aut aperiam ipsam molestiae ea neque tempore.jpeg',2147483647,'{\"owner\": \"Hermann Dickinson\"}',1,'2015-10-16 00:27:15','2020-11-16 17:46:15'),(118,15,'http://dropbox.net/vk/Itaque rerum quia illum similique inventore doloremque.avi',2147483647,'{\"owner\": \"Zander Leffler\"}',2,'2019-03-21 22:46:33','2020-11-16 17:46:15'),(119,23,'http://dropbox.net/vk/Dolor sed quae ullam explicabo exercitationem occaecati sit.mpeg',975044379,'{\"owner\": \"Ramona Hoeger\"}',3,'2018-09-05 08:26:03','2020-11-16 17:46:15'),(120,68,'http://dropbox.net/vk/Assumenda ad incidunt necessitatibus.mpeg',2147483647,'{\"owner\": \"Dax Pagac\"}',3,'2015-06-06 23:11:13','2020-11-16 17:46:15'),(121,72,'http://dropbox.net/vk/Rerum doloribus corporis dignissimos tempore enim.avi',2147483647,'{\"owner\": \"Edison Trantow\"}',2,'2011-05-28 07:54:03','2020-11-16 17:46:15'),(122,54,'http://dropbox.net/vk/Laboriosam rerum vel quia voluptatem quidem voluptatem et.png',2147483647,'{\"owner\": \"Gail Bogisich\"}',1,'2014-08-14 16:18:51','2020-11-16 17:46:15'),(123,54,'http://dropbox.net/vk/Excepturi consequatur molestiae magnam nemo voluptatem.avi',2147483647,'{\"owner\": \"Gail Bogisich\"}',2,'2015-08-15 19:16:17','2020-11-16 17:46:15'),(124,5,'http://dropbox.net/vk/Rerum itaque totam asperiores.jpeg',2147483647,'{\"owner\": \"Myrtle Bode\"}',1,'2018-03-20 15:22:35','2020-11-16 17:46:15'),(125,66,'http://dropbox.net/vk/Eveniet tempore consectetur tempora et.jpeg',2147483647,'{\"owner\": \"Jayce Baumbach\"}',1,'2010-12-14 00:47:45','2020-11-16 17:46:15'),(126,13,'http://dropbox.net/vk/Aut sit consequuntur quibusdam quo sed officia beatae reprehenderit.jpeg',1786466138,'{\"owner\": \"Edd Kuhn\"}',1,'2016-12-25 09:40:49','2020-11-16 17:46:15'),(127,68,'http://dropbox.net/vk/Corrupti dolor maiores perspiciatis modi eos quos minima.avi',2147483647,'{\"owner\": \"Dax Pagac\"}',2,'2016-10-18 12:58:19','2020-11-16 17:46:15'),(128,98,'http://dropbox.net/vk/Veniam laudantium architecto molestiae.jpeg',2147483647,'{\"owner\": \"Maxwell Hilll\"}',1,'2012-08-17 18:39:03','2020-11-16 17:46:15'),(129,87,'http://dropbox.net/vk/Repellat quia quia nihil ea molestias ut tempore aut.avi',2147483647,'{\"owner\": \"Chance Jenkins\"}',2,'2020-08-28 02:35:37','2020-11-16 17:46:15'),(130,39,'http://dropbox.net/vk/Nam in quam in minus qui.mpeg',2147483647,'{\"owner\": \"Justice Schroeder\"}',3,'2013-10-14 00:23:59','2020-11-16 17:46:15'),(131,32,'http://dropbox.net/vk/Voluptatibus quos fugit aperiam qui.jpeg',2147483647,'{\"owner\": \"Laury Gorczany\"}',1,'2013-03-15 20:15:41','2020-11-16 17:46:15'),(132,45,'http://dropbox.net/vk/Soluta nam ad et aut sint expedita et.avi',2147483647,'{\"owner\": \"Ian Bogan\"}',2,'2014-05-19 12:55:00','2020-11-16 17:46:15'),(133,29,'http://dropbox.net/vk/Est enim quidem non.png',868628756,'{\"owner\": \"Ashleigh Reynolds\"}',1,'2015-06-13 11:06:44','2020-11-16 17:46:15'),(134,9,'http://dropbox.net/vk/Illo autem quisquam distinctio qui est dolores cum.png',2147483647,'{\"owner\": \"Nikolas Hirthe\"}',1,'2015-08-18 11:32:18','2020-11-16 17:46:15'),(135,57,'http://dropbox.net/vk/Facilis ullam porro saepe occaecati excepturi.jpeg',2147483647,'{\"owner\": \"Marisa Durgan\"}',1,'2012-12-02 00:28:54','2020-11-16 17:46:15'),(136,60,'http://dropbox.net/vk/Porro placeat dolor reprehenderit et eum.avi',2147483647,'{\"owner\": \"Golden Brown\"}',2,'2019-03-11 12:57:05','2020-11-16 17:46:15'),(137,26,'http://dropbox.net/vk/Earum magnam repudiandae temporibus a in ex ut.mpeg',2147483647,'{\"owner\": \"Barry Stark\"}',3,'2019-02-26 04:26:50','2020-11-16 17:46:15'),(138,48,'http://dropbox.net/vk/Aut provident possimus dolor placeat architecto modi qui.jpeg',1367463967,'{\"owner\": \"Lazaro Marquardt\"}',1,'2019-09-03 22:57:09','2020-11-16 17:46:15'),(139,65,'http://dropbox.net/vk/Animi sint nihil quidem eum quia provident in.avi',2147483647,'{\"owner\": \"Cathryn Lakin\"}',2,'2015-12-19 02:07:35','2020-11-16 17:46:15'),(140,77,'http://dropbox.net/vk/A eius et a et quia quisquam.png',242864051,'{\"owner\": \"Drake Klein\"}',1,'2013-06-22 20:45:44','2020-11-16 17:46:15'),(141,91,'http://dropbox.net/vk/Quod aspernatur et ullam et beatae.avi',2147483647,'{\"owner\": \"Cullen Hodkiewicz\"}',2,'2018-11-24 02:44:32','2020-11-16 17:46:15'),(142,23,'http://dropbox.net/vk/Possimus explicabo explicabo quia voluptas molestiae.mpeg',2147483647,'{\"owner\": \"Ramona Hoeger\"}',3,'2013-08-04 07:53:11','2020-11-16 17:46:15'),(143,41,'http://dropbox.net/vk/Aut voluptate at dolor eveniet.avi',2147483647,'{\"owner\": \"Theodora Hackett\"}',2,'2014-09-14 16:11:58','2020-11-16 17:46:15'),(144,34,'http://dropbox.net/vk/Nobis quia pariatur unde tempore corrupti dolores.avi',2147483647,'{\"owner\": \"Ines Hoeger\"}',2,'2017-03-08 02:32:57','2020-11-16 17:46:15'),(145,50,'http://dropbox.net/vk/Expedita qui consequatur voluptates sit et nam voluptatem.mpeg',2147483647,'{\"owner\": \"Simone Effertz\"}',3,'2013-12-16 16:34:17','2020-11-16 17:46:15'),(146,46,'http://dropbox.net/vk/Repellendus in fugit fuga distinctio.mpeg',2147483647,'{\"owner\": \"Peter Cronin\"}',3,'2013-06-26 08:49:30','2020-11-16 17:46:15'),(147,79,'http://dropbox.net/vk/Voluptas aliquam consequatur velit tempora esse omnis.mpeg',2147483647,'{\"owner\": \"Felipe Koepp\"}',3,'2017-07-17 15:06:05','2020-11-16 17:46:15'),(148,55,'http://dropbox.net/vk/Et occaecati nesciunt quidem et.jpeg',2147483647,'{\"owner\": \"Kelton Rowe\"}',1,'2012-07-09 11:01:02','2020-11-16 17:46:15'),(149,39,'http://dropbox.net/vk/Architecto ut odio saepe architecto autem voluptates.jpeg',2147483647,'{\"owner\": \"Justice Schroeder\"}',1,'2018-11-14 06:04:08','2020-11-16 17:46:15'),(150,31,'http://dropbox.net/vk/Asperiores ut exercitationem eaque omnis quam eligendi magni.jpeg',2147483647,'{\"owner\": \"Wilmer Hermann\"}',1,'2015-03-20 20:07:10','2020-11-16 17:46:15'),(151,38,'http://dropbox.net/vk/Dolorum fuga quis officia magni.avi',2147483647,'{\"owner\": \"Kelly Stamm\"}',2,'2013-05-12 03:55:04','2020-11-16 17:46:15'),(152,95,'http://dropbox.net/vk/Aliquid ea laborum non illo dicta adipisci quam eos.jpeg',607988135,'{\"owner\": \"Katharina Mayer\"}',1,'2012-03-24 07:47:43','2020-11-16 17:46:15'),(153,60,'http://dropbox.net/vk/Suscipit ut eos sapiente sapiente saepe.jpeg',2147483647,'{\"owner\": \"Golden Brown\"}',1,'2015-09-02 14:07:37','2020-11-16 17:46:15'),(154,15,'http://dropbox.net/vk/Dolorum quis animi eos et.png',2147483647,'{\"owner\": \"Zander Leffler\"}',1,'2018-09-08 14:53:30','2020-11-16 17:46:15'),(155,93,'http://dropbox.net/vk/Inventore totam quis ex quam placeat dolor.jpeg',2147483647,'{\"owner\": \"Kyler Denesik\"}',1,'2016-10-27 01:42:45','2020-11-16 17:46:15'),(156,19,'http://dropbox.net/vk/Vel consequuntur sunt sed eos.png',2147483647,'{\"owner\": \"Augustus Amore\"}',1,'2020-04-22 19:37:53','2020-11-16 17:46:15'),(157,16,'http://dropbox.net/vk/Ut voluptas laborum rerum provident et.png',2147483647,'{\"owner\": \"Eugene Schmitt\"}',1,'2020-09-12 01:41:30','2020-11-16 17:46:15'),(158,24,'http://dropbox.net/vk/Voluptatem saepe facilis non non voluptatem deserunt.avi',1785546462,'{\"owner\": \"Vance West\"}',2,'2015-11-22 10:24:22','2020-11-16 17:46:15'),(159,73,'http://dropbox.net/vk/Facere et esse quisquam sit quo.jpeg',2147483647,'{\"owner\": \"Adah Wolf\"}',1,'2015-12-31 23:42:44','2020-11-16 17:46:15'),(160,90,'http://dropbox.net/vk/Laboriosam enim blanditiis iure officia eveniet non quisquam recusandae.jpeg',2147483647,'{\"owner\": \"Kelsie Hamill\"}',1,'2013-01-09 06:22:55','2020-11-16 17:46:15'),(161,31,'http://dropbox.net/vk/Id porro et asperiores libero similique doloremque voluptas.avi',2147483647,'{\"owner\": \"Wilmer Hermann\"}',2,'2018-04-19 10:20:41','2020-11-16 17:46:15'),(162,83,'http://dropbox.net/vk/Velit ipsam quaerat rerum laudantium.png',2147483647,'{\"owner\": \"Dane Gusikowski\"}',1,'2017-09-19 09:22:49','2020-11-16 17:46:15'),(163,24,'http://dropbox.net/vk/Ipsam debitis atque praesentium ipsa labore natus.png',2147483647,'{\"owner\": \"Vance West\"}',1,'2014-09-25 01:24:00','2020-11-16 17:46:15'),(164,70,'http://dropbox.net/vk/Omnis maxime est magni voluptate iste natus.jpeg',2147483647,'{\"owner\": \"Norene Beier\"}',1,'2014-04-26 09:08:33','2020-11-16 17:46:15'),(165,78,'http://dropbox.net/vk/Consequuntur dolor non dignissimos est aliquid sequi iusto.png',2147483647,'{\"owner\": \"Kenny West\"}',1,'2014-05-27 15:53:46','2020-11-16 17:46:15'),(166,80,'http://dropbox.net/vk/Suscipit sunt a ullam adipisci illum dolor.jpeg',2147483647,'{\"owner\": \"Jennyfer Keebler\"}',1,'2014-01-24 18:01:51','2020-11-16 17:46:15'),(167,64,'http://dropbox.net/vk/Non officia cumque non omnis.jpeg',2147483647,'{\"owner\": \"Millie Wisoky\"}',1,'2011-05-07 20:52:28','2020-11-16 17:46:15'),(168,78,'http://dropbox.net/vk/Voluptas amet qui eum ullam eos repudiandae amet reprehenderit.png',2147483647,'{\"owner\": \"Kenny West\"}',1,'2018-06-04 11:03:31','2020-11-16 17:46:15'),(169,1,'http://dropbox.net/vk/Quos voluptatum dolor repudiandae doloribus quia hic nam.png',2147483647,'{\"owner\": \"Rosemary Hessel\"}',1,'2017-11-21 04:34:43','2020-11-16 17:46:15'),(170,67,'http://dropbox.net/vk/Omnis voluptatum iusto error.mpeg',2147483647,'{\"owner\": \"Citlalli Bergnaum\"}',3,'2013-09-24 13:57:13','2020-11-16 17:46:15'),(171,35,'http://dropbox.net/vk/Perspiciatis dolorem harum et est voluptates voluptatum.png',2147483647,'{\"owner\": \"Itzel Kemmer\"}',1,'2016-08-16 14:49:14','2020-11-16 17:46:15'),(172,71,'http://dropbox.net/vk/Tempore ipsum non voluptates eaque sunt reprehenderit.png',2147483647,'{\"owner\": \"Fae Cruickshank\"}',1,'2014-11-04 14:18:09','2020-11-16 17:46:15'),(173,49,'http://dropbox.net/vk/Natus veniam sequi ipsam minus eos ut.mpeg',2147483647,'{\"owner\": \"Arnaldo Wunsch\"}',3,'2014-06-18 17:47:42','2020-11-16 17:46:15');
/*!40000 ALTER TABLE `media` ENABLE KEYS */;
UNLOCK TABLES;

--
-- Table structure for table `media_types`
--

DROP TABLE IF EXISTS `media_types`;
/*!40101 SET @saved_cs_client     = @@character_set_client */;
/*!40101 SET character_set_client = utf8 */;
CREATE TABLE `media_types` (
  `id` int(10) unsigned NOT NULL AUTO_INCREMENT COMMENT 'Идентификатор строки',
  `name` varchar(255) COLLATE utf8mb4_unicode_ci NOT NULL COMMENT 'Название типа',
  `created_at` datetime DEFAULT CURRENT_TIMESTAMP COMMENT 'Время создания строки',
  `updated_at` datetime DEFAULT CURRENT_TIMESTAMP ON UPDATE CURRENT_TIMESTAMP COMMENT 'Время обновления строки',
  PRIMARY KEY (`id`),
  UNIQUE KEY `name` (`name`)
) ENGINE=InnoDB AUTO_INCREMENT=4 DEFAULT CHARSET=utf8mb4 COLLATE=utf8mb4_unicode_ci COMMENT='Типы медиафайлов';
/*!40101 SET character_set_client = @saved_cs_client */;

--
-- Dumping data for table `media_types`
--

LOCK TABLES `media_types` WRITE;
/*!40000 ALTER TABLE `media_types` DISABLE KEYS */;
INSERT INTO `media_types` VALUES (1,'photo','2011-12-26 13:02:59','2020-11-16 17:02:03'),(2,'video','2013-10-19 02:10:37','2020-11-16 17:02:03'),(3,'audio','2011-09-06 19:16:46','2020-11-16 17:02:03');
/*!40000 ALTER TABLE `media_types` ENABLE KEYS */;
UNLOCK TABLES;

--
-- Table structure for table `messages`
--

DROP TABLE IF EXISTS `messages`;
/*!40101 SET @saved_cs_client     = @@character_set_client */;
/*!40101 SET character_set_client = utf8 */;
CREATE TABLE `messages` (
  `id` int(10) unsigned NOT NULL AUTO_INCREMENT COMMENT 'Идентификатор строки',
  `from_user_id` int(10) unsigned NOT NULL COMMENT 'Ссылка на отправителя сообщения',
  `to_user_id` int(10) unsigned NOT NULL COMMENT 'Ссылка на получателя сообщения',
  `body` text NOT NULL COMMENT 'Текст сообщения',
  `media_id` int(10) unsigned DEFAULT NULL,
  `is_important` tinyint(1) DEFAULT NULL COMMENT 'Признак важности',
  `is_delivered` tinyint(1) DEFAULT NULL COMMENT 'Признак доставки',
  `created_at` datetime DEFAULT CURRENT_TIMESTAMP COMMENT 'Время создания строки',
  PRIMARY KEY (`id`),
  KEY `messages_from_user_id_fk` (`from_user_id`),
  KEY `messages_to_user_id_fk` (`to_user_id`),
  KEY `messages_media_id_fk` (`media_id`),
  CONSTRAINT `messages_from_user_id_fk` FOREIGN KEY (`from_user_id`) REFERENCES `users` (`id`),
  CONSTRAINT `messages_media_id_fk` FOREIGN KEY (`media_id`) REFERENCES `media` (`id`),
  CONSTRAINT `messages_to_user_id_fk` FOREIGN KEY (`to_user_id`) REFERENCES `users` (`id`)
) ENGINE=InnoDB AUTO_INCREMENT=251 DEFAULT CHARSET=latin1 COMMENT='Сообщения';
/*!40101 SET character_set_client = @saved_cs_client */;

--
-- Dumping data for table `messages`
--

LOCK TABLES `messages` WRITE;
/*!40000 ALTER TABLE `messages` DISABLE KEYS */;
INSERT INTO `messages` VALUES (1,1,70,'Vel ipsum at dignissimos recusandae aut rerum quidem sunt. Impedit voluptatem a consequatur odit. Voluptas veritatis ullam aliquid.',8,0,1,'2012-11-06 05:12:13'),(2,47,25,'Est modi atque molestiae nisi nisi. Non veniam vero provident voluptatem repudiandae vel. Doloremque illo aut magni id laboriosam atque.',90,1,1,'2012-06-27 04:30:18'),(3,81,29,'Et rerum ipsam omnis numquam numquam. Est ut id eos quo totam consequatur quas. Sapiente recusandae fugit neque at.',25,0,0,'2015-05-25 20:35:22'),(4,4,31,'Sapiente reprehenderit quidem unde dolor. Corporis asperiores cum neque deleniti commodi. Non reprehenderit ipsam qui. Iusto tenetur beatae ullam doloremque sint laboriosam officiis.',53,0,0,'2011-10-18 22:01:36'),(5,44,25,'Et aliquam molestiae deserunt repudiandae tempora quisquam officia. Eveniet enim sunt tempore sequi recusandae architecto. Dicta aliquam saepe dolore sed facere et. Voluptatem officia quod recusandae. Quaerat deserunt quas est quod magnam explicabo.',92,0,1,'2019-12-03 12:12:07'),(6,92,83,'Sunt facilis non eveniet amet molestiae sit. Nam qui est quia dolorum. Error et consequatur delectus amet tempora qui vitae.',1,0,1,'2020-10-08 16:41:59'),(7,41,55,'Numquam tempore aut mollitia impedit. Odit iure non et blanditiis saepe facilis. Perspiciatis consectetur dolorum dolor consequatur ab placeat omnis adipisci.',28,0,1,'2018-07-21 00:30:21'),(8,52,95,'Itaque voluptas voluptatibus dolores natus. Ad non laboriosam quidem tempora voluptatibus. Neque atque repudiandae minus quos. Cupiditate eum illo repellendus et id aut.',34,1,1,'2016-09-05 01:51:59'),(9,18,6,'Minima ab molestiae maiores nesciunt accusamus mollitia voluptatem omnis. Iure aut officia illo qui nemo. Sapiente ut non et ab officiis quam. Et tempora enim consequatur similique neque harum rerum.',89,1,1,'2013-08-15 07:01:55'),(10,75,55,'Eaque aut et est aperiam a et. Veniam voluptatem temporibus accusantium id non praesentium enim. Et veniam consequuntur dicta ipsum veritatis vitae.',39,1,1,'2012-05-20 15:50:59'),(11,50,86,'Suscipit nihil asperiores adipisci. Maxime nihil minus qui et tempore.',30,1,1,'2011-11-29 02:48:28'),(12,77,27,'Illo alias enim cumque consequatur inventore. Consequatur autem necessitatibus maxime autem.',34,0,0,'2011-10-09 18:49:43'),(13,4,39,'Sint tenetur deserunt facere enim excepturi error. Ipsam maxime repudiandae reiciendis dignissimos consectetur unde velit repellendus. Quas assumenda nulla similique modi repudiandae delectus.',76,0,1,'2011-07-13 11:28:35'),(14,80,85,'Eaque sit voluptatem voluptatum maiores ut. Et exercitationem est et et iure.',81,0,1,'2018-07-27 16:10:17'),(15,83,62,'Officiis rerum ea ipsa. Rerum quod aut enim minima quia delectus. Enim molestiae et ea totam velit.',75,0,1,'2014-05-31 20:07:43'),(16,59,7,'Dolores deserunt perferendis quia voluptas nam ut doloremque. Ut dicta aut possimus non officia. Et maiores tempora neque accusamus minus quo natus magnam.',30,0,0,'2018-10-04 21:25:01'),(17,58,68,'Est autem iure ex quis repellendus nesciunt iure. Magnam aut et eaque nobis excepturi. Qui ut iusto officia et rerum earum. Vitae velit voluptatibus vel molestias consequatur voluptas delectus dignissimos.',27,1,0,'2016-10-13 13:30:21'),(18,64,17,'Aut ut dicta omnis nemo minima aut aliquid. Et et expedita et eos vero consequatur officia. Animi quia voluptas ducimus et. Unde eum facilis minus dolores quis voluptatem.',45,1,0,'2013-07-09 02:58:28'),(19,93,13,'Perspiciatis ea et beatae quod. Reiciendis esse voluptate sit sit occaecati minima voluptatibus. Impedit dolor molestiae quidem facilis. Omnis est rerum odit nam quam sint cumque et.',44,0,1,'2017-01-07 05:32:34'),(20,2,85,'Nemo neque esse voluptas et modi alias. Facilis vel omnis quisquam aut numquam. Et magni ipsum alias error.',83,1,1,'2013-06-18 11:15:49'),(21,69,90,'Sint dignissimos iure doloribus officia distinctio. Tempore in maxime beatae aut. Quasi dignissimos sint minus ab non fugiat. Architecto eaque est ut voluptas laboriosam quo.',85,0,1,'2010-12-28 06:53:48'),(22,42,41,'Amet accusamus porro cum aut at corporis sequi dolorum. Ipsum maiores repellendus pariatur harum consequatur qui sit molestiae. Voluptatem eum aut earum doloremque praesentium. Facere ut culpa qui magnam et voluptas. Ipsa commodi nostrum dolores est.',73,1,1,'2015-11-08 20:41:39'),(23,77,61,'Aut eligendi consequatur dolorum aut. Qui deserunt quod et sit odio rerum iste. Perferendis commodi totam sunt aliquid voluptas reiciendis ratione.',10,1,0,'2016-05-16 10:42:34'),(24,76,94,'Omnis est repellat distinctio quis error. Suscipit dignissimos sunt minus distinctio saepe dicta odit ratione. Ullam laborum aliquid ut sed autem itaque et.',31,0,0,'2019-05-16 16:11:42'),(25,42,30,'Optio dolor optio qui dolorem laborum nihil. Commodi modi ut fugit vel in sint. Et voluptate dolores quia est provident sunt. Ut consequatur at quam et.',23,1,0,'2015-08-24 14:13:14'),(26,20,13,'Nobis error ut facilis officia recusandae voluptatem. Odit et neque tenetur consequuntur a. Ipsa perferendis sunt quia odio quia et et.',21,0,1,'2017-04-01 14:41:56'),(27,1,67,'Quis quia possimus vel dolores. Quasi omnis voluptate commodi voluptas aperiam et. Cupiditate sint quisquam est ipsam omnis.',36,0,1,'2016-09-04 10:05:06'),(28,30,51,'Aut debitis laboriosam consequatur natus doloremque tenetur. Ad accusantium unde vitae in. Harum molestias nemo laborum aperiam. Optio est in impedit laborum qui sed libero officiis.',18,1,1,'2019-01-17 15:50:32'),(29,65,69,'Rem enim sint distinctio dolor. Placeat est laboriosam facilis non enim maxime mollitia. Repudiandae totam non autem dicta ipsam earum voluptatem. Sed maxime quia doloremque sequi provident nobis facere qui. Praesentium dolorem velit sed id iure.',79,1,1,'2018-09-16 13:57:47'),(30,52,51,'Ad quo molestiae voluptatem dolore quia. Eveniet labore quia recusandae maiores natus non et. Eum quae accusamus enim.',40,0,1,'2017-06-07 07:22:52'),(31,99,41,'Non repellat deleniti harum at sed. Similique velit quisquam rerum saepe rerum ut tenetur. Nihil hic maxime aut in ex.',62,1,1,'2020-08-14 22:19:45'),(32,7,13,'Assumenda modi ut voluptatem pariatur. Tenetur aut earum corporis sunt ad. Ipsam consequuntur dolores exercitationem et iusto.',92,1,1,'2018-03-31 06:31:17'),(33,43,74,'Veniam fuga sit cumque mollitia vitae. Numquam culpa cumque commodi. Sunt odit sunt ad quidem. Ut optio possimus nihil voluptas ut.',72,1,0,'2018-10-28 02:22:38'),(34,41,83,'Iste voluptas dolores ex harum est et neque a. Dolor culpa quod laudantium et. Sint porro qui sit qui et cupiditate magni.',83,1,0,'2013-03-31 17:21:50'),(35,92,11,'Aut provident nulla porro quia. Consequatur et delectus eius dolorem. Non praesentium enim ab ipsam consequatur. Ut corporis et odit iusto fugit natus veniam nesciunt.',99,0,1,'2014-12-28 20:03:31'),(36,77,52,'Non repellat iusto facilis at sed quae ea. Et dolores quia aut delectus quidem fugit quas. Non rerum laborum exercitationem odio distinctio sed aut. Dolore eaque alias saepe dolores eligendi alias.',44,1,0,'2015-08-30 06:20:39'),(37,27,82,'Porro repellendus et dolor numquam est architecto. Sit molestiae iste quae asperiores aut. Cupiditate cupiditate accusantium cupiditate. Id earum laboriosam itaque aliquam non.',22,0,1,'2016-08-16 01:01:19'),(38,25,80,'Est sequi pariatur voluptatem placeat modi et debitis. Ea perspiciatis dolor perspiciatis dolorem distinctio doloremque. Quae eum porro ea voluptas. Et quidem quo ut non sit.',78,1,1,'2013-09-24 02:05:18'),(39,25,83,'Et animi modi unde. Nam in earum aut aut. Omnis illo fugiat quisquam laborum odio cumque cumque. Maiores voluptatem id consectetur aut.',23,1,1,'2011-04-29 19:02:54'),(40,41,54,'Voluptatem officiis non et deserunt. Quos sint omnis quia veritatis dolorem atque et. Non voluptatibus sed totam voluptate dolor.',83,1,1,'2018-04-02 18:57:25'),(41,46,68,'Vel earum sint laboriosam saepe. Eveniet suscipit ducimus est veniam. Ad eos laborum ut delectus corrupti id.',43,1,1,'2015-09-07 21:22:45'),(42,2,4,'Eos eius eligendi sequi nihil quam aut. Voluptatum eum aliquid eum iure. Unde accusamus dicta eum possimus. Maiores repudiandae officiis veniam.',67,0,0,'2013-08-11 01:25:39'),(43,12,51,'Et amet aut voluptatem pariatur labore. Autem omnis consequatur ab eum. Incidunt a ipsam est recusandae.',4,0,1,'2013-05-20 11:45:31'),(44,18,34,'Ut earum perspiciatis culpa harum nesciunt hic non. Aperiam beatae vel nobis odit et esse et. Dolores quod dicta voluptate dignissimos veritatis voluptas.',19,1,0,'2019-03-08 21:48:57'),(45,19,89,'Explicabo possimus reiciendis ut at sunt qui expedita. Ducimus id consequuntur quis. Assumenda eum sed non magnam optio non.',84,1,0,'2017-02-18 12:23:24'),(46,90,82,'Rerum magni ex qui facilis. Sapiente enim officia eaque autem veritatis iure.',61,0,1,'2018-10-01 03:35:02'),(47,40,52,'Fugit consequuntur ut assumenda architecto. Nihil quam ullam voluptatibus debitis eum voluptatem nostrum. Voluptatum quia tempore animi quia autem quasi nostrum. Quo quam necessitatibus ab amet consectetur voluptas. Molestias temporibus quia neque ea aut deleniti.',55,1,1,'2014-03-26 18:09:49'),(48,39,38,'Veritatis vel voluptates corrupti tempora temporibus. Dolorum quasi ut a dolor at itaque. Enim quaerat sunt accusamus unde quod. Laboriosam possimus autem sed numquam distinctio ut distinctio.',88,0,1,'2016-04-26 03:59:24'),(49,72,45,'Eaque consectetur inventore fuga totam. In itaque magni ullam et qui. Nobis velit consequuntur ratione expedita est. Eum expedita dolore beatae rem aliquid quos at aperiam.',76,0,0,'2014-08-29 13:00:06'),(50,8,6,'Explicabo consequatur repellendus minima aut. Consequatur odio eos cumque numquam est. Quod eveniet earum aut delectus dolorum. Sunt recusandae ut delectus fugiat. Quis voluptatibus cumque rerum dolore.',16,1,0,'2014-09-11 14:09:25'),(51,3,100,'Architecto perspiciatis vel incidunt voluptatem repellat eius dolorum. Quam ipsa sit et reprehenderit consequatur similique. Et sit vel et dolorem quia blanditiis. Vel consequatur culpa laboriosam vitae rerum in.',49,1,1,'2013-07-08 04:53:44'),(52,90,47,'Quo vel qui rerum nihil et. Autem accusamus deserunt repellendus. Ipsam doloremque ut ipsa laudantium quos labore provident est. Est libero et dolore modi ipsum impedit omnis.',99,0,1,'2017-01-22 16:22:50'),(53,67,93,'Modi placeat excepturi qui et. Consequatur iste dolores rerum beatae. Quis sint fuga laudantium vitae. Dolore dignissimos ipsa rerum vel ullam.',47,0,0,'2016-09-15 08:21:10'),(54,64,41,'Asperiores quia qui culpa esse et corrupti. Voluptatem dolorem dolorem impedit omnis nemo. Vitae ipsa nulla occaecati et eum. Provident officia magni blanditiis in rerum totam.',39,0,0,'2016-08-27 23:05:57'),(55,11,33,'Et sed ex est quas. Dolorem voluptate beatae vel modi esse sed. Quia omnis qui dicta rem.',52,0,0,'2015-08-07 15:53:19'),(56,31,54,'Et hic et id blanditiis et suscipit. Accusamus dolores occaecati eligendi illo iusto.',43,0,1,'2013-05-11 01:00:16'),(57,79,31,'Est dolor sequi quos consectetur. Voluptatem dolor eveniet consectetur. Occaecati praesentium corporis nisi blanditiis deserunt.',57,0,0,'2019-10-20 23:52:56'),(58,19,1,'Voluptatem rerum non aspernatur et. Sunt quos dolores cumque consequatur qui omnis. Quam magnam magni harum et voluptate cum.',58,0,0,'2019-12-06 08:27:14'),(59,49,39,'Atque nesciunt nostrum cum et. Eligendi voluptatum similique quae totam libero sequi. Quis voluptates esse et quia soluta.',18,1,1,'2020-10-28 07:18:53'),(60,47,17,'Sunt quae et reiciendis corrupti. Aut corporis molestias vero natus veniam. Necessitatibus enim animi aut aliquid. Qui dicta beatae aut incidunt quaerat suscipit doloribus.',14,1,1,'2019-04-11 19:45:47'),(61,45,74,'Numquam et voluptate et quia veritatis. Excepturi aut molestias dolores error debitis.',18,1,1,'2018-05-05 15:19:49'),(62,33,43,'Repellat totam dolorem voluptatem ducimus sint optio ut. Quos officiis voluptatem blanditiis nihil quia similique autem. Ut quia et culpa cumque dolores perferendis. Impedit animi vero fuga quod. Perferendis vel totam possimus nulla.',45,0,0,'2013-06-25 22:59:25'),(63,15,45,'Ut qui quasi ea voluptatem repudiandae quia. Aut modi consectetur quam voluptate. Autem rerum adipisci nisi ipsam ipsum dolores earum. Alias voluptas quas sunt magnam. Quia quaerat minima voluptate id ut earum.',71,0,0,'2019-02-03 05:10:37'),(64,79,61,'Sint et culpa illum iusto facilis autem molestiae. Ut officiis aut odio quia. Quasi nesciunt consequatur est laudantium. Magnam quas culpa natus natus.',20,0,1,'2017-05-25 03:43:00'),(65,67,51,'Aut distinctio ab aut et consequatur provident provident. Cumque qui aut et officiis quo eos consectetur ea. Quo facere reprehenderit unde nulla occaecati natus. Asperiores aut non esse hic eveniet sunt maiores. Quod rerum ut nobis deleniti accusantium corporis recusandae qui.',86,1,0,'2018-08-01 16:22:11'),(66,54,18,'Molestiae modi enim nostrum ipsam cumque sequi. Inventore labore quasi reprehenderit voluptas aut non sed. Omnis necessitatibus sit nulla quis aperiam. Repellendus autem voluptatem autem dolorem nihil.',68,0,0,'2014-10-06 22:01:59'),(67,26,77,'Vel qui ratione esse ullam. Inventore ducimus harum dolorum. Animi quidem aut sequi expedita minus ut quia.',83,1,1,'2018-09-29 04:05:08'),(68,7,1,'Neque delectus corporis veritatis sed sint. Enim in similique et et quae qui tempore. Rerum modi aspernatur facere pariatur. Doloribus corrupti ut ut voluptatem sit dolorem.',11,0,0,'2011-08-14 11:01:54'),(69,84,17,'Quisquam eum doloremque et cum voluptas sit vitae culpa. Perferendis maxime perspiciatis voluptatum ipsam. Omnis ipsum quibusdam eum voluptatem. Necessitatibus dolorum porro laboriosam sapiente et tempora officia qui.',5,1,1,'2012-12-10 13:56:42'),(70,33,12,'Odio soluta et ut quaerat sit fuga. Sequi illum magnam ea aliquid quas. Rerum quas autem odit est ut accusamus.',91,0,0,'2015-10-17 19:50:34'),(71,63,77,'Molestiae adipisci esse eum deserunt laudantium commodi ut. Tempora eos harum veniam voluptatibus quis quia temporibus ab. Corrupti commodi in veniam odit voluptates distinctio et. Et sunt laboriosam quibusdam non debitis dolores asperiores.',42,0,0,'2018-07-08 15:49:55'),(72,98,55,'Sit laborum magni veniam sed. Cumque totam ab placeat ut quis voluptatem pariatur. A rerum veritatis rerum asperiores.',35,0,0,'2014-02-05 04:17:10'),(73,84,51,'Et voluptas earum quam cupiditate quia doloribus. Commodi enim accusantium aut beatae nemo eos. Quo beatae magnam nulla. Corrupti eveniet placeat similique laborum eligendi.',47,1,0,'2018-11-25 14:16:27'),(74,4,67,'Dolorem commodi veniam quasi deleniti aut nihil. Placeat quia in ipsa ipsa. Aut consequuntur omnis vero ipsam.',29,0,1,'2015-08-21 20:25:09'),(75,21,3,'Sed earum reiciendis cumque et error rerum omnis. Neque dignissimos dolorum aperiam est. Ex temporibus quod nihil laborum ut. Eum quo inventore ipsam et et quae.',3,1,1,'2015-09-12 00:45:26'),(76,53,55,'Nostrum aut maiores et quae sunt tempore iure natus. Laborum sit ullam aperiam est. Possimus assumenda modi fuga in. Et aut ea omnis quia vitae quasi est.',27,1,1,'2014-12-08 23:43:48'),(77,16,15,'Cupiditate ipsa qui accusantium labore ea est. Itaque hic sequi rerum ea enim impedit. Quae aspernatur nisi eligendi repellat aut. Id porro sit quibusdam dolorem blanditiis saepe.',26,1,1,'2017-03-06 11:22:42'),(78,25,82,'Fugiat explicabo mollitia sit. Ut tempora fugit autem expedita distinctio. Illo dolores occaecati et blanditiis repellendus est impedit.',48,1,1,'2019-02-23 23:06:50'),(79,34,22,'Rerum illo explicabo ipsam sit. Aperiam iusto aperiam eum nulla. Cumque ea tenetur dignissimos molestiae itaque.',64,1,1,'2019-06-21 01:29:34'),(80,8,73,'Aut esse sed est rerum et eaque. Aut sequi aliquid commodi voluptatem voluptatibus delectus. Officia iusto consequuntur tempora qui consequuntur autem.',75,1,0,'2014-07-15 17:12:18'),(81,40,82,'Fuga ut sunt odio minus commodi voluptates iste. Temporibus consequatur hic dolores in nobis libero consequuntur. Ab deserunt quis animi alias fugit sint eum. Sed sint eos aut dolor voluptas. Distinctio illum voluptatem fugiat velit explicabo.',83,0,1,'2016-10-13 11:30:40'),(82,89,97,'Dicta eligendi sed tempore. Ut quod quis dolor quisquam similique. Expedita et voluptatem veniam est labore sit ea perferendis.',89,0,1,'2014-10-16 09:30:56'),(83,18,98,'Quisquam doloribus et facere enim quasi ut. Necessitatibus qui sed fugiat excepturi perferendis. Rerum repellat consequatur possimus sed.',97,0,0,'2012-09-24 01:29:55'),(84,36,87,'Amet error qui veniam suscipit. Ad numquam alias aut sint autem neque vitae. Sed natus quis distinctio aut libero. Rem quia fugiat eligendi eaque sed.',17,1,0,'2016-03-05 18:02:45'),(85,26,69,'Molestiae perspiciatis soluta corrupti reiciendis natus. Iste repellendus dolor nisi beatae molestiae. Quae libero consequatur repellendus magnam placeat.',95,0,1,'2016-11-20 06:37:21'),(86,65,18,'Voluptatem aut eaque aut ea. Necessitatibus officiis omnis vitae quo nobis. Aperiam voluptate rerum quod laboriosam recusandae perspiciatis. Omnis laborum incidunt culpa dolorum deleniti sunt fugit dicta.',23,1,0,'2018-03-12 21:48:26'),(87,93,13,'Ut sunt et omnis corrupti. Impedit porro distinctio voluptas sit in ipsum. Itaque nostrum rerum hic illo. Provident maxime quo et.',27,1,0,'2014-05-17 00:33:39'),(88,84,82,'Voluptatum delectus nostrum iure fugiat eum. Tenetur dolores aut maxime. Porro dolor beatae ut aliquam sunt. Esse debitis eum voluptas tenetur possimus.',68,0,1,'2012-04-06 19:09:22'),(89,58,41,'Veniam et nostrum deleniti voluptatem quasi debitis veritatis. Eius aut aut praesentium non debitis sint omnis ipsam. Aut tempore exercitationem fugit nesciunt consequatur delectus aut. Occaecati illo quia ut quis necessitatibus.',56,1,1,'2016-01-24 22:30:51'),(90,31,33,'Eveniet doloribus aut odit recusandae. Dolor voluptatum et voluptatum. Libero qui voluptatem excepturi alias eum velit illum.',77,1,0,'2016-03-31 19:18:08'),(91,69,48,'Illum fugiat eveniet maxime quisquam quis dolor. Molestiae nostrum non blanditiis minima ullam. Praesentium fugit voluptate nihil quasi quo officia illum. Qui inventore quos assumenda laboriosam.',17,0,1,'2018-03-22 01:08:48'),(92,33,19,'Quo quasi est et autem repudiandae ea. Est ut blanditiis vel omnis ratione. Quae et aspernatur molestias dolor. Minima voluptas qui ut aliquam est deserunt sit.',51,1,0,'2013-04-22 06:48:59'),(93,95,18,'Excepturi optio harum tempora aperiam mollitia. Cupiditate atque id tenetur et eveniet dolores qui. Aut et quia illum quaerat ut. Et non voluptatibus voluptatem fugiat.',5,1,0,'2018-08-15 18:16:27'),(94,3,62,'Qui velit nihil vero rerum. Iusto aut laboriosam omnis illo. In unde possimus voluptas aut amet quis. Impedit dolorem qui vel aut qui cupiditate ut nobis.',70,0,1,'2013-03-13 16:15:07'),(95,1,20,'Ut vitae quia dolorem eaque velit reprehenderit nesciunt. Et et repudiandae beatae voluptatem est. Blanditiis ut architecto sint aliquid.',35,0,1,'2019-12-09 22:13:00'),(96,95,14,'Magnam quasi non vel assumenda. Perspiciatis et quasi sapiente perferendis perferendis. Soluta ut earum voluptas fugiat.',64,1,1,'2014-09-08 21:07:27'),(97,85,81,'Optio non minima non nihil soluta amet. Nisi et eligendi ipsam voluptates omnis. Deserunt est beatae nisi voluptatibus veritatis. Est ea voluptate voluptatem quasi est sed.',16,0,0,'2020-04-28 19:00:05'),(98,52,13,'Minus tempore nesciunt eos quaerat quisquam enim enim. Labore est sed id iure a quisquam eius. Optio dignissimos repellat est temporibus occaecati fuga.',87,0,0,'2014-01-30 09:38:43'),(99,12,19,'Eaque nulla quisquam corrupti aut. Sequi quaerat mollitia vero ut repellat sit reiciendis. Natus illum et consequatur excepturi natus. Alias neque suscipit animi omnis.',84,0,1,'2013-10-22 22:49:37'),(100,61,45,'Dolorem excepturi qui nulla quo sapiente dolor odio. Corrupti non voluptatem illo sed voluptatem voluptas ipsam corporis.',61,0,1,'2018-04-10 16:09:14'),(101,41,70,'Accusamus est quos aut enim quidem. Optio quis error quisquam deleniti modi. Delectus et minima praesentium aut eius.',54,0,1,'2014-10-11 05:43:21'),(102,27,22,'Illum aut ut est quod ducimus mollitia officiis et. Unde facere exercitationem iste doloremque. A ullam ipsa accusantium. Rerum sequi sint sed ipsum eum qui id.',84,0,1,'2012-11-06 02:14:13'),(103,32,91,'Temporibus perspiciatis omnis magni laboriosam consequatur atque. Corporis rerum soluta est debitis ab. Qui perferendis eum repudiandae amet et nihil nihil. Qui eaque est qui aut aut magnam quas.',57,0,0,'2020-08-20 11:56:20'),(104,58,17,'Rerum quaerat quo rerum velit ad veniam. Dolorem commodi consequuntur aspernatur autem qui. Eum voluptate voluptas repudiandae minus et ut id doloremque.',33,1,0,'2013-07-21 13:09:40'),(105,10,97,'Natus iure rem animi aut. Ut odit laborum dolor voluptates et. Dolor tenetur rerum est dicta aut eum quis asperiores. Eos sapiente corrupti assumenda possimus.',93,1,1,'2017-08-09 01:17:07'),(106,58,95,'Voluptas quia et qui. Necessitatibus animi aut recusandae et voluptate consequatur. Porro vel nemo est et nisi temporibus. Ut est perferendis officia quo dolor.',65,1,1,'2014-05-24 00:44:27'),(107,4,31,'Quibusdam ipsum facilis et. Quis ab quod amet vero voluptatem. Sapiente magnam et iure.',47,0,1,'2014-11-21 23:18:28'),(108,44,28,'Tempora facere totam laborum at autem saepe ut. Perspiciatis tempore assumenda placeat qui sit dolores accusamus delectus. Qui quia voluptatum perspiciatis illum rerum mollitia ut sed.',38,0,0,'2020-06-23 05:36:51'),(109,7,49,'Exercitationem expedita voluptate repudiandae voluptatem laboriosam et explicabo quo. Quia veritatis deserunt et voluptatibus nam qui. Quis libero sit dolores eius et blanditiis.',47,0,0,'2015-09-06 01:21:37'),(110,25,78,'Possimus corrupti architecto quis consequatur quia et deserunt. Sed cupiditate corporis quas omnis fuga fugiat corporis. Est quia enim porro dolores nostrum amet officiis.',23,1,1,'2017-07-19 08:18:05'),(111,12,28,'Quibusdam reprehenderit modi ducimus. Nam incidunt deserunt enim voluptatem et debitis. A ratione tenetur quo voluptatem nesciunt. Aliquid est numquam velit accusantium est. Sunt magni molestiae et libero.',73,1,0,'2015-10-25 13:23:51'),(112,1,21,'Officiis sed omnis neque quia ex repellat. Esse earum soluta excepturi minima. Voluptatem quasi sed et quia suscipit cum est.',94,1,1,'2011-06-11 19:41:46'),(113,100,39,'Delectus quibusdam molestias dignissimos dicta voluptatibus recusandae non sunt. Dolorum dolorem eius architecto sed nostrum eligendi amet impedit. Id voluptas veniam quisquam expedita accusantium in corrupti.',53,1,0,'2017-11-03 15:53:53'),(114,95,57,'Repellat non reprehenderit placeat vel culpa. Voluptas natus doloremque aliquid perspiciatis et. Voluptates fuga perferendis vero qui. Quibusdam ducimus quibusdam autem. Nihil magni non quaerat.',80,1,1,'2017-06-02 15:46:57'),(115,1,32,'Ut porro accusantium rerum velit. Aperiam nulla voluptas saepe et.',42,0,0,'2012-12-30 20:58:44'),(116,58,94,'Minus provident at quia laborum. Qui dicta beatae consectetur et et est. Et placeat vero impedit vitae culpa dolorem. Quia reprehenderit ad eius impedit ad corrupti.',68,0,0,'2014-05-18 20:58:47'),(117,96,98,'Consequuntur natus tempora odit qui et unde vel consequatur. Ducimus tenetur aliquam hic corrupti rem qui. Dolores beatae ipsa eum est.',13,1,0,'2012-11-07 20:31:47'),(118,1,10,'Aut fugiat et tempore quasi non quod. Quia debitis rem quisquam recusandae et ut enim. Et suscipit minus debitis quibusdam et aut accusamus asperiores. Magnam in minima harum ducimus.',61,0,1,'2020-03-13 08:33:48'),(119,49,11,'Tenetur excepturi ullam nulla repudiandae iusto. Impedit voluptas eos debitis ipsum. Ab dolor officia culpa sint ipsum. Sunt molestiae ea porro quam consequatur.',67,1,0,'2016-02-02 09:16:38'),(120,10,16,'Ut laboriosam et maiores. Velit quidem possimus accusantium nulla. Nam et id quo ea. Voluptas facilis veniam beatae quasi sint.',50,1,1,'2011-07-03 05:31:28'),(121,48,92,'Et in quos amet voluptates ratione officia est fuga. Ducimus consectetur quos velit id pariatur. Consequatur totam animi maiores molestiae. Et repellendus ut repellat. Nam velit quia sunt corporis voluptatem ullam architecto.',49,1,1,'2017-03-11 12:34:18'),(122,17,8,'Voluptas in nobis et provident aliquid. Sed qui perspiciatis non debitis. Ducimus aperiam quasi quia et nulla.',95,1,0,'2018-06-30 17:14:45'),(123,89,20,'Beatae aut eius sunt nemo alias earum accusamus. Tenetur eligendi dolorem porro aut facilis repudiandae. Est consequuntur minus ullam ipsam.',25,1,1,'2014-11-16 18:24:12'),(124,33,4,'Ea enim magni sunt praesentium autem velit quod. Qui fugit nobis dicta qui. Sint sequi sequi dicta modi atque hic voluptates.',41,1,1,'2016-03-26 17:09:18'),(125,22,96,'Totam iste dolores asperiores expedita. Architecto in tempora et sed eos nulla ducimus eaque. Est vitae velit magnam molestiae qui id error.',29,1,0,'2013-08-17 05:34:19'),(126,14,81,'Recusandae et maiores dolorum commodi. In omnis debitis a aut et ab. Ratione fugit qui fuga expedita.',22,0,0,'2013-08-09 13:43:56'),(127,62,67,'Rem est pariatur consequuntur quisquam doloremque omnis. Veniam accusamus labore optio quidem sint vitae quia. Nulla voluptas qui et quia culpa commodi nobis.',22,1,1,'2011-12-16 09:41:38'),(128,50,48,'Nihil vero inventore voluptatum consequatur voluptate omnis earum ipsum. Et quia et fugiat tenetur nostrum eum. Ut expedita laboriosam asperiores ipsum voluptatem amet.',45,1,0,'2017-12-16 21:44:08'),(129,89,1,'Vel nisi et magnam vitae nesciunt. Possimus accusamus eius eos et cumque inventore non amet. Asperiores mollitia vel ut velit. Voluptatem perferendis ut qui qui nihil dicta nihil.',56,0,0,'2018-10-03 10:32:31'),(130,36,79,'Molestias commodi ex eum nobis. Quia qui occaecati architecto ullam debitis eum. Est esse atque ea fugit rem. Asperiores iusto asperiores molestias aliquid vel qui.',45,0,0,'2016-05-08 08:38:09'),(131,61,84,'Voluptatem quia voluptatem officia assumenda. Quam modi amet quisquam vel officiis. Enim provident laborum repellendus dolores nostrum nihil quis.',58,1,0,'2013-07-29 00:57:37'),(132,68,89,'Ex similique molestias est quod nesciunt fugit aspernatur. Alias eaque soluta sit nihil. Quisquam eius magni ipsa architecto. Laborum occaecati ut minima provident.',55,1,1,'2014-06-25 05:43:28'),(133,39,27,'Qui quae quo accusantium neque. Commodi nostrum est perferendis qui possimus. Non saepe et sint velit. Sed omnis et est eum ut veniam. Voluptatem voluptas quasi facere neque laborum.',100,1,0,'2016-03-05 10:02:10'),(134,19,14,'Et et modi in adipisci aut libero deserunt. Laborum alias nihil molestiae ducimus similique a itaque hic.',36,1,1,'2020-03-28 06:10:25'),(135,100,10,'Ratione commodi provident sed magnam. Enim doloribus impedit maxime et. Quod dolor incidunt non qui vero. Explicabo illum et laborum quis ipsum sed dolores.',79,1,1,'2020-07-24 03:59:13'),(136,17,55,'Quo voluptatem inventore aut eaque debitis aut. Minus provident nostrum laudantium vel minus. Consequatur ipsam voluptatem quam illo natus. Necessitatibus perferendis veniam nihil optio nemo placeat occaecati.',86,0,0,'2011-09-03 22:03:43'),(137,26,63,'Doloribus aperiam est laboriosam similique. Ea qui aut sed nihil nostrum explicabo qui eaque. Amet quia quae eveniet ut neque. Neque molestias in ut reiciendis omnis non.',91,1,0,'2019-10-23 18:02:28'),(138,36,93,'Doloribus beatae magni voluptatem et error dolores et. Repellendus suscipit tempora corrupti veritatis maxime. Dolor et aspernatur fugiat voluptatem.',96,1,0,'2017-02-15 15:12:24'),(139,55,96,'Et cupiditate tempore et qui. Culpa culpa nesciunt aperiam eveniet voluptate dicta id. Voluptatem dolores omnis sequi necessitatibus porro.',8,1,1,'2016-03-16 09:25:55'),(140,12,73,'Voluptatibus veritatis tenetur ducimus voluptatem et. Consequuntur rerum quam omnis cumque ea repellat deserunt. Est at enim minus magni animi.',51,0,0,'2018-02-07 02:03:20'),(141,29,24,'Qui aut repudiandae eligendi eaque nisi molestiae natus. Facere soluta quae omnis sequi minus molestiae nesciunt.',29,0,1,'2020-04-26 09:54:32'),(142,34,98,'Et voluptatem eius fuga illo quasi voluptatem laboriosam. Eligendi repellat quae exercitationem non et. Rerum occaecati porro eveniet doloremque sed. Voluptatem possimus et soluta consequatur qui.',94,1,1,'2011-11-10 19:58:20'),(143,89,48,'Culpa dolore explicabo reprehenderit qui. Provident quia quod aut quis adipisci distinctio. In enim occaecati quod laborum. Qui ut minus eum fuga aliquid et et.',81,0,0,'2011-07-31 03:21:11'),(144,73,23,'Eum minima nulla ullam quia. Asperiores rerum maiores quia eius perspiciatis maiores. Vel nihil mollitia qui et. Delectus sint illo hic accusantium eos voluptas.',23,1,0,'2012-07-09 03:42:05'),(145,92,93,'Assumenda vitae vitae eos quis. Quaerat culpa quo consequatur molestias quisquam maxime illo. Est quod ipsum dolorem aperiam perferendis.',73,1,1,'2017-07-22 09:58:17'),(146,89,63,'Atque debitis nam sint non illum et id perspiciatis. Eius dolorum porro voluptatem dolorem odit. Enim voluptate nisi error sed et in expedita.',93,0,0,'2011-06-07 09:02:48'),(147,50,59,'Vel nihil aliquid dolor magni esse. Et officia est non voluptatibus consequatur iste. Perspiciatis eius occaecati et earum deleniti non.',48,0,0,'2015-09-09 09:14:06'),(148,43,40,'Debitis est ut tempore error blanditiis amet ut. Delectus ratione voluptatibus ut non expedita laboriosam dolore quia. Et quis laboriosam et similique. Qui laborum aut iure aliquid. Libero quos mollitia quisquam eum architecto laborum.',61,1,1,'2017-06-24 12:17:03'),(149,68,22,'Praesentium consequatur dolor ipsa hic nihil rerum ex. Eius quia perspiciatis officia non vel. Unde quidem iste repudiandae omnis. Eligendi aliquid ea sit.',61,0,0,'2011-01-29 01:30:55'),(150,4,52,'Voluptates et consequatur vero voluptas. Vel vitae voluptatum sit perferendis. Voluptatibus dolores sed modi. Ipsum autem incidunt odit assumenda quo nihil facere.',19,1,1,'2015-06-27 04:38:54'),(151,48,84,'Sint dolorum modi autem quidem sint eaque. Deserunt dolor qui aut. Enim reprehenderit nam laborum sit quasi molestias. Voluptatum nesciunt magni eum accusamus vero minus quas iure.',12,0,0,'2010-12-13 00:00:51'),(152,77,32,'Error possimus repudiandae suscipit maxime quis est mollitia. Animi qui voluptates nam voluptas totam labore molestiae. Est qui quia vel mollitia. Ullam et deserunt dolore ab sint.',2,1,1,'2013-05-02 04:26:16'),(153,29,48,'Quidem illo sed qui consequuntur odit. Consectetur perspiciatis sed quasi rerum rerum. Consectetur tenetur delectus aut quisquam. Quo qui quia eaque ut quis ut et iure. Et rerum tenetur qui explicabo.',75,0,0,'2018-01-03 19:30:29'),(154,53,22,'Voluptates facere cum officia laboriosam cum culpa sed. Dolor voluptatibus facere maxime autem omnis et. Quisquam quae corrupti illo voluptates.',67,1,1,'2019-10-21 15:27:27'),(155,50,83,'Rem saepe voluptatem voluptatem maxime. Voluptate reiciendis omnis vel. Est adipisci quos voluptatem illum dignissimos maiores. Hic quis aut doloremque nam ipsa.',9,1,1,'2020-04-24 09:43:36'),(156,65,74,'Dolorem cupiditate delectus adipisci sit et et consectetur. Eum itaque quis voluptatem. Esse voluptates neque voluptatibus fugit quia veritatis. Est eveniet sapiente aut inventore non.',43,1,0,'2012-09-24 02:19:40'),(157,76,56,'Occaecati nobis molestiae quia molestiae accusantium non excepturi animi. Et iusto ut iste quis eum. Sunt reprehenderit aut ut. Eum sint repellendus natus repellat deserunt animi inventore quam.',87,1,0,'2011-03-28 01:45:38'),(158,54,1,'Ut itaque impedit molestiae quas aut. Iusto est est deleniti sapiente.',4,1,1,'2012-04-10 18:17:55'),(159,40,100,'Accusamus saepe quaerat amet nulla libero. Praesentium expedita impedit maxime sed. Occaecati eos rerum ut ducimus. Iure minima in voluptas voluptates et neque reprehenderit.',62,0,1,'2011-03-22 14:25:44'),(160,77,87,'Fugit iure neque aut. Et totam dolor consequatur ut. Similique deleniti ut id tempora eveniet.',97,1,0,'2016-07-17 23:37:04'),(161,3,51,'Ad voluptatem laborum delectus sit iusto illum. Aspernatur vitae voluptatum eaque soluta sed laborum quia distinctio. Omnis sequi neque et optio molestiae dolores aliquid tenetur.',97,1,0,'2014-06-30 14:44:23'),(162,46,78,'Libero quibusdam nesciunt et libero labore. Iste aut nulla enim non facilis omnis. Provident saepe error voluptas optio at provident ex sint.',96,1,0,'2012-12-09 03:53:31'),(163,50,16,'Voluptatem non dolorem aut eos facilis sequi. Iste totam nemo voluptates hic in dolore. Iure qui sunt eaque accusamus velit eos quaerat. Eligendi voluptatem corrupti tempora rem quia.',89,0,1,'2019-02-04 19:36:00'),(164,31,5,'Ipsa culpa quia quibusdam sequi et qui. Eligendi at illo earum nobis libero incidunt quia. Quidem veritatis eum dolore non cum. Qui sint et velit deleniti nisi cum aliquam non.',54,1,0,'2015-06-02 12:51:49'),(165,32,44,'Asperiores aut rerum nam maxime alias et. Quas quis aliquid reprehenderit iste numquam. Assumenda perspiciatis odit aut consequatur.',2,0,1,'2015-04-23 05:29:39'),(166,24,89,'Soluta eum aperiam et vitae sunt labore. Occaecati officia dolorum eos voluptatum suscipit aut est. Corporis modi explicabo accusantium quibusdam voluptatem sit cupiditate.',49,1,0,'2013-12-12 13:49:27'),(167,73,96,'Placeat incidunt id exercitationem dolorem qui. Necessitatibus ducimus necessitatibus rerum eveniet et. Molestias esse eum consequatur explicabo fuga quidem. Nesciunt voluptatem sunt voluptas aspernatur fugit quo ut consequatur.',38,0,1,'2017-10-14 11:27:16'),(168,61,18,'Earum sed consequatur maxime eligendi. Qui nihil consequuntur architecto alias. Dolores atque veritatis ex labore autem officia. Doloribus sapiente molestias provident.',44,0,0,'2018-07-18 14:41:12'),(169,5,71,'Quod incidunt eveniet dolor rem mollitia ducimus ut. Ut ullam veniam consequatur. Consequatur ipsum voluptas maiores enim consectetur dolorem.',4,0,1,'2014-04-07 12:52:57'),(170,41,91,'Non iure aut asperiores animi illo id nemo. Vel omnis deserunt sit amet. Quaerat recusandae itaque officia consequatur et repellat incidunt dolores.',86,1,1,'2013-05-14 09:58:48'),(171,31,81,'Facere et assumenda laboriosam omnis error tempore. Id commodi amet et earum. Eveniet et ut architecto praesentium similique mollitia quia.',19,1,1,'2015-01-19 02:11:31'),(172,12,17,'Aperiam minima qui corrupti quaerat dolorem sint asperiores. Qui est non est perspiciatis veritatis autem et.',38,0,1,'2010-12-09 14:51:03'),(173,46,80,'Et et sequi et et repudiandae cumque. Odio voluptas minus ea voluptatem. Illum quo beatae saepe magni dolore ut. Rem soluta doloribus nihil animi doloremque temporibus quae.',33,0,1,'2014-10-02 07:36:32'),(174,62,68,'Ab atque et totam itaque ea fugit. Blanditiis rem velit exercitationem dolorem facere unde voluptatem delectus. Repudiandae est eum rerum accusantium earum iusto. Consequatur quis harum libero.',51,1,0,'2016-10-21 22:50:28'),(175,55,71,'Laboriosam similique a itaque rerum. At harum inventore dicta. Est natus et sunt.',53,1,0,'2020-09-25 03:10:44'),(176,91,40,'Voluptatem quia et mollitia ad sed sed. Minima sit sunt consequatur sed. Reprehenderit perspiciatis ad itaque sequi ad. Molestiae mollitia dolorum quia et recusandae.',11,1,1,'2018-04-21 23:18:36'),(177,25,5,'Et ullam est voluptatibus consectetur sed aliquam. Facilis fugiat possimus et fuga tempora quia. Sed tempora aut maiores inventore aut nesciunt ad natus. Explicabo veniam sit et explicabo.',95,0,0,'2015-05-28 23:23:18'),(178,49,31,'A aliquam culpa minima neque. In ipsum dolore deserunt dolorum. Ipsam dicta et dolores quod non facilis iusto omnis. Possimus culpa laudantium sed.',42,1,1,'2012-01-31 10:38:10'),(179,9,48,'Officia animi laborum atque libero iusto. Quod consequuntur architecto dolor quisquam cum deserunt. Ratione mollitia accusantium hic minus est. Aliquid temporibus eius repudiandae ipsum perferendis.',26,1,0,'2016-04-09 13:32:50'),(180,15,32,'Autem nobis quo nihil recusandae ex. Doloribus fuga similique possimus in rem maxime.',4,0,1,'2010-12-03 07:36:38'),(181,12,66,'Doloribus sunt eum nostrum delectus sapiente laboriosam. Consequuntur sed eos tenetur repellat facere. Nam tempora sint odio est culpa ratione. Commodi velit illo eos unde.',42,1,1,'2013-09-01 01:26:02'),(182,92,63,'Molestias labore voluptate atque quaerat officiis. Sapiente quibusdam ipsam rem recusandae debitis voluptas. Amet ut numquam rerum asperiores eius.',95,0,1,'2017-06-10 06:34:27'),(183,38,100,'Aut iste tenetur sapiente non aut similique sed id. Cumque ducimus pariatur eum nulla asperiores laudantium. Et ipsum accusantium quos eos vel.',49,1,1,'2012-10-19 11:04:02'),(184,86,28,'Voluptatem omnis voluptatum ut voluptatem. Esse vero doloribus voluptas id. Ut ducimus esse id mollitia neque accusamus.',62,1,0,'2017-11-19 01:13:26'),(185,83,31,'Reprehenderit quisquam id pariatur eos rerum. Voluptate qui suscipit alias quo voluptatibus. Aut exercitationem corporis illo nesciunt suscipit in.',60,1,0,'2015-06-10 07:39:19'),(186,7,39,'Unde neque blanditiis incidunt eaque voluptatibus. Tempora numquam reiciendis non aut et quis commodi. Similique cupiditate aut et similique modi.',13,1,1,'2011-10-14 17:56:59'),(187,76,63,'Velit magnam autem dignissimos doloribus saepe est. Rerum eaque recusandae beatae officiis quo. Inventore hic voluptas iure et. Qui optio assumenda amet nostrum magni. Non sed quis asperiores possimus.',84,1,1,'2013-07-06 00:38:56'),(188,84,31,'Aliquid exercitationem quis aperiam atque vel. Ipsam voluptatibus deleniti laboriosam id et recusandae qui.',83,1,0,'2012-07-18 02:13:48'),(189,3,21,'Necessitatibus est sed ut nam et laborum corporis. Sed voluptatibus atque iusto qui. Voluptatem non est est omnis animi sed et. Rerum hic quasi tenetur. Quisquam dolorum quos nam nemo fugiat.',62,1,0,'2013-01-13 17:44:24'),(190,95,10,'Repellat deserunt modi earum inventore. Quae saepe repudiandae distinctio magnam autem nisi eveniet.',59,1,1,'2019-10-23 01:19:43'),(191,68,8,'Sit fugiat dignissimos dolores omnis. Quibusdam vel sequi voluptate voluptatem hic hic enim aliquid. Non error quam quo suscipit. Sed vel possimus ut qui error recusandae iusto numquam.',8,0,1,'2015-06-08 14:13:34'),(192,36,57,'Magnam iure consectetur saepe enim repellendus quis itaque eligendi. Et nostrum molestiae quia molestiae reiciendis molestiae. Sed provident quis sint omnis vel id.',65,0,0,'2011-10-18 11:43:50'),(193,76,6,'Quaerat rerum eligendi esse rerum eum id. Deserunt temporibus natus et sunt explicabo. Sint eum et aut est. Magni iste aut voluptas odit.',1,1,1,'2011-03-31 22:53:22'),(194,3,98,'Eligendi saepe qui delectus quia sunt autem quia dolores. Explicabo quia fuga nam doloribus impedit.',7,1,1,'2011-05-23 22:10:52'),(195,81,9,'Repudiandae et atque eligendi illum eos provident saepe. Vero et adipisci vitae quae earum. Reiciendis repellendus qui qui voluptatibus.',33,0,1,'2014-03-04 12:21:54'),(196,1,79,'Dolores dolores voluptatem et est. Rerum quam natus quisquam harum aut est. Temporibus et est repudiandae. Dicta sunt magni maiores est. Facilis ea ex aspernatur.',41,1,0,'2017-03-21 22:39:55'),(197,90,12,'Maxime optio qui quam. Est ut velit culpa. Iusto in ut ut aperiam omnis perferendis. Inventore aut ipsa eius facere quia et.',8,1,1,'2014-02-22 01:53:33'),(198,89,10,'Non eveniet quas saepe natus quasi assumenda nihil. Accusamus tempore et velit quia. Inventore ut doloremque sit voluptatem. Ipsa voluptatum minima quia rerum cum praesentium ipsum corrupti.',14,1,1,'2015-10-28 03:24:01'),(199,16,82,'Error quas voluptatibus fugiat accusantium earum nemo nesciunt. Quisquam quo dolorum expedita nam non iste. Optio cum saepe neque recusandae non optio accusamus.',46,1,0,'2018-01-23 21:59:16'),(200,60,55,'Natus mollitia eligendi optio architecto et harum explicabo ut. Fugiat voluptatem soluta ullam. Cupiditate amet nam ut et magnam est consequatur. Perferendis a sint deserunt eaque dolor perferendis quisquam. Illo tempora sequi quasi hic.',88,1,1,'2013-03-29 07:58:59'),(201,94,6,'Tempore eaque vel et quis consequatur nihil. Omnis voluptatibus neque non vitae est. Fugiat ut sit tempora quo.',100,0,1,'2017-01-21 00:41:28'),(202,46,11,'Beatae similique maxime officia sed enim et est. Sapiente exercitationem eos et blanditiis. Ut veritatis sit ratione distinctio.',35,0,0,'2012-01-28 07:47:26'),(203,16,49,'Et consequatur illum recusandae. Ex non fuga et modi nesciunt.',77,1,0,'2012-11-28 18:26:03'),(204,94,22,'Explicabo sint labore ad alias. Consequatur aut labore nulla. Eius aut illo voluptatibus tempore omnis. Id id rem aspernatur eaque illo autem cupiditate.',79,1,0,'2011-12-13 22:22:09'),(205,29,77,'Ab blanditiis beatae tempore autem mollitia corporis dolores alias. A quas et molestias saepe qui. Atque modi sequi et ea similique qui.',63,1,0,'2020-03-09 01:31:35'),(206,97,53,'Sed ipsa officia corporis et. Fugit laboriosam sit dicta molestiae sequi labore est. Ea aut et officiis omnis voluptas ut ad corrupti.',77,0,1,'2013-10-13 12:37:12'),(207,75,17,'Qui aut eos nihil. Est aut praesentium nihil rerum. Dolores iusto eaque expedita veniam ducimus.',97,1,1,'2013-05-26 08:40:58'),(208,59,41,'Eum qui similique dolorem. Eveniet similique perferendis enim eveniet suscipit rerum error. Dolorum voluptas qui repellat debitis ea iusto et quod.',55,0,0,'2017-01-12 15:33:32'),(209,29,21,'Quis maxime non praesentium ipsum nesciunt tenetur ratione. Natus aut magnam rerum voluptas rem voluptas. In cumque neque accusamus consequatur in et. Quos suscipit quibusdam eum impedit.',80,1,0,'2019-07-06 10:45:17'),(210,18,28,'Mollitia qui qui qui. Id commodi ut tempore sed. Dolor voluptatem qui eum praesentium amet in. Quia laboriosam asperiores officia libero itaque.',37,0,1,'2011-09-26 03:24:17'),(211,83,32,'Laudantium sunt nobis harum minus. Architecto veniam est quia et. Eaque doloremque est qui. Et aspernatur assumenda iste quo.',45,0,0,'2014-12-07 03:48:51'),(212,10,52,'Eius cum est doloremque voluptate autem aperiam earum. Excepturi rem illo doloremque molestias. Repellat qui id est placeat facilis quia.',14,0,0,'2012-06-12 13:55:29'),(213,31,99,'Aut voluptatem veniam qui nobis. Id et dolore illo dolorem aut autem. Iusto nihil eaque exercitationem odit consequatur et. Commodi porro ut tempora nam qui esse.',33,1,0,'2013-08-19 00:40:42'),(214,2,14,'Nemo quos modi sint. Placeat ut ut voluptas aut illo odit vel. Sint animi quia et at alias cupiditate est. Vero tempora laudantium in velit molestiae.',21,0,1,'2014-04-09 03:55:46'),(215,61,62,'Et molestias magni velit mollitia nam non est. Minus qui omnis nemo dolores voluptatum. Debitis quia et explicabo aperiam ut tempore deleniti. Est iure corrupti nemo quam totam enim id. Esse recusandae laboriosam aut laboriosam qui.',9,0,1,'2019-03-20 06:14:20'),(216,27,47,'Cum sed vero aut dicta. Tempora laboriosam non non voluptate debitis inventore pariatur. Inventore odit sequi facere dolorum. In vitae eaque eveniet aliquid.',79,0,1,'2015-04-16 17:49:24'),(217,55,33,'Impedit provident repellat iusto ipsam culpa quam minus. Alias sit animi ullam laudantium in molestiae. Hic eum officiis iste exercitationem et voluptatibus. Repellat veritatis nemo et non architecto cupiditate aut.',70,0,1,'2013-12-02 00:10:45'),(218,98,91,'Qui maiores iure sit adipisci. Quia occaecati beatae fuga maxime atque perferendis. Iste omnis nihil ipsum cum quod soluta.',12,0,1,'2015-03-20 14:51:40'),(219,60,28,'Et possimus qui qui ut ratione laudantium. Odio non ut tempora illo nam qui. Voluptatem nemo at est et facere voluptatem et.',47,1,0,'2017-04-09 12:02:29'),(220,60,13,'Maxime in est enim corrupti omnis unde eaque. Ut quis quam consequatur iure excepturi. Voluptatem eveniet qui repellendus ex est. Quis delectus velit et dolor omnis rerum omnis quia.',1,0,1,'2015-11-12 07:07:44'),(221,86,91,'Est animi numquam quia magni sit. Commodi veritatis aut ut expedita impedit et nihil. Explicabo accusantium consequatur velit excepturi libero nemo. Suscipit qui laboriosam libero quo.',61,0,1,'2015-12-04 22:31:33'),(222,96,6,'Veniam ex pariatur consectetur doloremque eum ut. Distinctio porro distinctio a est. Sed ipsam totam qui incidunt maiores.',4,0,1,'2017-08-02 03:32:50'),(223,40,83,'Debitis sequi fugit earum totam ex. Nisi nihil nesciunt est saepe et dolorum. Cum quod saepe occaecati iusto fugit nulla.',34,0,0,'2014-07-10 17:31:01'),(224,95,26,'Nesciunt nihil est commodi consequuntur delectus. Eaque quis qui dolor deleniti animi sit id. Et dolorem nulla velit voluptatem aut et. Aut aut dolores est dolores nihil voluptas numquam incidunt.',58,1,1,'2019-12-17 08:50:23'),(225,44,41,'Voluptatem impedit nesciunt incidunt praesentium. Eius ut deleniti aut vel quibusdam modi. Fugiat consequatur numquam sed placeat blanditiis. Beatae necessitatibus quis rerum repudiandae praesentium rerum id.',87,0,0,'2012-09-23 06:30:06'),(226,74,45,'Est officiis ad corrupti recusandae deleniti at expedita. Error voluptas vel voluptatem quis eligendi animi. Dicta dolor reiciendis praesentium velit nemo facilis.',62,0,1,'2014-10-24 14:55:54'),(227,4,82,'Ipsum ipsum esse ut est. Commodi ea sit et repellendus illum expedita occaecati. Rerum sed quia velit voluptate et. Maiores velit tenetur quis.',46,0,1,'2011-09-26 22:29:10'),(228,98,46,'Modi quam et dolor libero est et est. Accusamus incidunt eveniet laudantium quis molestias porro. Consequatur id sed rerum vel corporis officia. Dolorem laudantium error repellat velit facilis voluptatem.',47,1,0,'2015-11-11 10:17:16'),(229,33,29,'Porro sequi consequatur quo non sunt. Porro repudiandae non nostrum eius vitae impedit neque. Iusto perferendis ex maxime enim quod nulla in. Est numquam repellat nisi rerum quis consectetur.',93,1,0,'2010-11-17 20:11:12'),(230,44,31,'Minus atque qui dolore tempora. Quam earum sunt molestiae porro. Non eum neque optio amet totam quasi est. Molestiae quis asperiores enim voluptates a sint distinctio. Voluptas assumenda dolorem voluptas deserunt aspernatur aliquid et voluptatem.',27,0,0,'2017-10-21 06:42:18'),(231,24,27,'Recusandae eius illo qui ut. Excepturi dolore facilis sint cupiditate. Nulla ipsa optio quaerat quis veniam perspiciatis. Sunt unde et eius quae dolorem quasi aut quia. Consequatur dolores dolores aut.',52,0,0,'2012-04-13 17:32:21'),(232,60,22,'Corrupti rerum praesentium asperiores dolorem delectus recusandae. Doloremque fugit ut molestiae labore quas dolorem magnam. Commodi earum fuga sit sit quia. Et voluptatem eos aut.',79,0,0,'2015-08-27 14:15:06'),(233,27,69,'Possimus explicabo possimus quia quos tempora. Alias necessitatibus rerum eius exercitationem voluptatibus quia. Perferendis atque quisquam et iste veritatis hic. Nobis tempore sit optio rerum pariatur ullam.',41,0,0,'2015-03-27 07:49:00'),(234,62,5,'Qui enim praesentium mollitia quia nihil. Unde dolore suscipit dolorem est. Voluptatibus praesentium hic ab enim ea quos. Ut voluptatem inventore quia facilis ut consequuntur.',67,0,1,'2019-09-24 11:36:28'),(235,38,76,'Facilis et in provident et. Nobis aut harum ut et dolorum ut quaerat. Sunt quia aut aperiam aut ducimus.',12,0,1,'2019-04-16 18:44:49'),(236,65,97,'Quo unde sed repellat architecto tempora. Et corporis unde ab enim. Rerum non inventore repellat sed assumenda pariatur nulla asperiores.',59,1,1,'2014-01-05 03:17:16'),(237,87,44,'Blanditiis eius vitae et. Dicta ipsum aut consectetur hic nam in ipsam.',56,0,1,'2014-11-22 04:42:05'),(238,58,60,'Aliquam ut illo voluptatum est harum beatae. Omnis ex quia praesentium et. Fuga velit assumenda consectetur soluta quidem tempora et ex.',4,1,1,'2018-10-31 17:25:46'),(239,26,47,'Velit et laudantium non est. Incidunt delectus culpa consectetur voluptas laborum nemo. Distinctio eius quasi quae culpa quasi vel. Consectetur deserunt dolores iure veniam quae.',50,1,1,'2016-10-24 23:15:21'),(240,56,40,'Minus ea doloribus ipsum dicta sunt soluta voluptas. Sed molestiae eius error est. Omnis qui molestias neque exercitationem.',37,0,0,'2013-04-20 04:00:20'),(241,33,44,'Fugiat et quo doloribus repellendus officiis. Ut fuga qui eveniet. Saepe deserunt at sed.',37,1,1,'2019-04-26 03:45:06'),(242,21,71,'Aperiam sit libero vitae praesentium. Voluptatum aut eius minus autem. Blanditiis praesentium reiciendis nulla eos sed. Eos adipisci et et suscipit perspiciatis tempora autem.',71,1,1,'2012-11-05 21:26:22'),(243,93,50,'Dicta distinctio saepe rerum provident. Consequatur molestias tenetur vitae error. Quidem et cumque praesentium.',46,0,0,'2019-07-22 04:13:53'),(244,71,5,'Ex consectetur eum aut natus. Et ut iusto nesciunt ea ea ut consequatur. Architecto iusto nulla eligendi tenetur.',16,1,0,'2013-03-23 05:07:50'),(245,12,44,'Porro non beatae voluptatem vitae et necessitatibus. Sed et vitae nam veritatis. Et dignissimos perferendis eaque sunt. Asperiores labore repellendus fugiat ipsum et doloribus sed.',40,0,1,'2019-05-17 14:20:38'),(246,82,77,'Id quis et enim sunt. Ea rerum atque est et magni exercitationem esse. Possimus eaque quia totam aut.',52,1,0,'2012-03-11 21:00:36'),(247,38,61,'Officiis excepturi voluptas delectus autem totam. Nostrum provident non quia dolorem. Et voluptatem tenetur modi.',40,1,1,'2016-07-06 22:57:09'),(248,89,63,'Nobis tenetur enim deserunt nihil. Modi occaecati rerum nesciunt quaerat odio. Dolorem quasi ut dolorum qui est eos eum.',45,1,1,'2014-11-16 05:06:16'),(249,80,47,'Dolor quos consequatur vero pariatur. Ut ab hic voluptatem laudantium maxime facere eos. Molestiae voluptas tempora qui qui eum quas aut. Dolorum molestias id iusto expedita optio nostrum. Tenetur consequatur quo placeat ea.',4,1,1,'2019-04-13 17:38:13'),(250,92,17,'Eos ut cum est aut. Praesentium modi praesentium at sed. Esse dolores velit et aut ut id non. Corporis molestias at ut.',83,0,0,'2012-01-03 06:10:44');
/*!40000 ALTER TABLE `messages` ENABLE KEYS */;
UNLOCK TABLES;

--
-- Table structure for table `posts`
--

DROP TABLE IF EXISTS `posts`;
/*!40101 SET @saved_cs_client     = @@character_set_client */;
/*!40101 SET character_set_client = utf8 */;
CREATE TABLE `posts` (
  `id` int(10) unsigned NOT NULL AUTO_INCREMENT,
  `user_id` int(10) unsigned NOT NULL,
  `community_id` int(10) unsigned DEFAULT NULL,
  `head` varchar(255) COLLATE utf8mb4_unicode_ci DEFAULT NULL,
  `body` text COLLATE utf8mb4_unicode_ci NOT NULL,
  `media_id` int(10) unsigned DEFAULT NULL,
  `is_public` tinyint(1) DEFAULT '1',
  `is_archived` tinyint(1) DEFAULT '0',
  `created_at` datetime DEFAULT CURRENT_TIMESTAMP,
  `updated_at` datetime DEFAULT CURRENT_TIMESTAMP ON UPDATE CURRENT_TIMESTAMP,
  PRIMARY KEY (`id`),
  KEY `posts_community_id_fk` (`community_id`),
  KEY `posts_media_id_fk` (`media_id`),
  KEY `posts_user_id_fk` (`user_id`),
  CONSTRAINT `posts_community_id_fk` FOREIGN KEY (`community_id`) REFERENCES `communities` (`id`),
  CONSTRAINT `posts_media_id_fk` FOREIGN KEY (`media_id`) REFERENCES `media` (`id`),
  CONSTRAINT `posts_user_id_fk` FOREIGN KEY (`user_id`) REFERENCES `users` (`id`)
) ENGINE=InnoDB AUTO_INCREMENT=101 DEFAULT CHARSET=utf8mb4 COLLATE=utf8mb4_unicode_ci;
/*!40101 SET character_set_client = @saved_cs_client */;

--
-- Dumping data for table `posts`
--

LOCK TABLES `posts` WRITE;
/*!40000 ALTER TABLE `posts` DISABLE KEYS */;
INSERT INTO `posts` VALUES (1,34,4,'Cum qui repudiandae facilis aut ut aut et.','Voluptatem voluptatem eos et deserunt ad. A voluptates et aut a quisquam. Modi quia repudiandae sint tempore omnis dolorum. Natus consequuntur consequatur suscipit et dolorem repudiandae voluptatem.',98,1,1,'2007-09-20 05:01:45','2020-11-21 20:56:21'),(2,73,8,'Commodi dolorum eos tempore sit quis voluptatem qui eum.','Odio consequatur et ut deleniti enim aut eos. Non tempora doloremque aut possimus expedita quam. Quasi consequatur placeat at.',55,1,1,'1982-05-13 01:46:47','2020-11-21 20:56:21'),(3,57,3,'Molestiae ut in ea beatae velit.','Temporibus molestiae ipsam qui. Doloremque illum illo repellendus repudiandae et sint vitae. Necessitatibus tempore autem pariatur beatae. Rerum voluptatem molestias illum sed.',71,1,0,'1998-04-28 00:15:23','2020-11-21 20:56:21'),(4,4,5,'Vero ratione sequi amet ducimus consequatur et.','Autem quis aliquam quasi libero voluptatum a optio. Dolorem odit perspiciatis dolor. Dolores qui cupiditate rerum. Ipsum earum officia repudiandae.',76,0,0,'1991-02-24 06:54:24','2020-11-21 20:56:21'),(5,23,7,'Qui deleniti quos quia.','Aliquid autem sunt voluptas omnis ut officiis. Ullam ipsam enim quam natus libero. Voluptatem aspernatur deserunt voluptatem sed ducimus. Qui quas adipisci recusandae sunt.',56,0,1,'2015-05-20 08:29:02','2020-11-21 20:56:21'),(6,19,2,'Non laudantium quia aut aut.','Ut at sed in et cum quas in. Non voluptas sed qui ipsa impedit beatae voluptatem. Excepturi sapiente vero sit vero.',18,0,1,'2015-02-24 01:46:26','2020-11-21 20:56:21'),(7,41,7,'Quisquam mollitia aut facere magni.','Aut consequatur facilis id. Quidem molestias quasi placeat necessitatibus qui aut dolorum totam. Non tenetur et natus quo amet accusamus. Earum rerum blanditiis ut aut molestias tempora quia.',67,1,1,'2016-10-19 03:13:23','2020-11-21 20:56:21'),(8,47,6,'Qui culpa enim explicabo dolorem autem.','Adipisci consequatur fugit labore. Ipsa error blanditiis nihil inventore est ipsa suscipit laboriosam. Maxime labore alias amet. Quae deserunt odio ducimus aliquid earum accusantium.',100,1,1,'1991-06-11 17:03:21','2020-11-21 20:56:21'),(9,35,2,'Excepturi voluptate maxime quis nesciunt sed laborum accusamus.','Nobis illo voluptas deserunt in soluta facere. Ratione nulla et consequatur harum voluptatem eius nemo. Quidem autem quia provident dolorem pariatur quo.',85,1,0,'1977-05-23 14:54:50','2020-11-21 20:56:21'),(10,92,5,'Commodi dolorem illo occaecati aliquid impedit eveniet sit.','Quae amet aut numquam vero rerum eveniet. Repudiandae fuga tempora et distinctio commodi. Dolorum illum odio molestiae est eligendi et ea. Dolores impedit amet accusantium dignissimos.',95,0,1,'1983-09-21 00:29:13','2020-11-21 20:56:21'),(11,50,2,'Asperiores dolore et omnis cum a beatae est.','Magnam tenetur qui quasi qui at inventore. Qui adipisci explicabo aliquam tempore qui beatae. Numquam debitis sit atque doloremque in ad.',34,0,1,'1989-12-19 19:14:38','2020-11-21 20:56:21'),(12,20,1,'Enim fuga vel et.','Ea eveniet ipsa quos unde facere. Mollitia rerum possimus inventore. Aut sapiente fuga voluptatem impedit dolorem quibusdam aperiam. Quo qui voluptate voluptas tempore ipsam consectetur aliquid.',91,0,0,'2000-10-09 13:07:54','2020-11-21 20:56:21'),(13,26,2,'Aliquam et sapiente et soluta.','Beatae veritatis minima voluptas provident omnis reprehenderit id. Mollitia labore quia ut animi. Qui vitae possimus quasi expedita aut.',93,0,0,'2014-02-04 13:04:36','2020-11-21 20:56:21'),(14,6,3,'Accusamus nostrum sit aut adipisci est.','Quae velit voluptas libero molestiae. Dolorem hic est sed rerum. Adipisci vel culpa dignissimos sit ut est incidunt. Qui consectetur blanditiis enim omnis.',9,1,0,'1991-02-14 01:11:59','2020-11-21 20:56:21'),(15,38,6,'Esse qui magnam voluptatum et cupiditate neque fugiat.','Qui eos labore tempora exercitationem porro est. Id maxime sint accusantium ut sit assumenda dolorum. Autem dolores sint nisi.',9,0,0,'1993-07-09 21:47:27','2020-11-21 20:56:21'),(16,49,7,'Sunt voluptatem tempora similique explicabo aut modi perferendis.','Cumque est blanditiis in autem alias dolore. Unde et harum quaerat dicta qui voluptatem ut. Totam iusto nobis et et quibusdam rerum eum tenetur. Tempore autem quia tempore enim qui voluptate.',75,0,1,'1976-02-14 08:19:30','2020-11-21 20:56:21'),(17,76,1,'Veritatis eligendi impedit quod rem id voluptatibus necessitatibus in.','Consequatur consequatur impedit sapiente est. Sit et itaque suscipit eligendi. Quae voluptatem autem qui aut adipisci esse.',34,0,1,'1995-05-23 10:11:40','2020-11-21 20:56:21'),(18,15,7,'Et veniam vel cupiditate quasi quisquam quis.','Delectus consequatur quisquam maxime velit dolore. Libero et sit dolorum nesciunt excepturi nihil. Totam quae libero id error velit.',82,1,0,'1979-04-11 02:28:20','2020-11-21 20:56:21'),(19,25,6,'Debitis ea deleniti eaque quisquam iste.','Sint eveniet voluptas possimus ullam vero accusantium occaecati. Repellendus alias ratione qui qui.',98,1,0,'2000-05-18 13:11:37','2020-11-21 20:56:21'),(20,60,1,'In officiis est nisi occaecati non expedita.','Enim blanditiis aut ipsa fugiat eum sint. Dolorum est numquam omnis fuga minima. Aut omnis optio dolor quod mollitia quidem. Exercitationem perspiciatis similique magni quae alias quos.',55,1,1,'2011-04-19 03:10:06','2020-11-21 20:56:21'),(21,5,4,'Dolorum est id sapiente nulla.','Necessitatibus qui consequatur sunt expedita facilis. Enim placeat corporis placeat dolor consequatur. Tempore ratione voluptas sint qui odio.',25,1,0,'1973-12-10 05:12:35','2020-11-21 20:56:21'),(22,13,6,'Dolor nisi minus voluptas.','Provident omnis aut ut adipisci esse et labore. Nisi ullam necessitatibus qui voluptas. Recusandae aperiam et officiis omnis et.',15,1,1,'2000-02-25 00:02:47','2020-11-21 20:56:21'),(23,81,4,'Modi id distinctio non sapiente.','Aut temporibus tempora nemo. Sint minima iusto eos accusamus eum tempore. Esse provident iure sit voluptatem. Esse doloribus cumque doloremque sed ducimus.',6,1,1,'1972-06-08 13:04:00','2020-11-21 20:56:21'),(24,76,3,'Ratione quis omnis ut sequi et voluptas inventore aliquam.','Et veritatis eos iure. Consequatur illo voluptas sit unde et molestiae consequatur. Illum illo vel accusamus maiores.',17,1,0,'1973-02-23 05:01:51','2020-11-21 20:56:21'),(25,72,5,'Adipisci ullam vitae aut temporibus.','Labore quo quo qui itaque fugit similique quam libero. Ut placeat id necessitatibus maiores. Tenetur maiores eveniet quia et. Sapiente possimus distinctio quo.',90,1,1,'2012-05-14 13:46:43','2020-11-21 20:56:21'),(26,15,7,'Et ipsam placeat magnam qui eos quia.','Voluptatum ex at unde non. Ratione commodi et accusamus maiores et. Amet eos dolor laborum qui ut et.',84,1,1,'2000-01-06 11:34:05','2020-11-21 20:56:21'),(27,10,6,'Eaque eum et facere ipsam.','Architecto in voluptatem dolorem quibusdam. Et voluptates labore omnis doloremque qui corporis. Quo laudantium fuga aut ut dolorem quo dolor.',23,0,0,'1984-12-09 20:58:42','2020-11-21 20:56:21'),(28,1,7,'Ut nostrum consequatur sunt maiores.','Dolores autem dolor esse cumque explicabo cupiditate. Animi vel numquam voluptas vitae dolorum. Esse quia cupiditate hic.',92,0,0,'1989-09-13 02:37:42','2020-11-21 20:56:21'),(29,30,3,'Dolor minima et voluptate tenetur.','Velit ratione tempora deleniti. Totam nobis quis eum expedita et. Qui veniam hic consequatur officia et. Sunt ipsam ea ipsa.',58,1,0,'1978-06-03 14:40:04','2020-11-21 20:56:21'),(30,96,3,'Velit et et quas cum quia accusantium.','Velit ex non harum et ad saepe. Harum minima culpa eum eaque veritatis neque.\nIpsa facere cumque eligendi eligendi aut. Consectetur sit suscipit ullam. Blanditiis et molestiae labore.',44,0,1,'1988-06-28 19:10:46','2020-11-21 20:56:21'),(31,61,4,'Eos et culpa incidunt quia quisquam magni.','Dolores sit dolorem qui totam praesentium quo velit. Ut fuga recusandae voluptatem dignissimos ipsum. Magnam corrupti provident omnis laborum totam temporibus unde amet.',15,1,0,'1976-10-06 02:01:24','2020-11-21 20:56:21'),(32,33,4,'Possimus accusamus saepe ut excepturi et.','Nihil eius perferendis cupiditate sint aut aliquid non. Sequi ut modi eum corrupti repellat quia. Nobis voluptates sit ut iste fugiat. Nemo rerum necessitatibus recusandae aliquid perspiciatis cum.',13,0,0,'1970-04-02 23:15:09','2020-11-21 20:56:21'),(33,10,2,'Quam iusto sed nemo suscipit.','Nesciunt consectetur numquam sint repudiandae a id facilis. Dolorum voluptatibus voluptas quia in rem saepe. Similique officia voluptatem vero dolorem modi.',45,1,1,'1996-03-28 13:13:17','2020-11-21 20:56:21'),(34,85,3,'Est delectus eos qui rem ut qui ipsum omnis.','Exercitationem et autem expedita non asperiores qui. Earum perspiciatis ut qui eveniet deleniti eius commodi. Velit suscipit voluptatem omnis aut odio pariatur laborum. Error esse sit eum odit quo.',88,1,0,'1970-07-08 01:02:48','2020-11-21 20:56:21'),(35,67,2,'Repellat in odio repellendus dicta.','Vel est et nihil excepturi ut. Placeat sit iusto vel ut. Doloribus esse excepturi cum magni sapiente quo facilis. Nostrum saepe est voluptatem.',80,0,0,'2014-05-16 17:55:34','2020-11-21 20:56:21'),(36,86,1,'Nihil ut placeat non quasi officiis.','Doloribus enim facere nesciunt possimus officiis. Iusto exercitationem eum excepturi et porro. Nesciunt quasi praesentium expedita vel adipisci eum qui.',83,1,1,'1981-08-10 06:35:53','2020-11-21 20:56:21'),(37,31,5,'Laborum dolorem vero aut et soluta iure.','At illum voluptatem inventore dolorem quia. Tempore et dolorem quisquam perspiciatis minus quia ad. Earum reprehenderit et soluta mollitia eius.',73,0,0,'1973-12-16 04:19:32','2020-11-21 20:56:21'),(38,24,8,'Earum dolorum distinctio sed eaque.','Est aut excepturi ut. Nesciunt molestiae hic in autem in deserunt dolor odio. Ut et earum dignissimos unde voluptates non quia.',92,1,0,'1973-08-12 22:20:36','2020-11-21 20:56:21'),(39,4,3,'Ut quibusdam autem ullam non rem perspiciatis repellat quia.','Est omnis sed repellat reprehenderit reiciendis. Nulla ut velit recusandae saepe possimus sed. Dolor earum alias soluta sed.',35,1,0,'1985-12-06 09:37:19','2020-11-21 20:56:21'),(40,40,4,'Blanditiis eos ea eos explicabo.','Porro consequatur modi ratione vero qui. Vitae repellendus ducimus rerum reiciendis error. Mollitia optio impedit ea accusamus.',99,1,0,'2020-07-21 04:19:45','2020-11-21 20:56:21'),(41,61,7,'Et neque maiores aut corporis doloremque culpa enim consequuntur.','Eum magni sed voluptas blanditiis est. Sit numquam adipisci fugit non consectetur. Magnam impedit voluptatem voluptas quod consequuntur.',7,0,1,'1996-07-14 04:27:40','2020-11-21 20:56:21'),(42,2,6,'Ipsum aut vitae dolores sint rerum dolores.','Est error quibusdam iusto aut. Consequatur earum sint eligendi excepturi iusto est. Dicta quisquam accusamus atque rerum provident illo.',24,0,0,'2009-08-27 18:35:54','2020-11-21 20:56:21'),(43,21,8,'Quisquam ducimus ea iure aut dolorum iusto.','Omnis sint earum aperiam voluptatem. Maiores sint quod eum corporis vitae. Consequatur voluptatem at fugit. Sit facere molestiae fuga excepturi adipisci quis voluptatem.',97,0,0,'2020-01-17 17:13:35','2020-11-21 20:56:21'),(44,8,8,'Eum et omnis ipsa hic id quisquam.','Provident corporis illo eum cum labore non. Ut vel neque ut ipsum. Velit delectus aut veniam et repellendus. Sit ab ducimus eveniet at vel eaque dignissimos.',72,1,1,'1986-08-30 05:45:46','2020-11-21 20:56:21'),(45,56,2,'Quo illo et saepe et commodi deserunt et.','Excepturi commodi aliquid qui eligendi qui similique. Fuga aspernatur eligendi id. Et quos est est rerum impedit odit doloremque. Doloribus dolorem nihil totam quasi voluptatem et quo omnis.',23,1,0,'1996-09-26 01:20:36','2020-11-21 20:56:21'),(46,58,1,'Et qui dolor consectetur ullam voluptate.','Sunt vel aliquid voluptate maxime in sint tenetur. Nihil et et laborum natus. Numquam voluptas nemo incidunt rerum accusantium consequuntur.',56,1,0,'1988-09-19 06:28:31','2020-11-21 20:56:21'),(47,91,4,'Voluptatem quae et provident qui molestias et tempora.','Ullam eos a aut saepe explicabo quae. Doloribus exercitationem eligendi repellat quos. Quis quia corporis commodi vero doloremque soluta.',73,0,1,'1989-12-03 18:07:54','2020-11-21 20:56:21'),(48,53,7,'Omnis recusandae qui id aliquam.','Tenetur doloremque perspiciatis earum dolorem autem doloremque et ullam. Natus provident laborum nesciunt qui. Ratione consectetur non illo. Consequatur est numquam id et enim sunt dolor.',61,1,1,'1973-11-01 21:47:46','2020-11-21 20:56:21'),(49,14,4,'Asperiores dignissimos ut quia delectus ut.','Sequi est est molestiae nam. Quasi eaque dicta error repudiandae harum tempore. Consequatur omnis sed voluptatibus reprehenderit nisi vero. Suscipit id quis et modi aliquid.',6,1,1,'2006-11-28 17:36:37','2020-11-21 20:56:21'),(50,41,7,'Quo culpa nostrum quia est ratione.','Et dolore dicta asperiores vitae adipisci at rem. Modi debitis enim consequatur et porro sed excepturi. Consequatur id officia voluptatibus ullam quod officia itaque aut.',71,0,1,'2007-01-17 00:16:18','2020-11-21 20:56:21'),(51,14,4,'Dolorum odit officiis et non.','Nihil et reprehenderit quisquam cumque et nemo. Excepturi consectetur voluptatem est quis asperiores labore et eligendi. Autem necessitatibus nobis ipsum qui optio dolores.',2,1,0,'1977-02-02 16:22:18','2020-11-21 20:56:21'),(52,28,3,'Natus ab omnis aspernatur omnis.','Quo esse cupiditate ducimus eum non. Eligendi aut rem at aut. Animi nesciunt odit accusamus et totam placeat dolor.',66,0,1,'2010-12-02 02:20:39','2020-11-21 20:56:21'),(53,49,6,'A et vel nesciunt voluptatem id.','In facilis qui tenetur rerum aut nihil sit. Nihil unde voluptatem ipsa.',87,0,0,'1980-08-02 09:07:34','2020-11-21 20:56:21'),(54,57,4,'Quia quaerat earum inventore quia debitis adipisci sequi.','Quos qui eveniet nam nesciunt porro. Odio aut debitis aut nihil sequi vero velit. Quaerat natus eos repudiandae consequatur.',59,1,0,'1992-11-03 19:17:13','2020-11-21 20:56:21'),(55,63,8,'Iure error repellat nihil vero a nisi itaque.','Reprehenderit perspiciatis cum ea aliquam commodi saepe. Unde eum impedit ea consequatur id aliquid. Nemo esse et et ea similique quo. Quisquam veritatis rerum et qui.',78,0,0,'2011-02-19 16:39:51','2020-11-21 20:56:21'),(56,57,3,'Officiis libero at maxime sapiente qui.','Consequatur voluptatem officiis molestias sed. Voluptatibus odit fugit autem accusamus ipsa. Aliquid expedita quis eum.',87,0,0,'1970-03-08 11:43:54','2020-11-21 20:56:21'),(57,61,8,'Eveniet in non non rem itaque.','Laudantium facilis non aut iste sapiente corrupti. Qui perferendis autem eligendi voluptatem. Expedita voluptatem excepturi itaque aspernatur possimus odio est.',5,0,0,'2007-01-04 04:44:18','2020-11-21 20:56:21'),(58,69,5,'Quaerat voluptatibus fugiat autem occaecati debitis optio pariatur.','Id sed error dolorem quo at aperiam consequuntur est. Optio quam deserunt recusandae at. Commodi laborum consequatur explicabo voluptatem. Quis iste possimus nobis consequatur explicabo nesciunt.',52,0,1,'1999-11-02 00:37:58','2020-11-21 20:56:21'),(59,71,8,'Ex magnam perspiciatis inventore aut fugiat eveniet.','Quis ut recusandae ad eum distinctio nesciunt et. At modi sed fugit esse numquam. Voluptatem ea error voluptatem iure.',31,1,0,'1994-10-23 20:14:30','2020-11-21 20:56:21'),(60,69,1,'Facilis voluptates optio quia alias.','Eveniet sunt doloribus fugit quo. Voluptate aut non minima similique veniam. Qui saepe dolorem nihil molestiae odit et. Est aspernatur repellendus et ex dolorum architecto pariatur.',17,1,0,'1986-04-13 10:59:19','2020-11-21 20:56:21'),(61,7,2,'Sed sequi voluptas qui nulla nihil ducimus.','Recusandae facilis officia eaque ea. Numquam adipisci adipisci voluptate ipsa deleniti debitis atque. Dignissimos quidem voluptas consequuntur ex doloribus. Hic amet eos corrupti ut harum hic labore.',94,1,0,'1976-01-09 08:17:43','2020-11-21 20:56:21'),(62,77,4,'Aut rem vero nemo id.','Ea dicta qui ut earum sit. Exercitationem a deleniti et. Debitis voluptatem consectetur vel repellendus non quia odit sequi. Minus nesciunt quos nulla blanditiis placeat maiores quia.',66,0,1,'1994-10-28 11:51:35','2020-11-21 20:56:21'),(63,67,5,'Minima distinctio in maiores autem.','Minima velit repudiandae perferendis quia deserunt asperiores dolores commodi. Ut quisquam rerum quam.',55,0,0,'1995-12-01 08:52:46','2020-11-21 20:56:21'),(64,28,2,'Sequi atque animi quae sed.','Quisquam iure nihil vel id perspiciatis velit. Quam est in id quidem. Eum harum excepturi velit dolore architecto a minus.',39,0,1,'1970-02-13 02:44:04','2020-11-21 20:56:21'),(65,93,7,'Recusandae vitae nulla molestias non ratione beatae dolorem.','Veniam similique ipsam quia sit sint. A asperiores reprehenderit nesciunt ut illum non. Necessitatibus molestias laudantium voluptas eum ipsa veniam qui.',56,0,0,'2017-07-06 22:37:40','2020-11-21 20:56:21'),(66,55,1,'Quos itaque optio nisi est sed.','Facere eos cupiditate sit repellat quam. Et ex nostrum laudantium suscipit atque. Omnis dolore velit neque est est. Qui quam labore molestias eligendi. Corporis nam ullam dolore vitae suscipit nihil.',88,0,1,'1977-07-21 00:59:12','2020-11-21 20:56:21'),(67,17,7,'Laborum tempora sapiente fugiat placeat ab.','Fugit nulla nam quos quidem. Omnis consequatur adipisci molestias reiciendis est eos consequatur. Esse voluptatem est sit. Qui laborum exercitationem impedit neque vel magni.',57,0,0,'1997-07-04 03:54:12','2020-11-21 20:56:21'),(68,6,5,'Et beatae et recusandae et numquam impedit at.','Temporibus hic in nihil vero velit dicta earum impedit. Vel asperiores eos fugit mollitia. Excepturi ea hic itaque voluptatem reiciendis autem neque. Et doloribus doloribus rem eius.',51,1,0,'2002-02-08 11:23:58','2020-11-21 20:56:21'),(69,72,3,'Sapiente delectus voluptas et.','Fugit et quibusdam eveniet aliquam veniam possimus. Enim quam in mollitia nostrum. Est facilis quia eum quas doloremque est voluptatibus.',39,1,1,'2013-08-25 00:45:42','2020-11-21 20:56:21'),(70,12,2,'Culpa maiores vel doloremque consectetur vitae modi sed ipsam.','Aut aliquam explicabo est dolorem est beatae eveniet. Laudantium nemo totam praesentium non consequatur minus deleniti est. Voluptatibus accusantium vel reprehenderit nesciunt iure.',29,0,0,'1972-02-11 10:13:26','2020-11-21 20:56:21'),(71,91,3,'Hic sunt deserunt voluptates quis qui dolore debitis.','Assumenda voluptatem nisi dolorum. Libero dolores ut et consequatur consequatur natus. Qui magnam exercitationem possimus aut pariatur. Voluptas veritatis et nihil perferendis ab aut sed.',77,1,0,'1984-10-15 08:50:44','2020-11-21 20:56:21'),(72,35,4,'Deleniti accusamus quis quis non itaque non.','Dolor rerum culpa voluptas tempore. Reprehenderit libero omnis suscipit earum cumque est. Delectus rem autem et et et id accusantium.',96,1,0,'1982-02-06 01:27:53','2020-11-21 20:56:21'),(73,43,1,'Provident veniam nobis ea.','Ipsum cupiditate minus quam rerum. Ad facilis ut iste dolorum. Explicabo nobis molestiae repudiandae pariatur qui. Magni itaque molestiae hic quis et.',85,0,0,'1996-08-15 20:42:16','2020-11-21 20:56:21'),(74,78,2,'Ab sunt itaque repellat ut.','Officiis autem minima adipisci modi ut debitis. Enim ab id voluptas. Iure voluptas ut architecto rerum. Mollitia aut facere omnis voluptas architecto.',41,1,1,'2016-02-26 07:52:45','2020-11-21 20:56:21'),(75,46,4,'Omnis beatae ea dolorem non ad.','Sed cumque quis itaque consequuntur totam exercitationem. Placeat ea et et velit voluptatem et qui placeat. Est earum aut porro minima natus et corporis.',59,1,1,'2018-03-27 16:37:11','2020-11-21 20:56:21'),(76,68,4,'Iure consequatur non consequuntur soluta voluptas.','Facere animi magni fugit fugiat rerum. Nam eligendi qui sit mollitia quia aut nihil. Aut sint placeat inventore accusamus dolores sapiente sed. Esse nihil saepe perspiciatis et sed harum.',15,0,1,'1971-04-13 07:07:00','2020-11-21 20:56:21'),(77,40,6,'Ut velit possimus ut.','Perferendis iusto odio assumenda qui ut cupiditate. Et natus vitae est veniam magnam. Vel est rerum aut neque.',49,0,1,'1975-08-20 08:15:53','2020-11-21 20:56:21'),(78,4,8,'Perspiciatis et quo dolorum eius repudiandae qui.','Velit odio omnis nulla ut laudantium et facere. Odio atque illo fugit aut. Sit voluptates nihil est repellendus aperiam qui dolorem. Qui animi dolorem aperiam recusandae.',42,0,1,'1978-08-25 19:00:17','2020-11-21 20:56:21'),(79,66,6,'Nam reiciendis cumque laborum omnis.','Veniam ut animi dolorum qui est cupiditate sint. Quisquam est quia delectus odit. Quia enim unde et aliquam dolorum minus esse.',32,1,0,'1983-09-09 14:26:12','2020-11-21 20:56:21'),(80,62,7,'Alias dolor voluptatem est est itaque.','Sit voluptatum omnis vel reiciendis libero. Nihil voluptatibus ipsa ex unde est. Velit incidunt optio id asperiores alias cum. Illo distinctio assumenda quod nesciunt vitae.',23,1,1,'2006-11-22 17:45:31','2020-11-21 20:56:21'),(81,2,5,'Itaque voluptatem fugit doloribus dicta.','In autem sunt consequatur amet et. Magnam aut fugiat nihil ex dolore ipsam. Eveniet ipsum nam dolores. Voluptatem maiores in sit repellat.',3,0,0,'1970-09-03 19:57:04','2020-11-21 20:56:21'),(82,77,7,'Ipsam consectetur eius suscipit recusandae.','Rem illum ad quo in. Inventore dolorum et itaque vero voluptas omnis deleniti. Aperiam in inventore aut voluptas.',4,1,1,'2004-05-08 13:15:34','2020-11-21 20:56:21'),(83,82,8,'Quia repellat sit et non laborum.','Suscipit voluptate amet iusto iste. Animi natus facere temporibus rerum in. Non eligendi cum quisquam velit quia harum. Pariatur tenetur excepturi eos placeat.',54,1,1,'1971-12-04 10:28:12','2020-11-21 20:56:21'),(84,11,1,'Quos omnis distinctio perspiciatis velit officiis qui.','Corrupti aperiam sequi temporibus ab. Dolorem et ipsa quod enim voluptas. Optio qui voluptatem vel et non aut ut.',84,0,1,'2017-07-06 03:13:29','2020-11-21 20:56:21'),(85,53,6,'Ipsam quas ipsum nihil eligendi enim animi.','Error soluta et in molestiae amet molestiae dolorem. Architecto labore laborum eum ut molestiae necessitatibus enim. Omnis et est laboriosam.',14,0,1,'2013-10-22 21:01:11','2020-11-21 20:56:21'),(86,77,4,'Dignissimos omnis dignissimos architecto dolor aliquid consequatur laboriosam.','Quas consequatur est ut aspernatur. Inventore ullam expedita omnis voluptas sed. Fugiat voluptatem voluptatum sunt iste aut. Sit nobis id culpa in ex quia. Fugit quod provident praesentium a.',59,1,0,'2015-02-03 01:44:30','2020-11-21 20:56:21'),(87,56,2,'Est omnis quis ut amet est unde consequatur non.','Ipsam sint porro adipisci eaque perferendis praesentium consequuntur eveniet. Cum fuga nostrum pariatur et. Excepturi qui itaque dicta delectus. Rem nihil harum dolorem eveniet ut cupiditate.',53,1,1,'2008-04-21 04:37:42','2020-11-21 20:56:21'),(88,6,4,'Ut consequuntur laborum omnis expedita perferendis officia.','Sunt debitis ab quia velit minima et repellendus. Autem quisquam sunt autem officiis dolorem ut culpa.',96,0,1,'2011-05-09 21:13:28','2020-11-21 20:56:21'),(89,54,7,'Quia exercitationem quibusdam voluptatem cupiditate.','Modi rerum voluptatum exercitationem magnam soluta. Facilis nulla necessitatibus dicta. In et facilis dolorem est.',71,1,1,'1973-11-06 02:39:33','2020-11-21 20:56:21'),(90,79,4,'Aut ipsum dolores ut dolorem veritatis similique.','Aut rerum cum est repellendus ea laboriosam aliquam. Aut voluptas molestiae odit amet eveniet. Sed ratione ut voluptatem autem voluptatem quasi accusantium vitae.',55,1,0,'2001-05-04 20:11:03','2020-11-21 20:56:21'),(91,59,2,'Quibusdam similique corrupti repellat quaerat nesciunt repellat aut et.','Non mollitia exercitationem perferendis nobis. Totam placeat rerum qui non unde. Accusantium quisquam optio id reiciendis nisi eius voluptatem. Quisquam ab alias eos aut ea deserunt ut.',96,0,1,'1975-01-24 16:08:19','2020-11-21 20:56:21'),(92,100,5,'Doloremque quaerat quia tenetur qui.','Aspernatur magni cum reprehenderit maxime voluptate ab culpa. Molestias dignissimos maiores aliquid ex. Qui quis non dolore sed velit architecto. Rerum facilis temporibus expedita asperiores dolore.',88,1,1,'2002-11-15 16:08:21','2020-11-21 20:56:21'),(93,72,3,'Est incidunt omnis vitae rem voluptatem iure.','Libero qui dicta iste odit velit illum. Voluptatem odio provident minus aut repudiandae voluptas sed in. Quia voluptatem fuga voluptatem tempore et saepe totam.',51,1,0,'1999-05-18 05:35:02','2020-11-21 20:56:21'),(94,4,7,'Praesentium non eius rerum et omnis dicta consequatur.','Ut corporis vero nam similique. Itaque repudiandae voluptates ad perferendis nisi et corporis. Possimus quia ab ab ut sit. Veniam officiis vel consequatur neque.',97,0,0,'1979-04-04 14:11:21','2020-11-21 20:56:21'),(95,23,8,'Sit debitis totam odio voluptatem sit fuga.','Molestiae quis sint et accusamus laborum accusamus et. Voluptas in aut harum alias. Est dicta ipsam voluptatem quidem quis.',75,0,0,'2013-04-13 02:57:02','2020-11-21 20:56:21'),(96,70,8,'Minima dignissimos maiores reprehenderit maxime.','Ut vel dolores vel voluptas. Ullam alias quo quidem expedita ut. Ut exercitationem voluptatem voluptatem deserunt laboriosam. Totam sit dicta nulla autem.',34,0,0,'1974-10-26 13:09:04','2020-11-21 20:56:21'),(97,58,4,'Deserunt doloribus eveniet fuga aliquid qui consequatur.','Voluptatem vel sint et dolorum adipisci dolorem sit. Et omnis sed impedit nesciunt autem cupiditate. Sit temporibus dolorem et.',76,0,0,'1971-11-04 18:19:58','2020-11-21 20:56:21'),(98,80,5,'Quis assumenda reprehenderit iste nobis et consectetur.','Libero saepe sit ut id. Illo nam qui deserunt iste similique ea quam. Qui quia quaerat odit occaecati aut quisquam eos. Laboriosam qui aut dignissimos culpa quia.',54,1,0,'1983-07-04 01:22:14','2020-11-21 20:56:21'),(99,58,5,'Corrupti praesentium quis repellendus ipsa.','Enim sint ut quidem quo. Vitae esse illum voluptas commodi. Corrupti iusto est dolore aliquam sit sit illo. Suscipit laboriosam et rem vitae.',40,0,0,'1982-10-21 22:15:03','2020-11-21 20:56:21'),(100,55,5,'Labore illum sunt quibusdam nihil.','Est et tenetur et nam sint. Voluptas perferendis accusamus eveniet. Soluta quia voluptates quibusdam ratione vero nihil. Et minima facilis similique qui et et culpa.',33,1,0,'1978-04-29 13:10:00','2020-11-21 20:56:21');
/*!40000 ALTER TABLE `posts` ENABLE KEYS */;
UNLOCK TABLES;

--
-- Table structure for table `profiles`
--

DROP TABLE IF EXISTS `profiles`;
/*!40101 SET @saved_cs_client     = @@character_set_client */;
/*!40101 SET character_set_client = utf8 */;
CREATE TABLE `profiles` (
  `user_id` int(10) unsigned NOT NULL COMMENT 'Ссылка на пользователя',
  `gender` enum('M','F') COLLATE utf8mb4_unicode_ci NOT NULL,
  `birthday` date DEFAULT NULL COMMENT 'Дата рождения',
  `city` varchar(130) COLLATE utf8mb4_unicode_ci DEFAULT NULL COMMENT 'Город проживания',
  `country` varchar(130) COLLATE utf8mb4_unicode_ci DEFAULT NULL COMMENT 'Страна проживания',
  `created_at` datetime DEFAULT CURRENT_TIMESTAMP COMMENT 'Время создания строки',
  `updated_at` datetime DEFAULT CURRENT_TIMESTAMP ON UPDATE CURRENT_TIMESTAMP COMMENT 'Время обновления строки',
  PRIMARY KEY (`user_id`),
  CONSTRAINT `profiles_user_id_fk` FOREIGN KEY (`user_id`) REFERENCES `users` (`id`) ON DELETE CASCADE
) ENGINE=InnoDB DEFAULT CHARSET=utf8mb4 COLLATE=utf8mb4_unicode_ci COMMENT='Профили';
/*!40101 SET character_set_client = @saved_cs_client */;

--
-- Dumping data for table `profiles`
--

LOCK TABLES `profiles` WRITE;
/*!40000 ALTER TABLE `profiles` DISABLE KEYS */;
INSERT INTO `profiles` VALUES (1,'M','1973-11-13','Leopoldtown','Nigeria','2020-02-20 05:09:14','2020-11-16 16:48:42'),(2,'F','1994-06-21','New Garlandville','Djibouti','2012-09-07 12:32:47','2013-06-06 16:38:04'),(3,'M','1977-11-04','South Enos','Colombia','2015-03-19 23:58:23','2016-09-02 05:32:29'),(4,'F','1979-02-07','Port Adanmouth','Anguilla','2012-07-04 03:23:46','2020-11-16 16:48:42'),(5,'F','1989-10-04','Hammesfort','Italy','2016-09-12 11:57:29','2020-11-16 16:48:42'),(6,'M','1975-12-01','New Stanley','Sweden','2013-07-23 13:47:39','2020-11-16 16:48:42'),(7,'F','1972-08-14','Pinkshire','Yemen','2015-12-29 12:23:06','2017-04-04 20:00:38'),(8,'M','2017-12-28','Erniemouth','Albania','2017-09-30 02:32:45','2018-09-01 03:08:34'),(9,'M','1992-01-08','Raustad','Reunion','2019-05-22 23:47:53','2020-11-16 16:46:03'),(10,'F','1976-09-18','South Joyce','Saint Helena','2012-03-25 04:31:49','2018-05-03 22:45:04'),(11,'F','2016-06-04','Reichertmouth','Saint Barthelemy','2011-11-05 02:39:43','2020-11-16 16:48:42'),(12,'F','1975-06-05','Hilllside','Iraq','2012-08-10 06:32:39','2020-11-16 16:48:42'),(13,'F','1973-10-22','New Darren','Burkina Faso','2011-07-25 04:07:09','2020-11-16 16:48:42'),(14,'M','1993-11-15','Reeseborough','Swaziland','2011-06-17 04:00:19','2020-11-16 16:48:42'),(15,'M','1984-11-26','New Irma','Panama','2020-03-13 18:16:17','2020-11-16 16:46:03'),(16,'M','1989-10-29','Port Emily','Togo','2019-03-21 20:15:16','2020-11-16 16:48:42'),(17,'M','1992-06-03','Antoniahaven','Equatorial Guinea','2018-06-24 20:13:48','2020-11-16 16:48:42'),(18,'M','2006-04-06','Sofiabury','British Indian Ocean Territory (Chagos Archipelago)','2016-03-17 10:10:39','2020-11-16 16:48:42'),(19,'F','1988-06-18','Romanchester','South Georgia and the South Sandwich Islands','2019-07-01 07:30:46','2020-11-16 16:46:03'),(20,'F','1998-12-19','North Eloisaborough','Liechtenstein','2018-03-21 08:13:55','2020-11-16 16:46:03'),(21,'F','2003-12-19','Rethaview','Niger','2015-06-03 09:49:14','2020-11-16 16:48:42'),(22,'F','1972-12-04','East Madilynton','Dominican Republic','2019-09-28 06:46:44','2020-11-16 16:48:42'),(23,'F','1986-12-06','West Camdenland','Guatemala','2011-03-04 13:37:15','2020-11-16 16:48:42'),(24,'F','2005-09-14','Abernathyland','Sierra Leone','2016-01-01 08:59:38','2020-11-16 16:48:42'),(25,'F','1997-05-26','Terrancestad','Lithuania','2018-08-10 05:49:48','2020-11-16 16:48:42'),(26,'M','2006-08-22','Dooleyberg','Montenegro','2017-08-28 08:02:31','2020-11-16 16:48:42'),(27,'M','2006-02-19','New Micaelaside','France','2018-07-16 23:48:12','2020-11-16 16:46:03'),(28,'F','1985-05-15','East Kingland','Belarus','2018-11-26 11:51:47','2020-11-16 16:48:42'),(29,'M','2003-07-27','Zemlakland','Saint Helena','2019-05-02 23:06:17','2020-11-16 16:46:03'),(30,'F','1990-12-27','West Mosesbury','Canada','2012-04-07 01:48:07','2020-11-16 16:48:42'),(31,'M','2005-11-04','North Emmett','Cook Islands','2019-03-16 07:13:34','2020-11-16 16:48:42'),(32,'M','1977-01-15','North Burdettehaven','Rwanda','2018-11-25 23:58:33','2019-12-07 22:30:00'),(33,'F','1971-08-18','Gloriaport','French Polynesia','2010-11-20 05:49:22','2020-11-16 16:48:42'),(34,'M','2010-12-01','Port Mattieton','Guatemala','2018-01-31 08:09:07','2020-11-16 16:46:03'),(35,'M','2009-02-20','Cummerataburgh','Montserrat','2017-12-09 12:13:26','2020-11-16 16:46:03'),(36,'F','2015-04-30','Harryburgh','Central African Republic','2016-04-09 15:35:47','2020-11-16 16:48:42'),(37,'F','1978-03-26','Handborough','Tuvalu','2013-12-14 01:11:04','2015-11-21 00:42:24'),(38,'F','1975-05-16','Kelsibury','Mauritania','2015-09-27 15:38:28','2017-08-29 07:24:34'),(39,'M','1995-01-21','North Conrad','Mauritius','2015-02-03 01:44:25','2016-04-01 21:25:19'),(40,'M','1986-08-20','East Juana','United Arab Emirates','2014-02-20 02:54:35','2019-07-04 16:20:20'),(41,'M','1986-12-22','Jakobchester','Guadeloupe','2019-01-12 01:35:27','2020-11-16 16:48:42'),(42,'M','1970-02-19','East Erin','Tanzania','2020-04-12 21:23:06','2020-11-16 16:48:42'),(43,'F','2005-07-06','Mariefort','Macedonia','2016-05-07 14:14:09','2020-11-16 16:48:42'),(44,'M','2013-07-25','Lake Angelitaville','Syrian Arab Republic','2019-01-23 10:03:11','2020-11-16 16:48:42'),(45,'F','2006-07-27','Wunschfort','Greece','2017-09-06 17:13:35','2020-11-16 16:48:42'),(46,'M','1985-06-08','VonRuedenville','Martinique','2015-02-01 00:09:57','2020-06-02 07:09:12'),(47,'M','2005-05-15','South Luz','Bolivia','2020-07-20 12:54:44','2020-11-16 16:48:42'),(48,'F','2006-04-22','Crooksville','Cote Ivoire','2015-04-04 09:12:16','2020-11-16 16:46:03'),(49,'F','2016-05-18','Corahaven','Central African Republic','2013-05-19 10:48:54','2014-11-30 21:02:38'),(50,'F','2018-07-20','Macejkovicberg','Yemen','2015-12-09 10:02:22','2020-11-16 16:48:42'),(51,'F','1999-07-31','New Aurelie','Eritrea','2017-10-14 01:46:38','2020-11-16 16:48:42'),(52,'M','1985-07-24','Dietrichshire','Russian Federation','2015-10-22 15:48:34','2020-11-16 16:48:42'),(53,'M','2013-09-08','Terrillmouth','Fiji','2019-05-26 05:35:41','2020-11-16 16:48:42'),(54,'M','2002-09-19','New Gudrun','Cocos (Keeling) Islands','2015-01-08 21:45:28','2020-11-16 16:48:42'),(55,'F','1989-03-02','Harberbury','Ecuador','2013-04-19 11:33:40','2020-11-16 16:48:42'),(56,'F','2002-11-03','Boehmburgh','Tonga','2011-09-07 11:11:02','2013-06-30 01:58:18'),(57,'F','2009-11-14','Jonesville','Equatorial Guinea','2020-08-04 01:59:13','2020-11-16 16:48:42'),(58,'M','1977-03-12','Harrisontown','Bermuda','2019-03-25 05:13:14','2020-11-16 16:46:03'),(59,'F','1988-08-25','Tremblaychester','Ukraine','2018-04-09 00:41:18','2020-11-16 16:48:42'),(60,'F','1990-01-15','East Anastaciofort','Swaziland','2011-04-07 07:04:42','2019-09-15 00:56:57'),(61,'M','2000-10-05','Eldoraside','Pitcairn Islands','2018-10-14 06:58:44','2020-11-16 16:48:42'),(62,'F','2009-04-17','Tabithachester','French Southern Territories','2014-03-17 04:23:16','2020-11-16 16:46:03'),(63,'F','1984-03-01','Daniellestad','Eritrea','2011-03-16 10:49:40','2018-10-12 14:46:37'),(64,'F','2003-01-14','East Hans','Tokelau','2013-02-17 12:23:50','2017-01-14 05:44:52'),(65,'M','2015-10-29','New Henrimouth','Micronesia','2012-05-29 02:52:30','2020-11-16 16:48:42'),(66,'M','1993-12-04','Harberstad','Djibouti','2019-12-16 17:30:38','2020-11-16 16:46:03'),(67,'M','1985-07-20','Evansview','Seychelles','2012-09-16 11:57:01','2016-03-19 13:28:08'),(68,'F','1996-11-25','Harrisstad','Heard Island and McDonald Islands','2016-07-07 08:02:24','2020-11-16 16:48:42'),(69,'M','2017-10-31','New Delores','Marshall Islands','2013-05-02 16:57:02','2020-08-07 19:57:30'),(70,'F','1991-03-18','East Dustinchester','Somalia','2012-06-25 09:53:53','2020-03-05 10:01:36'),(71,'M','2013-11-15','Easterborough','Wallis and Futuna','2017-11-13 17:18:08','2020-11-16 16:46:03'),(72,'M','1972-04-11','West Dorotheafurt','Comoros','2017-05-31 08:56:41','2020-11-16 16:48:42'),(73,'M','2012-01-27','Elishafurt','Guinea-Bissau','2012-07-24 00:19:16','2020-11-16 16:48:42'),(74,'M','1977-08-25','Port Rickey','Georgia','2017-07-16 17:43:44','2020-09-25 20:16:16'),(75,'F','1987-10-02','Raymundofort','Japan','2012-05-05 10:09:22','2020-11-16 16:48:42'),(76,'M','1988-09-03','South Daren','Ecuador','2013-03-31 08:04:26','2020-11-16 16:48:42'),(77,'M','1971-10-18','East Delfina','Czech Republic','2019-10-10 13:10:02','2020-11-16 16:48:42'),(78,'M','1990-10-25','Lake Jevonside','Philippines','2017-02-07 16:15:42','2018-07-22 19:15:58'),(79,'F','2015-11-04','Port Zena','Serbia','2015-02-11 06:40:27','2020-11-16 16:48:42'),(80,'F','2013-03-11','Bennettstad','Saint Helena','2014-07-25 19:53:44','2017-12-08 23:50:43'),(81,'F','1977-10-09','Smithmouth','Iran','2013-08-03 05:35:14','2020-11-16 16:48:42'),(82,'F','2007-03-18','South Brisaland','Central African Republic','2018-08-07 15:50:42','2020-11-16 16:46:03'),(83,'F','1982-11-29','South Porterview','Isle of Man','2011-12-14 13:08:17','2020-03-20 18:02:26'),(84,'M','2020-03-30','Hageneschester','Dominican Republic','2015-05-16 02:12:03','2020-11-16 16:48:42'),(85,'M','1983-08-25','North Adaline','Namibia','2017-04-12 12:23:46','2019-09-16 05:00:24'),(86,'M','1983-02-15','East Herminioton','Hong Kong','2015-03-08 06:47:48','2016-10-09 12:02:05'),(87,'F','1997-02-07','Creminhaven','United States Virgin Islands','2012-04-08 18:38:30','2016-08-31 11:19:03'),(88,'F','1970-05-11','Spencermouth','Heard Island and McDonald Islands','2016-07-23 10:19:05','2018-10-14 03:14:40'),(89,'F','2001-02-05','West Maximilian','Tuvalu','2014-01-30 11:45:32','2020-11-16 16:48:42'),(90,'M','1988-09-21','Port Rebeca','Japan','2016-04-30 02:49:37','2020-11-16 16:48:42'),(91,'F','2000-02-01','West Chris','Equatorial Guinea','2016-02-23 14:07:12','2020-11-16 16:46:03'),(92,'M','2004-05-16','Gottliebtown','Central African Republic','2017-09-02 04:55:43','2018-07-01 08:36:01'),(93,'M','1987-05-06','Rosendofurt','Pakistan','2012-03-19 05:47:24','2020-11-16 16:48:42'),(94,'F','2005-05-22','Jacynthestad','Timor-Leste','2016-01-13 08:06:32','2020-11-16 16:48:42'),(95,'M','1990-08-04','Lake Lottieside','Benin','2015-03-10 17:19:20','2020-11-16 16:48:42'),(96,'M','2018-04-30','Muellertown','Guinea','2017-06-09 09:16:10','2020-11-16 16:48:42'),(97,'F','2014-01-12','East Linneaberg','Fiji','2013-06-21 01:03:21','2020-11-16 16:48:42'),(98,'M','2011-08-25','Lake Leta','Congo','2018-07-10 20:43:43','2020-11-16 16:48:42'),(99,'F','2015-05-12','West Brock','Czech Republic','2012-11-23 01:57:45','2020-11-16 16:48:42'),(100,'M','2011-04-27','West Haileybury','Mayotte','2016-07-10 14:19:02','2020-11-16 16:46:03');
/*!40000 ALTER TABLE `profiles` ENABLE KEYS */;
UNLOCK TABLES;

--
-- Table structure for table `target_types`
--

DROP TABLE IF EXISTS `target_types`;
/*!40101 SET @saved_cs_client     = @@character_set_client */;
/*!40101 SET character_set_client = utf8 */;
CREATE TABLE `target_types` (
  `id` int(10) unsigned NOT NULL AUTO_INCREMENT,
  `name` varchar(255) COLLATE utf8mb4_unicode_ci NOT NULL,
  `created_at` datetime DEFAULT CURRENT_TIMESTAMP,
  PRIMARY KEY (`id`),
  UNIQUE KEY `name` (`name`)
) ENGINE=InnoDB AUTO_INCREMENT=5 DEFAULT CHARSET=utf8mb4 COLLATE=utf8mb4_unicode_ci;
/*!40101 SET character_set_client = @saved_cs_client */;

--
-- Dumping data for table `target_types`
--

LOCK TABLES `target_types` WRITE;
/*!40000 ALTER TABLE `target_types` DISABLE KEYS */;
INSERT INTO `target_types` VALUES (1,'messages','2020-11-21 19:58:46'),(2,'users','2020-11-21 19:58:46'),(3,'media','2020-11-21 19:58:46'),(4,'posts','2020-11-21 19:58:46');
/*!40000 ALTER TABLE `target_types` ENABLE KEYS */;
UNLOCK TABLES;

--
-- Table structure for table `tmp`
--

DROP TABLE IF EXISTS `tmp`;
/*!40101 SET @saved_cs_client     = @@character_set_client */;
/*!40101 SET character_set_client = utf8 */;
CREATE TABLE `tmp` (
  `user_id` int(11) DEFAULT NULL,
  `birthday` date DEFAULT NULL,
  `likes_count` int(11) DEFAULT NULL,
  `posts_count` int(11) DEFAULT NULL,
  `fio` varchar(255) COLLATE utf8mb4_unicode_ci DEFAULT NULL
) ENGINE=InnoDB DEFAULT CHARSET=utf8mb4 COLLATE=utf8mb4_unicode_ci;
/*!40101 SET character_set_client = @saved_cs_client */;

--
-- Dumping data for table `tmp`
--

LOCK TABLES `tmp` WRITE;
/*!40000 ALTER TABLE `tmp` DISABLE KEYS */;
INSERT INTO `tmp` VALUES (84,'2020-03-30',0,0,'Torrance Herzog'),(50,'2018-07-20',4,1,'Simone Effertz'),(96,'2018-04-30',1,1,'Llewellyn Toy'),(8,'2017-12-28',1,1,'Mya Casper'),(69,'2017-10-31',2,2,'Warren Fisher'),(11,'2016-06-04',0,1,'Alysa Gerhold'),(49,'2016-05-18',6,2,'Arnaldo Wunsch'),(79,'2015-11-04',0,1,'Felipe Koepp'),(65,'2015-10-29',0,0,'Cathryn Lakin'),(99,'2015-05-12',0,0,'Sylvan Kerluke');
/*!40000 ALTER TABLE `tmp` ENABLE KEYS */;
UNLOCK TABLES;

--
-- Table structure for table `users`
--

DROP TABLE IF EXISTS `users`;
/*!40101 SET @saved_cs_client     = @@character_set_client */;
/*!40101 SET character_set_client = utf8 */;
CREATE TABLE `users` (
  `id` int(10) unsigned NOT NULL AUTO_INCREMENT COMMENT 'Идентификатор строки',
  `first_name` varchar(100) COLLATE utf8mb4_unicode_ci NOT NULL COMMENT 'Имя пользователя',
  `last_name` varchar(100) COLLATE utf8mb4_unicode_ci NOT NULL COMMENT 'Фамилия пользователя',
  `email` varchar(100) COLLATE utf8mb4_unicode_ci NOT NULL COMMENT 'Почта',
  `phone` varchar(100) COLLATE utf8mb4_unicode_ci NOT NULL COMMENT 'Телефон',
  `created_at` datetime DEFAULT CURRENT_TIMESTAMP COMMENT 'Время создания строки',
  `updated_at` datetime DEFAULT CURRENT_TIMESTAMP ON UPDATE CURRENT_TIMESTAMP COMMENT 'Время обновления строки',
  PRIMARY KEY (`id`),
  UNIQUE KEY `email` (`email`),
  UNIQUE KEY `phone` (`phone`)
) ENGINE=InnoDB AUTO_INCREMENT=101 DEFAULT CHARSET=utf8mb4 COLLATE=utf8mb4_unicode_ci COMMENT='Пользователи';
/*!40101 SET character_set_client = @saved_cs_client */;

--
-- Dumping data for table `users`
--

LOCK TABLES `users` WRITE;
/*!40000 ALTER TABLE `users` DISABLE KEYS */;
INSERT INTO `users` VALUES (1,'Rosemary','Hessel','stephon.witting@example.org','1-033-344-8767-51202','2011-05-08 01:45:39','2018-08-27 11:08:29'),(2,'Isaiah','Durgan','emmerich.breanne@example.net','02113771948','2015-04-18 07:32:55','2017-04-04 10:06:26'),(3,'Amelia','Fritsch','qmurazik@example.net','(230)849-0522-1358','2020-09-24 01:25:49','2020-11-16 16:42:58'),(4,'Octavia','Hilll','boyle.pamela@example.org','208-182-4030','2020-03-20 13:28:49','2020-11-16 16:42:58'),(5,'Myrtle','Bode','dana.windler@example.org','1-071-334-0549-9602','2020-01-13 19:31:39','2020-11-16 16:42:58'),(6,'Stanley','Denesik','lockman.rogelio@example.net','775-724-5156','2015-08-05 06:34:54','2015-11-29 05:19:33'),(7,'Tess','Macejkovic','murray.caleigh@example.net','1-309-704-5075-8440','2014-10-01 06:32:19','2020-11-16 16:42:58'),(8,'Mya','Casper','plemke@example.com','08988804644','2012-11-13 08:34:27','2013-03-08 20:38:26'),(9,'Nikolas','Hirthe','jacobs.brando@example.org','(473)364-3190','2017-02-14 09:02:55','2020-11-16 16:42:58'),(10,'Kristy','Schuppe','daisy.jakubowski@example.net','679-727-962-90298','2020-04-08 01:47:42','2020-11-16 16:42:58'),(11,'Alysa','Gerhold','helga06@example.org','478-519-1433','2012-03-19 23:40:11','2016-05-02 16:55:05'),(12,'Brycen','Kris','tschaden@example.com','(117)431-5969-576','2018-07-10 16:16:07','2019-04-01 16:58:20'),(13,'Edd','Kuhn','ruthie.herman@example.org','06510719603','2020-05-19 22:50:37','2020-11-16 16:42:58'),(14,'Tyreek','Cummerata','aerdman@example.net','(268)074-7218','2017-11-23 18:10:53','2020-11-16 16:42:58'),(15,'Zander','Leffler','bogisich.werner@example.com','498-251-7807-7178','2014-08-06 09:44:53','2020-11-16 16:42:58'),(16,'Eugene','Schmitt','gabrielle99@example.net','1-300-838-3935-771','2015-06-19 17:19:34','2018-03-21 11:32:15'),(17,'Chadd','DuBuque','simonis.una@example.org','443-803-5973-397','2020-08-03 18:47:27','2020-11-16 16:42:58'),(18,'Hermann','Dickinson','dangelo52@example.org','711-877-7206-425','2012-03-03 20:11:41','2020-11-16 16:42:58'),(19,'Augustus','Amore','tressie.hane@example.com','+10(5)4573708073','2011-06-08 04:29:16','2015-09-21 01:31:22'),(20,'Neal','Halvorson','kshields@example.net','1-283-785-4983','2020-01-25 22:44:19','2020-11-16 16:42:58'),(21,'Nathanial','McKenzie','kristian.howell@example.com','259-582-5483-981','2013-04-18 11:45:13','2017-04-17 13:05:05'),(22,'Kenyatta','Hamill','quitzon.clare@example.com','1-356-526-9902-701','2015-04-22 08:13:01','2015-09-23 22:32:06'),(23,'Ramona','Hoeger','koepp.rupert@example.com','1-246-500-6036-74295','2016-11-08 05:25:41','2020-11-16 16:42:58'),(24,'Vance','West','helene.cole@example.net','1-331-183-5532','2013-11-13 21:42:29','2016-11-12 18:29:19'),(25,'Patricia','Hansen','omitchell@example.com','(293)933-9007-112','2019-07-12 23:49:31','2020-11-16 16:42:58'),(26,'Barry','Stark','schumm.eddie@example.org','075-894-8241','2017-09-25 10:27:24','2020-11-16 16:42:58'),(27,'Patsy','Armstrong','vswift@example.net','(877)599-0218-1627','2020-06-08 23:33:01','2020-11-16 16:42:58'),(28,'Makenna','Kovacek','mozelle.feeney@example.com','430-806-4832-78458','2018-02-07 23:17:00','2018-11-13 21:32:58'),(29,'Ashleigh','Reynolds','keara95@example.net','567-775-4253-407','2011-01-22 10:47:50','2017-04-21 18:20:20'),(30,'Pete','Dare','doyle.asha@example.org','(590)216-0223-7035','2016-08-30 07:24:14','2020-11-16 16:42:58'),(31,'Wilmer','Hermann','clarabelle15@example.com','453-070-1617-17947','2014-12-16 07:55:47','2020-11-16 16:42:58'),(32,'Laury','Gorczany','nicklaus55@example.net','768-156-6546-67270','2012-07-25 11:14:21','2016-07-10 13:04:39'),(33,'Destiney','Von','jason.shields@example.com','(516)056-9902-9097','2015-01-07 03:49:47','2020-05-30 06:33:09'),(34,'Ines','Hoeger','zdeckow@example.net','693-886-0924-052','2016-11-10 14:24:44','2018-10-19 10:17:58'),(35,'Itzel','Kemmer','schuyler.bailey@example.org','912-359-0423','2018-11-20 16:35:48','2020-11-16 16:42:58'),(36,'Stewart','Carter','jamey38@example.net','818-875-2340-29234','2019-05-18 11:38:56','2020-11-16 16:42:58'),(37,'Colten','Wintheiser','camron.lehner@example.com','(625)444-0701','2015-09-19 07:50:53','2020-11-16 16:42:58'),(38,'Kelly','Stamm','keven26@example.net','+58(0)5230728755','2011-09-23 22:09:35','2018-07-20 03:06:25'),(39,'Justice','Schroeder','danielle30@example.org','(530)074-7477','2017-11-29 12:41:18','2020-11-16 16:42:58'),(40,'Anastasia','Hoeger','oscar.kemmer@example.org','+63(9)0871648554','2019-06-13 22:13:51','2020-11-16 16:42:58'),(41,'Theodora','Hackett','beer.abdiel@example.com','(951)556-4334','2020-10-04 15:43:18','2020-11-16 16:42:58'),(42,'Sienna','Gislason','eauer@example.org','+61(2)3344993825','2014-04-07 11:44:49','2020-11-16 16:42:58'),(43,'Christelle','Heidenreich','ngreenfelder@example.com','430-527-3336-81554','2017-11-20 10:34:43','2020-11-16 16:42:58'),(44,'Elwin','Batz','nhayes@example.com','(424)730-2307-7733','2011-09-06 13:07:03','2011-09-07 03:50:15'),(45,'Ian','Bogan','jerde.davonte@example.com','(128)121-9174','2018-03-25 16:50:06','2020-11-16 16:42:58'),(46,'Peter','Cronin','gutkowski.loy@example.org','123-853-7654-0602','2012-07-10 03:48:58','2017-06-02 23:55:22'),(47,'Mauricio','Crist','jaunita53@example.com','159-620-6292-2734','2010-12-09 06:08:07','2014-06-11 16:52:09'),(48,'Lazaro','Marquardt','kkohler@example.com','1-012-954-4229-230','2015-02-21 19:36:45','2020-11-16 16:42:58'),(49,'Arnaldo','Wunsch','emmie15@example.org','(237)143-0493','2019-09-25 20:08:23','2020-07-06 13:17:33'),(50,'Simone','Effertz','mozell60@example.com','(028)486-0677-9179','2019-04-28 15:00:16','2020-11-16 16:42:58'),(51,'Rahsaan','Turcotte','sylvan.crona@example.net','299-190-2149-207','2018-04-19 21:21:03','2020-11-16 16:42:58'),(52,'Winston','Moore','durgan.moriah@example.net','09527024311','2014-09-04 06:53:38','2020-11-16 16:42:58'),(53,'Taryn','Ortiz','katrine91@example.net','009-315-3059','2010-11-08 12:26:09','2012-12-22 09:52:34'),(54,'Gail','Bogisich','jazmin.stehr@example.net','964-532-440-4834','2014-03-27 16:21:33','2019-05-15 04:14:24'),(55,'Kelton','Rowe','mchristiansen@example.org','(065)557-4638-7499','2010-12-21 02:20:10','2012-10-28 12:55:26'),(56,'Alejandra','Kautzer','lonie.carter@example.net','597-882-3258-1878','2012-03-10 12:20:18','2015-10-02 01:49:36'),(57,'Marisa','Durgan','bobbie20@example.org','(980)398-5747-3985','2016-11-28 03:10:22','2020-10-07 11:15:33'),(58,'Noemi','Reichert','vschmeler@example.org','663-368-8990-43393','2015-05-28 03:53:59','2020-11-16 16:42:58'),(59,'Lina','Hickle','lamar96@example.com','+75(0)3018289075','2014-03-17 22:12:54','2020-11-16 16:42:58'),(60,'Golden','Brown','kennith46@example.com','419-476-4610','2018-03-24 07:03:39','2020-11-16 16:42:58'),(61,'Omer','Mann','langworth.brian@example.com','034-623-6131','2014-01-26 03:43:58','2017-06-01 20:02:07'),(62,'Rusty','Boyle','zhoppe@example.org','1-264-556-4213-6609','2014-03-23 01:59:08','2015-05-08 22:42:22'),(63,'Fern','Rice','tromp.jaycee@example.org','(760)135-1241-2163','2011-03-06 17:28:07','2016-11-07 19:41:12'),(64,'Millie','Wisoky','claud.reichert@example.com','+11(7)2491364785','2017-05-10 16:21:18','2020-11-16 16:42:58'),(65,'Cathryn','Lakin','lkuphal@example.org','1-481-048-4946-35593','2013-10-19 07:28:09','2017-04-02 17:59:40'),(66,'Jayce','Baumbach','selmer58@example.com','+02(2)0376284909','2011-04-01 10:15:03','2015-09-09 06:41:41'),(67,'Citlalli','Bergnaum','turcotte.keenan@example.net','03254823296','2014-12-16 13:01:48','2020-11-16 16:42:58'),(68,'Dax','Pagac','markus.kohler@example.com','293-286-3873-67339','2011-03-23 18:13:10','2014-07-08 12:05:25'),(69,'Warren','Fisher','uwiza@example.org','663-230-9276-89749','2015-05-27 11:05:05','2019-09-10 06:35:59'),(70,'Norene','Beier','jan.mclaughlin@example.net','1-153-242-6119','2019-05-13 06:08:52','2020-11-16 16:42:58'),(71,'Fae','Cruickshank','damian.konopelski@example.com','221-758-4344-4845','2018-12-03 01:27:11','2020-11-16 16:42:58'),(72,'Edison','Trantow','ova.blanda@example.com','00215482132','2011-06-15 16:23:04','2014-01-29 13:54:32'),(73,'Adah','Wolf','zschinner@example.org','1-526-358-6535-75907','2013-11-23 06:21:13','2020-11-16 16:42:58'),(74,'Howell','Reichert','shannon52@example.com','1-069-579-8176','2010-12-10 18:08:36','2017-03-22 19:07:58'),(75,'Abdullah','Goodwin','jillian53@example.org','546-886-5489','2018-08-02 09:41:49','2020-11-16 16:42:58'),(76,'Fay','Ledner','julianne.balistreri@example.com','428-456-6847','2020-10-30 09:13:00','2020-11-16 16:42:58'),(77,'Drake','Klein','nicholaus26@example.net','(723)188-9351-495','2013-12-08 05:38:05','2020-11-16 16:42:58'),(78,'Kenny','West','mekhi.mcdermott@example.com','1-303-196-1591-918','2011-04-09 14:45:46','2011-07-26 11:36:45'),(79,'Felipe','Koepp','uwitting@example.net','648-355-3160','2018-03-18 00:31:23','2020-11-16 16:42:58'),(80,'Jennyfer','Keebler','igislason@example.net','03347010674','2016-03-19 23:12:11','2020-01-14 23:13:52'),(81,'Tia','Harvey','cloyd14@example.com','870-649-9453-04901','2012-03-25 23:55:19','2016-02-02 10:21:54'),(82,'Janis','Kuphal','afay@example.com','1-234-810-6848','2019-07-31 01:11:03','2020-11-16 16:42:58'),(83,'Dane','Gusikowski','lupton@example.com','311-783-5245-34778','2017-04-04 01:18:09','2020-11-16 16:42:58'),(84,'Torrance','Herzog','brittany03@example.com','03504512716','2018-09-17 21:00:53','2020-11-16 16:42:58'),(85,'Anissa','Lind','citlalli.gerlach@example.net','08461681428','2014-05-29 12:07:54','2020-11-16 16:42:58'),(86,'Ransom','Larson','kharber@example.net','+62(2)6242795328','2011-10-03 04:29:46','2013-08-22 13:17:00'),(87,'Chance','Jenkins','melody.mitchell@example.net','(406)622-3604-70042','2017-09-21 08:34:18','2020-04-12 07:52:39'),(88,'Herta','Smitham','beatty.sean@example.org','1-472-617-2024','2014-09-08 22:47:57','2018-03-23 16:02:33'),(89,'Amalia','Wiza','oma04@example.com','(048)191-1750','2013-06-12 16:20:50','2016-09-06 01:33:59'),(90,'Kelsie','Hamill','jamaal00@example.com','1-627-329-9219','2017-06-27 06:54:50','2020-11-16 16:42:58'),(91,'Cullen','Hodkiewicz','thad39@example.org','765-664-5313-74305','2013-09-21 08:48:03','2016-08-11 18:00:39'),(92,'Stanton','Heller','drake.mante@example.net','(852)564-8745','2016-04-08 17:04:16','2020-11-16 16:42:58'),(93,'Kyler','Denesik','willms.noelia@example.org','311-923-6330-409','2016-01-24 12:40:05','2020-11-16 16:42:58'),(94,'Ramon','Orn','audra.corkery@example.net','132-938-457-4908','2012-12-17 18:45:46','2014-02-06 00:34:02'),(95,'Katharina','Mayer','batz.demond@example.net','(754)628-7798','2013-06-05 21:28:38','2020-11-16 16:42:58'),(96,'Llewellyn','Toy','kris.kameron@example.net','+60(5)9322601140','2020-01-05 21:09:48','2020-11-16 16:42:58'),(97,'Percival','Considine','runolfsdottir.denis@example.org','00704794786','2011-07-03 15:39:12','2014-02-12 17:03:36'),(98,'Maxwell','Hilll','cleveland.larkin@example.org','+74(5)7060907302','2014-08-24 07:04:34','2020-11-16 16:42:58'),(99,'Sylvan','Kerluke','dina75@example.org','924-448-2432','2011-09-09 04:12:10','2020-11-16 16:42:58'),(100,'Trevion','Gulgowski','strosin.aisha@example.net','990-240-9827-832','2016-05-05 11:58:56','2020-11-16 16:42:58');
/*!40000 ALTER TABLE `users` ENABLE KEYS */;
UNLOCK TABLES;
/*!40103 SET TIME_ZONE=@OLD_TIME_ZONE */;

/*!40101 SET SQL_MODE=@OLD_SQL_MODE */;
/*!40014 SET FOREIGN_KEY_CHECKS=@OLD_FOREIGN_KEY_CHECKS */;
/*!40014 SET UNIQUE_CHECKS=@OLD_UNIQUE_CHECKS */;
/*!40101 SET CHARACTER_SET_CLIENT=@OLD_CHARACTER_SET_CLIENT */;
/*!40101 SET CHARACTER_SET_RESULTS=@OLD_CHARACTER_SET_RESULTS */;
/*!40101 SET COLLATION_CONNECTION=@OLD_COLLATION_CONNECTION */;
/*!40111 SET SQL_NOTES=@OLD_SQL_NOTES */;

-- Dump completed on 2020-12-05 17:19:04
