USE vk;
ALTER DATABASE vk CHARACTER SET utf8mb4 COLLATE utf8mb4_unicode_ci;

-- 
-- Добавляем данные в таблицу "users"
-- 
ALTER TABLE communities CONVERT TO CHARACTER SET utf8mb4 COLLATE utf8mb4_unicode_ci; -- SET utf8
TRUNCATE TABLE users;

INSERT INTO `users` (`id`, `first_name`, `last_name`, `email`, `phone`, `created_at`, `updated_at`) VALUES (1, 'Rosemary', 'Hessel', 'stephon.witting@example.org', '1-033-344-8767-51202', '2011-05-08 01:45:39', '2018-08-27 11:08:29');
INSERT INTO `users` (`id`, `first_name`, `last_name`, `email`, `phone`, `created_at`, `updated_at`) VALUES (2, 'Isaiah', 'Durgan', 'emmerich.breanne@example.net', '02113771948', '2015-04-18 07:32:55', '2017-04-04 10:06:26');
INSERT INTO `users` (`id`, `first_name`, `last_name`, `email`, `phone`, `created_at`, `updated_at`) VALUES (3, 'Amelia', 'Fritsch', 'qmurazik@example.net', '(230)849-0522-1358', '2020-09-24 01:25:49', '2017-12-02 02:35:50');
INSERT INTO `users` (`id`, `first_name`, `last_name`, `email`, `phone`, `created_at`, `updated_at`) VALUES (4, 'Octavia', 'Hilll', 'boyle.pamela@example.org', '208-182-4030', '2020-03-20 13:28:49', '2014-12-16 09:22:02');
INSERT INTO `users` (`id`, `first_name`, `last_name`, `email`, `phone`, `created_at`, `updated_at`) VALUES (5, 'Myrtle', 'Bode', 'dana.windler@example.org', '1-071-334-0549-9602', '2020-01-13 19:31:39', '2014-12-07 12:11:21');
INSERT INTO `users` (`id`, `first_name`, `last_name`, `email`, `phone`, `created_at`, `updated_at`) VALUES (6, 'Stanley', 'Denesik', 'lockman.rogelio@example.net', '775-724-5156', '2015-08-05 06:34:54', '2015-11-29 05:19:33');
INSERT INTO `users` (`id`, `first_name`, `last_name`, `email`, `phone`, `created_at`, `updated_at`) VALUES (7, 'Tess', 'Macejkovic', 'murray.caleigh@example.net', '1-309-704-5075-8440', '2014-10-01 06:32:19', '2014-09-01 10:47:49');
INSERT INTO `users` (`id`, `first_name`, `last_name`, `email`, `phone`, `created_at`, `updated_at`) VALUES (8, 'Mya', 'Casper', 'plemke@example.com', '08988804644', '2012-11-13 08:34:27', '2013-03-08 20:38:26');
INSERT INTO `users` (`id`, `first_name`, `last_name`, `email`, `phone`, `created_at`, `updated_at`) VALUES (9, 'Nikolas', 'Hirthe', 'jacobs.brando@example.org', '(473)364-3190', '2017-02-14 09:02:55', '2016-12-01 09:31:57');
INSERT INTO `users` (`id`, `first_name`, `last_name`, `email`, `phone`, `created_at`, `updated_at`) VALUES (10, 'Kristy', 'Schuppe', 'daisy.jakubowski@example.net', '679-727-962-90298', '2020-04-08 01:47:42', '2017-06-14 18:01:42');
INSERT INTO `users` (`id`, `first_name`, `last_name`, `email`, `phone`, `created_at`, `updated_at`) VALUES (11, 'Alysa', 'Gerhold', 'helga06@example.org', '478-519-1433', '2012-03-19 23:40:11', '2016-05-02 16:55:05');
INSERT INTO `users` (`id`, `first_name`, `last_name`, `email`, `phone`, `created_at`, `updated_at`) VALUES (12, 'Brycen', 'Kris', 'tschaden@example.com', '(117)431-5969-576', '2018-07-10 16:16:07', '2019-04-01 16:58:20');
INSERT INTO `users` (`id`, `first_name`, `last_name`, `email`, `phone`, `created_at`, `updated_at`) VALUES (13, 'Edd', 'Kuhn', 'ruthie.herman@example.org', '06510719603', '2020-05-19 22:50:37', '2013-04-20 08:48:11');
INSERT INTO `users` (`id`, `first_name`, `last_name`, `email`, `phone`, `created_at`, `updated_at`) VALUES (14, 'Tyreek', 'Cummerata', 'aerdman@example.net', '(268)074-7218', '2017-11-23 18:10:53', '2014-01-23 16:39:23');
INSERT INTO `users` (`id`, `first_name`, `last_name`, `email`, `phone`, `created_at`, `updated_at`) VALUES (15, 'Zander', 'Leffler', 'bogisich.werner@example.com', '498-251-7807-7178', '2014-08-06 09:44:53', '2012-02-25 08:16:05');
INSERT INTO `users` (`id`, `first_name`, `last_name`, `email`, `phone`, `created_at`, `updated_at`) VALUES (16, 'Eugene', 'Schmitt', 'gabrielle99@example.net', '1-300-838-3935-771', '2015-06-19 17:19:34', '2018-03-21 11:32:15');
INSERT INTO `users` (`id`, `first_name`, `last_name`, `email`, `phone`, `created_at`, `updated_at`) VALUES (17, 'Chadd', 'DuBuque', 'simonis.una@example.org', '443-803-5973-397', '2020-08-03 18:47:27', '2017-12-17 18:45:54');
INSERT INTO `users` (`id`, `first_name`, `last_name`, `email`, `phone`, `created_at`, `updated_at`) VALUES (18, 'Hermann', 'Dickinson', 'dangelo52@example.org', '711-877-7206-425', '2012-03-03 20:11:41', '2011-12-02 07:57:30');
INSERT INTO `users` (`id`, `first_name`, `last_name`, `email`, `phone`, `created_at`, `updated_at`) VALUES (19, 'Augustus', 'Amore', 'tressie.hane@example.com', '+10(5)4573708073', '2011-06-08 04:29:16', '2015-09-21 01:31:22');
INSERT INTO `users` (`id`, `first_name`, `last_name`, `email`, `phone`, `created_at`, `updated_at`) VALUES (20, 'Neal', 'Halvorson', 'kshields@example.net', '1-283-785-4983', '2020-01-25 22:44:19', '2013-09-04 02:51:30');
INSERT INTO `users` (`id`, `first_name`, `last_name`, `email`, `phone`, `created_at`, `updated_at`) VALUES (21, 'Nathanial', 'McKenzie', 'kristian.howell@example.com', '259-582-5483-981', '2013-04-18 11:45:13', '2017-04-17 13:05:05');
INSERT INTO `users` (`id`, `first_name`, `last_name`, `email`, `phone`, `created_at`, `updated_at`) VALUES (22, 'Kenyatta', 'Hamill', 'quitzon.clare@example.com', '1-356-526-9902-701', '2015-04-22 08:13:01', '2015-09-23 22:32:06');
INSERT INTO `users` (`id`, `first_name`, `last_name`, `email`, `phone`, `created_at`, `updated_at`) VALUES (23, 'Ramona', 'Hoeger', 'koepp.rupert@example.com', '1-246-500-6036-74295', '2016-11-08 05:25:41', '2013-07-26 15:26:24');
INSERT INTO `users` (`id`, `first_name`, `last_name`, `email`, `phone`, `created_at`, `updated_at`) VALUES (24, 'Vance', 'West', 'helene.cole@example.net', '1-331-183-5532', '2013-11-13 21:42:29', '2016-11-12 18:29:19');
INSERT INTO `users` (`id`, `first_name`, `last_name`, `email`, `phone`, `created_at`, `updated_at`) VALUES (25, 'Patricia', 'Hansen', 'omitchell@example.com', '(293)933-9007-112', '2019-07-12 23:49:31', '2012-11-09 23:06:11');
INSERT INTO `users` (`id`, `first_name`, `last_name`, `email`, `phone`, `created_at`, `updated_at`) VALUES (26, 'Barry', 'Stark', 'schumm.eddie@example.org', '075-894-8241', '2017-09-25 10:27:24', '2013-04-28 14:38:52');
INSERT INTO `users` (`id`, `first_name`, `last_name`, `email`, `phone`, `created_at`, `updated_at`) VALUES (27, 'Patsy', 'Armstrong', 'vswift@example.net', '(877)599-0218-1627', '2020-06-08 23:33:01', '2018-12-11 18:02:51');
INSERT INTO `users` (`id`, `first_name`, `last_name`, `email`, `phone`, `created_at`, `updated_at`) VALUES (28, 'Makenna', 'Kovacek', 'mozelle.feeney@example.com', '430-806-4832-78458', '2018-02-07 23:17:00', '2018-11-13 21:32:58');
INSERT INTO `users` (`id`, `first_name`, `last_name`, `email`, `phone`, `created_at`, `updated_at`) VALUES (29, 'Ashleigh', 'Reynolds', 'keara95@example.net', '567-775-4253-407', '2011-01-22 10:47:50', '2017-04-21 18:20:20');
INSERT INTO `users` (`id`, `first_name`, `last_name`, `email`, `phone`, `created_at`, `updated_at`) VALUES (30, 'Pete', 'Dare', 'doyle.asha@example.org', '(590)216-0223-7035', '2016-08-30 07:24:14', '2012-04-23 12:43:23');
INSERT INTO `users` (`id`, `first_name`, `last_name`, `email`, `phone`, `created_at`, `updated_at`) VALUES (31, 'Wilmer', 'Hermann', 'clarabelle15@example.com', '453-070-1617-17947', '2014-12-16 07:55:47', '2010-11-07 23:06:31');
INSERT INTO `users` (`id`, `first_name`, `last_name`, `email`, `phone`, `created_at`, `updated_at`) VALUES (32, 'Laury', 'Gorczany', 'nicklaus55@example.net', '768-156-6546-67270', '2012-07-25 11:14:21', '2016-07-10 13:04:39');
INSERT INTO `users` (`id`, `first_name`, `last_name`, `email`, `phone`, `created_at`, `updated_at`) VALUES (33, 'Destiney', 'Von', 'jason.shields@example.com', '(516)056-9902-9097', '2015-01-07 03:49:47', '2020-05-30 06:33:09');
INSERT INTO `users` (`id`, `first_name`, `last_name`, `email`, `phone`, `created_at`, `updated_at`) VALUES (34, 'Ines', 'Hoeger', 'zdeckow@example.net', '693-886-0924-052', '2016-11-10 14:24:44', '2018-10-19 10:17:58');
INSERT INTO `users` (`id`, `first_name`, `last_name`, `email`, `phone`, `created_at`, `updated_at`) VALUES (35, 'Itzel', 'Kemmer', 'schuyler.bailey@example.org', '912-359-0423', '2018-11-20 16:35:48', '2015-07-31 22:06:20');
INSERT INTO `users` (`id`, `first_name`, `last_name`, `email`, `phone`, `created_at`, `updated_at`) VALUES (36, 'Stewart', 'Carter', 'jamey38@example.net', '818-875-2340-29234', '2019-05-18 11:38:56', '2013-10-01 12:49:47');
INSERT INTO `users` (`id`, `first_name`, `last_name`, `email`, `phone`, `created_at`, `updated_at`) VALUES (37, 'Colten', 'Wintheiser', 'camron.lehner@example.com', '(625)444-0701', '2015-09-19 07:50:53', '2012-09-21 08:42:45');
INSERT INTO `users` (`id`, `first_name`, `last_name`, `email`, `phone`, `created_at`, `updated_at`) VALUES (38, 'Kelly', 'Stamm', 'keven26@example.net', '+58(0)5230728755', '2011-09-23 22:09:35', '2018-07-20 03:06:25');
INSERT INTO `users` (`id`, `first_name`, `last_name`, `email`, `phone`, `created_at`, `updated_at`) VALUES (39, 'Justice', 'Schroeder', 'danielle30@example.org', '(530)074-7477', '2017-11-29 12:41:18', '2014-09-11 12:22:47');
INSERT INTO `users` (`id`, `first_name`, `last_name`, `email`, `phone`, `created_at`, `updated_at`) VALUES (40, 'Anastasia', 'Hoeger', 'oscar.kemmer@example.org', '+63(9)0871648554', '2019-06-13 22:13:51', '2018-10-17 14:09:25');
INSERT INTO `users` (`id`, `first_name`, `last_name`, `email`, `phone`, `created_at`, `updated_at`) VALUES (41, 'Theodora', 'Hackett', 'beer.abdiel@example.com', '(951)556-4334', '2020-10-04 15:43:18', '2011-11-25 16:04:29');
INSERT INTO `users` (`id`, `first_name`, `last_name`, `email`, `phone`, `created_at`, `updated_at`) VALUES (42, 'Sienna', 'Gislason', 'eauer@example.org', '+61(2)3344993825', '2014-04-07 11:44:49', '2014-03-05 11:46:18');
INSERT INTO `users` (`id`, `first_name`, `last_name`, `email`, `phone`, `created_at`, `updated_at`) VALUES (43, 'Christelle', 'Heidenreich', 'ngreenfelder@example.com', '430-527-3336-81554', '2017-11-20 10:34:43', '2013-05-02 10:00:20');
INSERT INTO `users` (`id`, `first_name`, `last_name`, `email`, `phone`, `created_at`, `updated_at`) VALUES (44, 'Elwin', 'Batz', 'nhayes@example.com', '(424)730-2307-7733', '2011-09-06 13:07:03', '2011-09-07 03:50:15');
INSERT INTO `users` (`id`, `first_name`, `last_name`, `email`, `phone`, `created_at`, `updated_at`) VALUES (45, 'Ian', 'Bogan', 'jerde.davonte@example.com', '(128)121-9174', '2018-03-25 16:50:06', '2012-08-01 19:01:03');
INSERT INTO `users` (`id`, `first_name`, `last_name`, `email`, `phone`, `created_at`, `updated_at`) VALUES (46, 'Peter', 'Cronin', 'gutkowski.loy@example.org', '123-853-7654-0602', '2012-07-10 03:48:58', '2017-06-02 23:55:22');
INSERT INTO `users` (`id`, `first_name`, `last_name`, `email`, `phone`, `created_at`, `updated_at`) VALUES (47, 'Mauricio', 'Crist', 'jaunita53@example.com', '159-620-6292-2734', '2010-12-09 06:08:07', '2014-06-11 16:52:09');
INSERT INTO `users` (`id`, `first_name`, `last_name`, `email`, `phone`, `created_at`, `updated_at`) VALUES (48, 'Lazaro', 'Marquardt', 'kkohler@example.com', '1-012-954-4229-230', '2015-02-21 19:36:45', '2013-12-19 07:57:47');
INSERT INTO `users` (`id`, `first_name`, `last_name`, `email`, `phone`, `created_at`, `updated_at`) VALUES (49, 'Arnaldo', 'Wunsch', 'emmie15@example.org', '(237)143-0493', '2019-09-25 20:08:23', '2020-07-06 13:17:33');
INSERT INTO `users` (`id`, `first_name`, `last_name`, `email`, `phone`, `created_at`, `updated_at`) VALUES (50, 'Simone', 'Effertz', 'mozell60@example.com', '(028)486-0677-9179', '2019-04-28 15:00:16', '2011-12-31 17:29:40');
INSERT INTO `users` (`id`, `first_name`, `last_name`, `email`, `phone`, `created_at`, `updated_at`) VALUES (51, 'Rahsaan', 'Turcotte', 'sylvan.crona@example.net', '299-190-2149-207', '2018-04-19 21:21:03', '2011-12-18 12:34:41');
INSERT INTO `users` (`id`, `first_name`, `last_name`, `email`, `phone`, `created_at`, `updated_at`) VALUES (52, 'Winston', 'Moore', 'durgan.moriah@example.net', '09527024311', '2014-09-04 06:53:38', '2014-07-17 23:06:30');
INSERT INTO `users` (`id`, `first_name`, `last_name`, `email`, `phone`, `created_at`, `updated_at`) VALUES (53, 'Taryn', 'Ortiz', 'katrine91@example.net', '009-315-3059', '2010-11-08 12:26:09', '2012-12-22 09:52:34');
INSERT INTO `users` (`id`, `first_name`, `last_name`, `email`, `phone`, `created_at`, `updated_at`) VALUES (54, 'Gail', 'Bogisich', 'jazmin.stehr@example.net', '964-532-440-4834', '2014-03-27 16:21:33', '2019-05-15 04:14:24');
INSERT INTO `users` (`id`, `first_name`, `last_name`, `email`, `phone`, `created_at`, `updated_at`) VALUES (55, 'Kelton', 'Rowe', 'mchristiansen@example.org', '(065)557-4638-7499', '2010-12-21 02:20:10', '2012-10-28 12:55:26');
INSERT INTO `users` (`id`, `first_name`, `last_name`, `email`, `phone`, `created_at`, `updated_at`) VALUES (56, 'Alejandra', 'Kautzer', 'lonie.carter@example.net', '597-882-3258-1878', '2012-03-10 12:20:18', '2015-10-02 01:49:36');
INSERT INTO `users` (`id`, `first_name`, `last_name`, `email`, `phone`, `created_at`, `updated_at`) VALUES (57, 'Marisa', 'Durgan', 'bobbie20@example.org', '(980)398-5747-3985', '2016-11-28 03:10:22', '2020-10-07 11:15:33');
INSERT INTO `users` (`id`, `first_name`, `last_name`, `email`, `phone`, `created_at`, `updated_at`) VALUES (58, 'Noemi', 'Reichert', 'vschmeler@example.org', '663-368-8990-43393', '2015-05-28 03:53:59', '2012-03-26 14:39:10');
INSERT INTO `users` (`id`, `first_name`, `last_name`, `email`, `phone`, `created_at`, `updated_at`) VALUES (59, 'Lina', 'Hickle', 'lamar96@example.com', '+75(0)3018289075', '2014-03-17 22:12:54', '2012-07-23 03:35:54');
INSERT INTO `users` (`id`, `first_name`, `last_name`, `email`, `phone`, `created_at`, `updated_at`) VALUES (60, 'Golden', 'Brown', 'kennith46@example.com', '419-476-4610', '2018-03-24 07:03:39', '2013-02-08 00:59:54');
INSERT INTO `users` (`id`, `first_name`, `last_name`, `email`, `phone`, `created_at`, `updated_at`) VALUES (61, 'Omer', 'Mann', 'langworth.brian@example.com', '034-623-6131', '2014-01-26 03:43:58', '2017-06-01 20:02:07');
INSERT INTO `users` (`id`, `first_name`, `last_name`, `email`, `phone`, `created_at`, `updated_at`) VALUES (62, 'Rusty', 'Boyle', 'zhoppe@example.org', '1-264-556-4213-6609', '2014-03-23 01:59:08', '2015-05-08 22:42:22');
INSERT INTO `users` (`id`, `first_name`, `last_name`, `email`, `phone`, `created_at`, `updated_at`) VALUES (63, 'Fern', 'Rice', 'tromp.jaycee@example.org', '(760)135-1241-2163', '2011-03-06 17:28:07', '2016-11-07 19:41:12');
INSERT INTO `users` (`id`, `first_name`, `last_name`, `email`, `phone`, `created_at`, `updated_at`) VALUES (64, 'Millie', 'Wisoky', 'claud.reichert@example.com', '+11(7)2491364785', '2017-05-10 16:21:18', '2013-06-18 12:37:45');
INSERT INTO `users` (`id`, `first_name`, `last_name`, `email`, `phone`, `created_at`, `updated_at`) VALUES (65, 'Cathryn', 'Lakin', 'lkuphal@example.org', '1-481-048-4946-35593', '2013-10-19 07:28:09', '2017-04-02 17:59:40');
INSERT INTO `users` (`id`, `first_name`, `last_name`, `email`, `phone`, `created_at`, `updated_at`) VALUES (66, 'Jayce', 'Baumbach', 'selmer58@example.com', '+02(2)0376284909', '2011-04-01 10:15:03', '2015-09-09 06:41:41');
INSERT INTO `users` (`id`, `first_name`, `last_name`, `email`, `phone`, `created_at`, `updated_at`) VALUES (67, 'Citlalli', 'Bergnaum', 'turcotte.keenan@example.net', '03254823296', '2014-12-16 13:01:48', '2011-12-28 08:16:37');
INSERT INTO `users` (`id`, `first_name`, `last_name`, `email`, `phone`, `created_at`, `updated_at`) VALUES (68, 'Dax', 'Pagac', 'markus.kohler@example.com', '293-286-3873-67339', '2011-03-23 18:13:10', '2014-07-08 12:05:25');
INSERT INTO `users` (`id`, `first_name`, `last_name`, `email`, `phone`, `created_at`, `updated_at`) VALUES (69, 'Warren', 'Fisher', 'uwiza@example.org', '663-230-9276-89749', '2015-05-27 11:05:05', '2019-09-10 06:35:59');
INSERT INTO `users` (`id`, `first_name`, `last_name`, `email`, `phone`, `created_at`, `updated_at`) VALUES (70, 'Norene', 'Beier', 'jan.mclaughlin@example.net', '1-153-242-6119', '2019-05-13 06:08:52', '2014-06-04 12:41:05');
INSERT INTO `users` (`id`, `first_name`, `last_name`, `email`, `phone`, `created_at`, `updated_at`) VALUES (71, 'Fae', 'Cruickshank', 'damian.konopelski@example.com', '221-758-4344-4845', '2018-12-03 01:27:11', '2017-04-13 05:26:30');
INSERT INTO `users` (`id`, `first_name`, `last_name`, `email`, `phone`, `created_at`, `updated_at`) VALUES (72, 'Edison', 'Trantow', 'ova.blanda@example.com', '00215482132', '2011-06-15 16:23:04', '2014-01-29 13:54:32');
INSERT INTO `users` (`id`, `first_name`, `last_name`, `email`, `phone`, `created_at`, `updated_at`) VALUES (73, 'Adah', 'Wolf', 'zschinner@example.org', '1-526-358-6535-75907', '2013-11-23 06:21:13', '2012-03-30 11:20:12');
INSERT INTO `users` (`id`, `first_name`, `last_name`, `email`, `phone`, `created_at`, `updated_at`) VALUES (74, 'Howell', 'Reichert', 'shannon52@example.com', '1-069-579-8176', '2010-12-10 18:08:36', '2017-03-22 19:07:58');
INSERT INTO `users` (`id`, `first_name`, `last_name`, `email`, `phone`, `created_at`, `updated_at`) VALUES (75, 'Abdullah', 'Goodwin', 'jillian53@example.org', '546-886-5489', '2018-08-02 09:41:49', '2012-11-04 16:41:46');
INSERT INTO `users` (`id`, `first_name`, `last_name`, `email`, `phone`, `created_at`, `updated_at`) VALUES (76, 'Fay', 'Ledner', 'julianne.balistreri@example.com', '428-456-6847', '2020-10-30 09:13:00', '2011-11-08 23:34:05');
INSERT INTO `users` (`id`, `first_name`, `last_name`, `email`, `phone`, `created_at`, `updated_at`) VALUES (77, 'Drake', 'Klein', 'nicholaus26@example.net', '(723)188-9351-495', '2013-12-08 05:38:05', '2012-06-17 09:15:34');
INSERT INTO `users` (`id`, `first_name`, `last_name`, `email`, `phone`, `created_at`, `updated_at`) VALUES (78, 'Kenny', 'West', 'mekhi.mcdermott@example.com', '1-303-196-1591-918', '2011-04-09 14:45:46', '2011-07-26 11:36:45');
INSERT INTO `users` (`id`, `first_name`, `last_name`, `email`, `phone`, `created_at`, `updated_at`) VALUES (79, 'Felipe', 'Koepp', 'uwitting@example.net', '648-355-3160', '2018-03-18 00:31:23', '2011-12-23 21:13:14');
INSERT INTO `users` (`id`, `first_name`, `last_name`, `email`, `phone`, `created_at`, `updated_at`) VALUES (80, 'Jennyfer', 'Keebler', 'igislason@example.net', '03347010674', '2016-03-19 23:12:11', '2020-01-14 23:13:52');
INSERT INTO `users` (`id`, `first_name`, `last_name`, `email`, `phone`, `created_at`, `updated_at`) VALUES (81, 'Tia', 'Harvey', 'cloyd14@example.com', '870-649-9453-04901', '2012-03-25 23:55:19', '2016-02-02 10:21:54');
INSERT INTO `users` (`id`, `first_name`, `last_name`, `email`, `phone`, `created_at`, `updated_at`) VALUES (82, 'Janis', 'Kuphal', 'afay@example.com', '1-234-810-6848', '2019-07-31 01:11:03', '2012-07-08 02:37:26');
INSERT INTO `users` (`id`, `first_name`, `last_name`, `email`, `phone`, `created_at`, `updated_at`) VALUES (83, 'Dane', 'Gusikowski', 'lupton@example.com', '311-783-5245-34778', '2017-04-04 01:18:09', '2015-07-19 07:15:41');
INSERT INTO `users` (`id`, `first_name`, `last_name`, `email`, `phone`, `created_at`, `updated_at`) VALUES (84, 'Torrance', 'Herzog', 'brittany03@example.com', '03504512716', '2018-09-17 21:00:53', '2012-11-24 03:36:47');
INSERT INTO `users` (`id`, `first_name`, `last_name`, `email`, `phone`, `created_at`, `updated_at`) VALUES (85, 'Anissa', 'Lind', 'citlalli.gerlach@example.net', '08461681428', '2014-05-29 12:07:54', '2012-04-19 03:01:58');
INSERT INTO `users` (`id`, `first_name`, `last_name`, `email`, `phone`, `created_at`, `updated_at`) VALUES (86, 'Ransom', 'Larson', 'kharber@example.net', '+62(2)6242795328', '2011-10-03 04:29:46', '2013-08-22 13:17:00');
INSERT INTO `users` (`id`, `first_name`, `last_name`, `email`, `phone`, `created_at`, `updated_at`) VALUES (87, 'Chance', 'Jenkins', 'melody.mitchell@example.net', '(406)622-3604-70042', '2017-09-21 08:34:18', '2020-04-12 07:52:39');
INSERT INTO `users` (`id`, `first_name`, `last_name`, `email`, `phone`, `created_at`, `updated_at`) VALUES (88, 'Herta', 'Smitham', 'beatty.sean@example.org', '1-472-617-2024', '2014-09-08 22:47:57', '2018-03-23 16:02:33');
INSERT INTO `users` (`id`, `first_name`, `last_name`, `email`, `phone`, `created_at`, `updated_at`) VALUES (89, 'Amalia', 'Wiza', 'oma04@example.com', '(048)191-1750', '2013-06-12 16:20:50', '2016-09-06 01:33:59');
INSERT INTO `users` (`id`, `first_name`, `last_name`, `email`, `phone`, `created_at`, `updated_at`) VALUES (90, 'Kelsie', 'Hamill', 'jamaal00@example.com', '1-627-329-9219', '2017-06-27 06:54:50', '2013-09-03 03:09:01');
INSERT INTO `users` (`id`, `first_name`, `last_name`, `email`, `phone`, `created_at`, `updated_at`) VALUES (91, 'Cullen', 'Hodkiewicz', 'thad39@example.org', '765-664-5313-74305', '2013-09-21 08:48:03', '2016-08-11 18:00:39');
INSERT INTO `users` (`id`, `first_name`, `last_name`, `email`, `phone`, `created_at`, `updated_at`) VALUES (92, 'Stanton', 'Heller', 'drake.mante@example.net', '(852)564-8745', '2016-04-08 17:04:16', '2012-11-17 03:32:07');
INSERT INTO `users` (`id`, `first_name`, `last_name`, `email`, `phone`, `created_at`, `updated_at`) VALUES (93, 'Kyler', 'Denesik', 'willms.noelia@example.org', '311-923-6330-409', '2016-01-24 12:40:05', '2014-07-31 02:18:35');
INSERT INTO `users` (`id`, `first_name`, `last_name`, `email`, `phone`, `created_at`, `updated_at`) VALUES (94, 'Ramon', 'Orn', 'audra.corkery@example.net', '132-938-457-4908', '2012-12-17 18:45:46', '2014-02-06 00:34:02');
INSERT INTO `users` (`id`, `first_name`, `last_name`, `email`, `phone`, `created_at`, `updated_at`) VALUES (95, 'Katharina', 'Mayer', 'batz.demond@example.net', '(754)628-7798', '2013-06-05 21:28:38', '2012-04-21 08:26:17');
INSERT INTO `users` (`id`, `first_name`, `last_name`, `email`, `phone`, `created_at`, `updated_at`) VALUES (96, 'Llewellyn', 'Toy', 'kris.kameron@example.net', '+60(5)9322601140', '2020-01-05 21:09:48', '2013-08-31 17:16:56');
INSERT INTO `users` (`id`, `first_name`, `last_name`, `email`, `phone`, `created_at`, `updated_at`) VALUES (97, 'Percival', 'Considine', 'runolfsdottir.denis@example.org', '00704794786', '2011-07-03 15:39:12', '2014-02-12 17:03:36');
INSERT INTO `users` (`id`, `first_name`, `last_name`, `email`, `phone`, `created_at`, `updated_at`) VALUES (98, 'Maxwell', 'Hilll', 'cleveland.larkin@example.org', '+74(5)7060907302', '2014-08-24 07:04:34', '2011-02-08 10:35:22');
INSERT INTO `users` (`id`, `first_name`, `last_name`, `email`, `phone`, `created_at`, `updated_at`) VALUES (99, 'Sylvan', 'Kerluke', 'dina75@example.org', '924-448-2432', '2011-09-09 04:12:10', '2011-03-09 15:40:49');
INSERT INTO `users` (`id`, `first_name`, `last_name`, `email`, `phone`, `created_at`, `updated_at`) VALUES (100, 'Trevion', 'Gulgowski', 'strosin.aisha@example.net', '990-240-9827-832', '2016-05-05 11:58:56', '2011-03-22 09:44:11');

SELECT * FROM users;


-- 
-- Добавляем данные в таблицу "communities"
-- 
ALTER TABLE profiles CONVERT TO CHARACTER SET utf8mb4 COLLATE utf8mb4_unicode_ci; -- SET utf8
TRUNCATE TABLE profiles;

INSERT INTO `profiles` (`user_id`, `gender`, `birthday`, `city`, `country`, `created_at`, `updated_at`) VALUES (1, 'f', '1973-11-13', 'Leopoldtown', 'Nigeria', '2020-02-20 05:09:14', '2015-10-18 22:42:07');
INSERT INTO `profiles` (`user_id`, `gender`, `birthday`, `city`, `country`, `created_at`, `updated_at`) VALUES (2, 'f', '1994-06-21', 'New Garlandville', 'Djibouti', '2012-09-07 12:32:47', '2013-06-06 16:38:04');
INSERT INTO `profiles` (`user_id`, `gender`, `birthday`, `city`, `country`, `created_at`, `updated_at`) VALUES (3, 'm', '1977-11-04', 'South Enos', 'Colombia', '2015-03-19 23:58:23', '2016-09-02 05:32:29');
INSERT INTO `profiles` (`user_id`, `gender`, `birthday`, `city`, `country`, `created_at`, `updated_at`) VALUES (4, 'm', '1979-02-07', 'Port Adanmouth', 'Anguilla', '2012-07-04 03:23:46', '2014-08-21 21:14:56');
INSERT INTO `profiles` (`user_id`, `gender`, `birthday`, `city`, `country`, `created_at`, `updated_at`) VALUES (5, 'm', '1989-10-04', 'Hammesfort', 'Italy', '2016-09-12 11:57:29', '2012-02-02 09:12:32');
INSERT INTO `profiles` (`user_id`, `gender`, `birthday`, `city`, `country`, `created_at`, `updated_at`) VALUES (6, 'f', '1975-12-01', 'New Stanley', 'Sweden', '2013-07-23 13:47:39', '2013-02-26 20:36:55');
INSERT INTO `profiles` (`user_id`, `gender`, `birthday`, `city`, `country`, `created_at`, `updated_at`) VALUES (7, 'f', '1972-08-14', 'Pinkshire', 'Yemen', '2015-12-29 12:23:06', '2017-04-04 20:00:38');
INSERT INTO `profiles` (`user_id`, `gender`, `birthday`, `city`, `country`, `created_at`, `updated_at`) VALUES (8, 'm', '2017-12-28', 'Erniemouth', 'Albania', '2017-09-30 02:32:45', '2018-09-01 03:08:34');
INSERT INTO `profiles` (`user_id`, `gender`, `birthday`, `city`, `country`, `created_at`, `updated_at`) VALUES (9, 'm', '1992-01-08', 'Raustad', 'Reunion', '2019-05-22 23:47:53', '2018-09-02 10:36:54');
INSERT INTO `profiles` (`user_id`, `gender`, `birthday`, `city`, `country`, `created_at`, `updated_at`) VALUES (10, 'f', '1976-09-18', 'South Joyce', 'Saint Helena', '2012-03-25 04:31:49', '2018-05-03 22:45:04');
INSERT INTO `profiles` (`user_id`, `gender`, `birthday`, `city`, `country`, `created_at`, `updated_at`) VALUES (11, 'm', '2016-06-04', 'Reichertmouth', 'Saint Barthelemy', '2011-11-05 02:39:43', '2018-11-11 02:43:15');
INSERT INTO `profiles` (`user_id`, `gender`, `birthday`, `city`, `country`, `created_at`, `updated_at`) VALUES (12, 'm', '1975-06-05', 'Hilllside', 'Iraq', '2012-08-10 06:32:39', '2017-06-10 14:00:44');
INSERT INTO `profiles` (`user_id`, `gender`, `birthday`, `city`, `country`, `created_at`, `updated_at`) VALUES (13, 'm', '1973-10-22', 'New Darren', 'Burkina Faso', '2011-07-25 04:07:09', '2017-10-17 15:50:22');
INSERT INTO `profiles` (`user_id`, `gender`, `birthday`, `city`, `country`, `created_at`, `updated_at`) VALUES (14, 'f', '1993-11-15', 'Reeseborough', 'Swaziland', '2011-06-17 04:00:19', '2016-01-04 16:00:40');
INSERT INTO `profiles` (`user_id`, `gender`, `birthday`, `city`, `country`, `created_at`, `updated_at`) VALUES (15, 'm', '1984-11-26', 'New Irma', 'Panama', '2020-03-13 18:16:17', '2018-07-21 18:33:48');
INSERT INTO `profiles` (`user_id`, `gender`, `birthday`, `city`, `country`, `created_at`, `updated_at`) VALUES (16, 'f', '1989-10-29', 'Port Emily', 'Togo', '2019-03-21 20:15:16', '2016-08-08 23:48:19');
INSERT INTO `profiles` (`user_id`, `gender`, `birthday`, `city`, `country`, `created_at`, `updated_at`) VALUES (17, 'f', '1992-06-03', 'Antoniahaven', 'Equatorial Guinea', '2018-06-24 20:13:48', '2015-12-23 09:26:10');
INSERT INTO `profiles` (`user_id`, `gender`, `birthday`, `city`, `country`, `created_at`, `updated_at`) VALUES (18, 'f', '2006-04-06', 'Sofiabury', 'British Indian Ocean Territory (Chagos Archipelago)', '2016-03-17 10:10:39', '2015-09-03 19:58:37');
INSERT INTO `profiles` (`user_id`, `gender`, `birthday`, `city`, `country`, `created_at`, `updated_at`) VALUES (19, 'f', '1988-06-18', 'Romanchester', 'South Georgia and the South Sandwich Islands', '2019-07-01 07:30:46', '2018-02-14 06:43:21');
INSERT INTO `profiles` (`user_id`, `gender`, `birthday`, `city`, `country`, `created_at`, `updated_at`) VALUES (20, 'f', '1998-12-19', 'North Eloisaborough', 'Liechtenstein', '2018-03-21 08:13:55', '2014-04-28 22:30:34');
INSERT INTO `profiles` (`user_id`, `gender`, `birthday`, `city`, `country`, `created_at`, `updated_at`) VALUES (21, 'm', '2003-12-19', 'Rethaview', 'Niger', '2015-06-03 09:49:14', '2014-02-25 06:18:42');
INSERT INTO `profiles` (`user_id`, `gender`, `birthday`, `city`, `country`, `created_at`, `updated_at`) VALUES (22, 'm', '1972-12-04', 'East Madilynton', 'Dominican Republic', '2019-09-28 06:46:44', '2019-04-23 23:23:42');
INSERT INTO `profiles` (`user_id`, `gender`, `birthday`, `city`, `country`, `created_at`, `updated_at`) VALUES (23, 'm', '1986-12-06', 'West Camdenland', 'Guatemala', '2011-03-04 13:37:15', '2015-11-19 04:46:19');
INSERT INTO `profiles` (`user_id`, `gender`, `birthday`, `city`, `country`, `created_at`, `updated_at`) VALUES (24, 'm', '2005-09-14', 'Abernathyland', 'Sierra Leone', '2016-01-01 08:59:38', '2017-01-25 16:28:14');
INSERT INTO `profiles` (`user_id`, `gender`, `birthday`, `city`, `country`, `created_at`, `updated_at`) VALUES (25, 'm', '1997-05-26', 'Terrancestad', 'Lithuania', '2018-08-10 05:49:48', '2015-07-21 08:54:52');
INSERT INTO `profiles` (`user_id`, `gender`, `birthday`, `city`, `country`, `created_at`, `updated_at`) VALUES (26, 'f', '2006-08-22', 'Dooleyberg', 'Montenegro', '2017-08-28 08:02:31', '2013-02-28 12:29:31');
INSERT INTO `profiles` (`user_id`, `gender`, `birthday`, `city`, `country`, `created_at`, `updated_at`) VALUES (27, 'm', '2006-02-19', 'New Micaelaside', 'France', '2018-07-16 23:48:12', '2015-07-30 00:46:06');
INSERT INTO `profiles` (`user_id`, `gender`, `birthday`, `city`, `country`, `created_at`, `updated_at`) VALUES (28, 'm', '1985-05-15', 'East Kingland', 'Belarus', '2018-11-26 11:51:47', '2020-09-27 22:20:00');
INSERT INTO `profiles` (`user_id`, `gender`, `birthday`, `city`, `country`, `created_at`, `updated_at`) VALUES (29, 'm', '2003-07-27', 'Zemlakland', 'Saint Helena', '2019-05-02 23:06:17', '2017-07-01 11:33:16');
INSERT INTO `profiles` (`user_id`, `gender`, `birthday`, `city`, `country`, `created_at`, `updated_at`) VALUES (30, 'm', '1990-12-27', 'West Mosesbury', 'Canada', '2012-04-07 01:48:07', '2011-04-29 14:36:38');
INSERT INTO `profiles` (`user_id`, `gender`, `birthday`, `city`, `country`, `created_at`, `updated_at`) VALUES (31, 'f', '2005-11-04', 'North Emmett', 'Cook Islands', '2019-03-16 07:13:34', '2014-01-25 12:41:41');
INSERT INTO `profiles` (`user_id`, `gender`, `birthday`, `city`, `country`, `created_at`, `updated_at`) VALUES (32, 'm', '1977-01-15', 'North Burdettehaven', 'Rwanda', '2018-11-25 23:58:33', '2019-12-07 22:30:00');
INSERT INTO `profiles` (`user_id`, `gender`, `birthday`, `city`, `country`, `created_at`, `updated_at`) VALUES (33, 'm', '1971-08-18', 'Gloriaport', 'French Polynesia', '2010-11-20 05:49:22', '2014-11-08 21:36:42');
INSERT INTO `profiles` (`user_id`, `gender`, `birthday`, `city`, `country`, `created_at`, `updated_at`) VALUES (34, 'm', '2010-12-01', 'Port Mattieton', 'Guatemala', '2018-01-31 08:09:07', '2012-04-01 08:46:24');
INSERT INTO `profiles` (`user_id`, `gender`, `birthday`, `city`, `country`, `created_at`, `updated_at`) VALUES (35, 'm', '2009-02-20', 'Cummerataburgh', 'Montserrat', '2017-12-09 12:13:26', '2014-09-25 21:11:22');
INSERT INTO `profiles` (`user_id`, `gender`, `birthday`, `city`, `country`, `created_at`, `updated_at`) VALUES (36, 'm', '2015-04-30', 'Harryburgh', 'Central African Republic', '2016-04-09 15:35:47', '2014-09-08 02:39:14');
INSERT INTO `profiles` (`user_id`, `gender`, `birthday`, `city`, `country`, `created_at`, `updated_at`) VALUES (37, 'f', '1978-03-26', 'Handborough', 'Tuvalu', '2013-12-14 01:11:04', '2015-11-21 00:42:24');
INSERT INTO `profiles` (`user_id`, `gender`, `birthday`, `city`, `country`, `created_at`, `updated_at`) VALUES (38, 'f', '1975-05-16', 'Kelsibury', 'Mauritania', '2015-09-27 15:38:28', '2017-08-29 07:24:34');
INSERT INTO `profiles` (`user_id`, `gender`, `birthday`, `city`, `country`, `created_at`, `updated_at`) VALUES (39, 'm', '1995-01-21', 'North Conrad', 'Mauritius', '2015-02-03 01:44:25', '2016-04-01 21:25:19');
INSERT INTO `profiles` (`user_id`, `gender`, `birthday`, `city`, `country`, `created_at`, `updated_at`) VALUES (40, 'm', '1986-08-20', 'East Juana', 'United Arab Emirates', '2014-02-20 02:54:35', '2019-07-04 16:20:20');
INSERT INTO `profiles` (`user_id`, `gender`, `birthday`, `city`, `country`, `created_at`, `updated_at`) VALUES (41, 'f', '1986-12-22', 'Jakobchester', 'Guadeloupe', '2019-01-12 01:35:27', '2013-12-17 09:32:47');
INSERT INTO `profiles` (`user_id`, `gender`, `birthday`, `city`, `country`, `created_at`, `updated_at`) VALUES (42, 'f', '1970-02-19', 'East Erin', 'Tanzania', '2020-04-12 21:23:06', '2014-05-11 15:28:16');
INSERT INTO `profiles` (`user_id`, `gender`, `birthday`, `city`, `country`, `created_at`, `updated_at`) VALUES (43, 'm', '2005-07-06', 'Mariefort', 'Macedonia', '2016-05-07 14:14:09', '2013-06-28 03:47:18');
INSERT INTO `profiles` (`user_id`, `gender`, `birthday`, `city`, `country`, `created_at`, `updated_at`) VALUES (44, 'f', '2013-07-25', 'Lake Angelitaville', 'Syrian Arab Republic', '2019-01-23 10:03:11', '2014-10-25 02:35:14');
INSERT INTO `profiles` (`user_id`, `gender`, `birthday`, `city`, `country`, `created_at`, `updated_at`) VALUES (45, 'm', '2006-07-27', 'Wunschfort', 'Greece', '2017-09-06 17:13:35', '2018-12-27 03:49:49');
INSERT INTO `profiles` (`user_id`, `gender`, `birthday`, `city`, `country`, `created_at`, `updated_at`) VALUES (46, 'm', '1985-06-08', 'VonRuedenville', 'Martinique', '2015-02-01 00:09:57', '2020-06-02 07:09:12');
INSERT INTO `profiles` (`user_id`, `gender`, `birthday`, `city`, `country`, `created_at`, `updated_at`) VALUES (47, 'f', '2005-05-15', 'South Luz', 'Bolivia', '2020-07-20 12:54:44', '2019-02-25 02:46:45');
INSERT INTO `profiles` (`user_id`, `gender`, `birthday`, `city`, `country`, `created_at`, `updated_at`) VALUES (48, 'f', '2006-04-22', 'Crooksville', 'Cote Ivoire', '2015-04-04 09:12:16', '2013-01-12 14:24:33');
INSERT INTO `profiles` (`user_id`, `gender`, `birthday`, `city`, `country`, `created_at`, `updated_at`) VALUES (49, 'f', '2016-05-18', 'Corahaven', 'Central African Republic', '2013-05-19 10:48:54', '2014-11-30 21:02:38');
INSERT INTO `profiles` (`user_id`, `gender`, `birthday`, `city`, `country`, `created_at`, `updated_at`) VALUES (50, 'm', '2018-07-20', 'Macejkovicberg', 'Yemen', '2015-12-09 10:02:22', '2016-06-09 20:19:37');
INSERT INTO `profiles` (`user_id`, `gender`, `birthday`, `city`, `country`, `created_at`, `updated_at`) VALUES (51, 'm', '1999-07-31', 'New Aurelie', 'Eritrea', '2017-10-14 01:46:38', '2019-06-21 09:32:36');
INSERT INTO `profiles` (`user_id`, `gender`, `birthday`, `city`, `country`, `created_at`, `updated_at`) VALUES (52, 'f', '1985-07-24', 'Dietrichshire', 'Russian Federation', '2015-10-22 15:48:34', '2015-07-29 01:35:26');
INSERT INTO `profiles` (`user_id`, `gender`, `birthday`, `city`, `country`, `created_at`, `updated_at`) VALUES (53, 'f', '2013-09-08', 'Terrillmouth', 'Fiji', '2019-05-26 05:35:41', '2019-06-08 04:38:16');
INSERT INTO `profiles` (`user_id`, `gender`, `birthday`, `city`, `country`, `created_at`, `updated_at`) VALUES (54, 'f', '2002-09-19', 'New Gudrun', 'Cocos (Keeling) Islands', '2015-01-08 21:45:28', '2015-06-10 23:08:17');
INSERT INTO `profiles` (`user_id`, `gender`, `birthday`, `city`, `country`, `created_at`, `updated_at`) VALUES (55, 'm', '1989-03-02', 'Harberbury', 'Ecuador', '2013-04-19 11:33:40', '2019-01-10 13:49:46');
INSERT INTO `profiles` (`user_id`, `gender`, `birthday`, `city`, `country`, `created_at`, `updated_at`) VALUES (56, 'f', '2002-11-03', 'Boehmburgh', 'Tonga', '2011-09-07 11:11:02', '2013-06-30 01:58:18');
INSERT INTO `profiles` (`user_id`, `gender`, `birthday`, `city`, `country`, `created_at`, `updated_at`) VALUES (57, 'm', '2009-11-14', 'Jonesville', 'Equatorial Guinea', '2020-08-04 01:59:13', '2012-11-26 19:19:11');
INSERT INTO `profiles` (`user_id`, `gender`, `birthday`, `city`, `country`, `created_at`, `updated_at`) VALUES (58, 'm', '1977-03-12', 'Harrisontown', 'Bermuda', '2019-03-25 05:13:14', '2011-05-29 20:54:29');
INSERT INTO `profiles` (`user_id`, `gender`, `birthday`, `city`, `country`, `created_at`, `updated_at`) VALUES (59, 'm', '1988-08-25', 'Tremblaychester', 'Ukraine', '2018-04-09 00:41:18', '2017-03-03 23:15:42');
INSERT INTO `profiles` (`user_id`, `gender`, `birthday`, `city`, `country`, `created_at`, `updated_at`) VALUES (60, 'f', '1990-01-15', 'East Anastaciofort', 'Swaziland', '2011-04-07 07:04:42', '2019-09-15 00:56:57');
INSERT INTO `profiles` (`user_id`, `gender`, `birthday`, `city`, `country`, `created_at`, `updated_at`) VALUES (61, 'f', '2000-10-05', 'Eldoraside', 'Pitcairn Islands', '2018-10-14 06:58:44', '2015-11-23 09:04:59');
INSERT INTO `profiles` (`user_id`, `gender`, `birthday`, `city`, `country`, `created_at`, `updated_at`) VALUES (62, 'f', '2009-04-17', 'Tabithachester', 'French Southern Territories', '2014-03-17 04:23:16', '2012-05-03 03:26:50');
INSERT INTO `profiles` (`user_id`, `gender`, `birthday`, `city`, `country`, `created_at`, `updated_at`) VALUES (63, 'f', '1984-03-01', 'Daniellestad', 'Eritrea', '2011-03-16 10:49:40', '2018-10-12 14:46:37');
INSERT INTO `profiles` (`user_id`, `gender`, `birthday`, `city`, `country`, `created_at`, `updated_at`) VALUES (64, 'f', '2003-01-14', 'East Hans', 'Tokelau', '2013-02-17 12:23:50', '2017-01-14 05:44:52');
INSERT INTO `profiles` (`user_id`, `gender`, `birthday`, `city`, `country`, `created_at`, `updated_at`) VALUES (65, 'f', '2015-10-29', 'New Henrimouth', 'Micronesia', '2012-05-29 02:52:30', '2020-05-20 08:34:50');
INSERT INTO `profiles` (`user_id`, `gender`, `birthday`, `city`, `country`, `created_at`, `updated_at`) VALUES (66, 'm', '1993-12-04', 'Harberstad', 'Djibouti', '2019-12-16 17:30:38', '2012-07-21 15:02:49');
INSERT INTO `profiles` (`user_id`, `gender`, `birthday`, `city`, `country`, `created_at`, `updated_at`) VALUES (67, 'm', '1985-07-20', 'Evansview', 'Seychelles', '2012-09-16 11:57:01', '2016-03-19 13:28:08');
INSERT INTO `profiles` (`user_id`, `gender`, `birthday`, `city`, `country`, `created_at`, `updated_at`) VALUES (68, 'm', '1996-11-25', 'Harrisstad', 'Heard Island and McDonald Islands', '2016-07-07 08:02:24', '2011-11-30 09:00:58');
INSERT INTO `profiles` (`user_id`, `gender`, `birthday`, `city`, `country`, `created_at`, `updated_at`) VALUES (69, 'm', '2017-10-31', 'New Delores', 'Marshall Islands', '2013-05-02 16:57:02', '2020-08-07 19:57:30');
INSERT INTO `profiles` (`user_id`, `gender`, `birthday`, `city`, `country`, `created_at`, `updated_at`) VALUES (70, 'f', '1991-03-18', 'East Dustinchester', 'Somalia', '2012-06-25 09:53:53', '2020-03-05 10:01:36');
INSERT INTO `profiles` (`user_id`, `gender`, `birthday`, `city`, `country`, `created_at`, `updated_at`) VALUES (71, 'm', '2013-11-15', 'Easterborough', 'Wallis and Futuna', '2017-11-13 17:18:08', '2010-12-10 05:39:59');
INSERT INTO `profiles` (`user_id`, `gender`, `birthday`, `city`, `country`, `created_at`, `updated_at`) VALUES (72, 'f', '1972-04-11', 'West Dorotheafurt', 'Comoros', '2017-05-31 08:56:41', '2016-10-02 06:08:16');
INSERT INTO `profiles` (`user_id`, `gender`, `birthday`, `city`, `country`, `created_at`, `updated_at`) VALUES (73, 'f', '2012-01-27', 'Elishafurt', 'Guinea-Bissau', '2012-07-24 00:19:16', '2018-04-02 22:55:29');
INSERT INTO `profiles` (`user_id`, `gender`, `birthday`, `city`, `country`, `created_at`, `updated_at`) VALUES (74, 'm', '1977-08-25', 'Port Rickey', 'Georgia', '2017-07-16 17:43:44', '2020-09-25 20:16:16');
INSERT INTO `profiles` (`user_id`, `gender`, `birthday`, `city`, `country`, `created_at`, `updated_at`) VALUES (75, 'm', '1987-10-02', 'Raymundofort', 'Japan', '2012-05-05 10:09:22', '2014-07-30 22:38:08');
INSERT INTO `profiles` (`user_id`, `gender`, `birthday`, `city`, `country`, `created_at`, `updated_at`) VALUES (76, 'f', '1988-09-03', 'South Daren', 'Ecuador', '2013-03-31 08:04:26', '2012-04-29 14:00:22');
INSERT INTO `profiles` (`user_id`, `gender`, `birthday`, `city`, `country`, `created_at`, `updated_at`) VALUES (77, 'f', '1971-10-18', 'East Delfina', 'Czech Republic', '2019-10-10 13:10:02', '2013-09-17 01:36:55');
INSERT INTO `profiles` (`user_id`, `gender`, `birthday`, `city`, `country`, `created_at`, `updated_at`) VALUES (78, 'm', '1990-10-25', 'Lake Jevonside', 'Philippines', '2017-02-07 16:15:42', '2018-07-22 19:15:58');
INSERT INTO `profiles` (`user_id`, `gender`, `birthday`, `city`, `country`, `created_at`, `updated_at`) VALUES (79, 'm', '2015-11-04', 'Port Zena', 'Serbia', '2015-02-11 06:40:27', '2020-03-18 21:54:57');
INSERT INTO `profiles` (`user_id`, `gender`, `birthday`, `city`, `country`, `created_at`, `updated_at`) VALUES (80, 'f', '2013-03-11', 'Bennettstad', 'Saint Helena', '2014-07-25 19:53:44', '2017-12-08 23:50:43');
INSERT INTO `profiles` (`user_id`, `gender`, `birthday`, `city`, `country`, `created_at`, `updated_at`) VALUES (81, 'm', '1977-10-09', 'Smithmouth', 'Iran', '2013-08-03 05:35:14', '2016-07-07 21:45:27');
INSERT INTO `profiles` (`user_id`, `gender`, `birthday`, `city`, `country`, `created_at`, `updated_at`) VALUES (82, 'f', '2007-03-18', 'South Brisaland', 'Central African Republic', '2018-08-07 15:50:42', '2017-06-21 23:05:19');
INSERT INTO `profiles` (`user_id`, `gender`, `birthday`, `city`, `country`, `created_at`, `updated_at`) VALUES (83, 'f', '1982-11-29', 'South Porterview', 'Isle of Man', '2011-12-14 13:08:17', '2020-03-20 18:02:26');
INSERT INTO `profiles` (`user_id`, `gender`, `birthday`, `city`, `country`, `created_at`, `updated_at`) VALUES (84, 'f', '2020-03-30', 'Hageneschester', 'Dominican Republic', '2015-05-16 02:12:03', '2015-12-18 03:48:33');
INSERT INTO `profiles` (`user_id`, `gender`, `birthday`, `city`, `country`, `created_at`, `updated_at`) VALUES (85, 'm', '1983-08-25', 'North Adaline', 'Namibia', '2017-04-12 12:23:46', '2019-09-16 05:00:24');
INSERT INTO `profiles` (`user_id`, `gender`, `birthday`, `city`, `country`, `created_at`, `updated_at`) VALUES (86, 'm', '1983-02-15', 'East Herminioton', 'Hong Kong', '2015-03-08 06:47:48', '2016-10-09 12:02:05');
INSERT INTO `profiles` (`user_id`, `gender`, `birthday`, `city`, `country`, `created_at`, `updated_at`) VALUES (87, 'f', '1997-02-07', 'Creminhaven', 'United States Virgin Islands', '2012-04-08 18:38:30', '2016-08-31 11:19:03');
INSERT INTO `profiles` (`user_id`, `gender`, `birthday`, `city`, `country`, `created_at`, `updated_at`) VALUES (88, 'f', '1970-05-11', 'Spencermouth', 'Heard Island and McDonald Islands', '2016-07-23 10:19:05', '2018-10-14 03:14:40');
INSERT INTO `profiles` (`user_id`, `gender`, `birthday`, `city`, `country`, `created_at`, `updated_at`) VALUES (89, 'm', '2001-02-05', 'West Maximilian', 'Tuvalu', '2014-01-30 11:45:32', '2019-09-15 23:17:23');
INSERT INTO `profiles` (`user_id`, `gender`, `birthday`, `city`, `country`, `created_at`, `updated_at`) VALUES (90, 'f', '1988-09-21', 'Port Rebeca', 'Japan', '2016-04-30 02:49:37', '2014-08-13 10:27:10');
INSERT INTO `profiles` (`user_id`, `gender`, `birthday`, `city`, `country`, `created_at`, `updated_at`) VALUES (91, 'f', '2000-02-01', 'West Chris', 'Equatorial Guinea', '2016-02-23 14:07:12', '2014-09-03 21:41:40');
INSERT INTO `profiles` (`user_id`, `gender`, `birthday`, `city`, `country`, `created_at`, `updated_at`) VALUES (92, 'm', '2004-05-16', 'Gottliebtown', 'Central African Republic', '2017-09-02 04:55:43', '2018-07-01 08:36:01');
INSERT INTO `profiles` (`user_id`, `gender`, `birthday`, `city`, `country`, `created_at`, `updated_at`) VALUES (93, 'f', '1987-05-06', 'Rosendofurt', 'Pakistan', '2012-03-19 05:47:24', '2019-04-05 13:40:59');
INSERT INTO `profiles` (`user_id`, `gender`, `birthday`, `city`, `country`, `created_at`, `updated_at`) VALUES (94, 'm', '2005-05-22', 'Jacynthestad', 'Timor-Leste', '2016-01-13 08:06:32', '2018-10-01 07:58:29');
INSERT INTO `profiles` (`user_id`, `gender`, `birthday`, `city`, `country`, `created_at`, `updated_at`) VALUES (95, 'f', '1990-08-04', 'Lake Lottieside', 'Benin', '2015-03-10 17:19:20', '2019-01-25 09:36:37');
INSERT INTO `profiles` (`user_id`, `gender`, `birthday`, `city`, `country`, `created_at`, `updated_at`) VALUES (96, 'f', '2018-04-30', 'Muellertown', 'Guinea', '2017-06-09 09:16:10', '2011-02-01 15:40:30');
INSERT INTO `profiles` (`user_id`, `gender`, `birthday`, `city`, `country`, `created_at`, `updated_at`) VALUES (97, 'm', '2014-01-12', 'East Linneaberg', 'Fiji', '2013-06-21 01:03:21', '2019-02-24 10:56:51');
INSERT INTO `profiles` (`user_id`, `gender`, `birthday`, `city`, `country`, `created_at`, `updated_at`) VALUES (98, 'f', '2011-08-25', 'Lake Leta', 'Congo', '2018-07-10 20:43:43', '2019-11-07 19:18:42');
INSERT INTO `profiles` (`user_id`, `gender`, `birthday`, `city`, `country`, `created_at`, `updated_at`) VALUES (99, 'm', '2015-05-12', 'West Brock', 'Czech Republic', '2012-11-23 01:57:45', '2020-08-02 03:38:10');
INSERT INTO `profiles` (`user_id`, `gender`, `birthday`, `city`, `country`, `created_at`, `updated_at`) VALUES (100, 'm', '2011-04-27', 'West Haileybury', 'Mayotte', '2016-07-10 14:19:02', '2013-03-23 18:48:10');

SELECT * FROM profiles;


-- 
-- Добавляем данные в таблицу "communities"
-- 
ALTER TABLE communities CONVERT TO CHARACTER SET utf8mb4 COLLATE utf8mb4_unicode_ci; -- SET utf8
TRUNCATE TABLE communities;

INSERT INTO `communities` (`id`, `name`, `created_at`, `updated_at`) VALUES (1, 'Занимательная робототехника', '2011-05-14 20:33:34', '2016-10-03 01:31:48');
INSERT INTO `communities` (`id`, `name`, `created_at`, `updated_at`) VALUES (2, 'GeekBrains', '2012-11-29 09:35:03', '2019-11-13 10:27:35');
INSERT INTO `communities` (`id`, `name`, `created_at`, `updated_at`) VALUES (3, 'Сетевой ИТ-Университет', '2012-03-06 17:06:00', '2013-09-19 05:49:55');
INSERT INTO `communities` (`id`, `name`, `created_at`, `updated_at`) VALUES (4, 'Ардуино Arduino Пермь', '2018-11-09 14:31:50', '2011-12-29 19:23:10');
INSERT INTO `communities` (`id`, `name`, `created_at`, `updated_at`) VALUES (5, 'Raspberry Pi', '2013-05-14 06:18:22', '2020-09-23 07:31:56');
INSERT INTO `communities` (`id`, `name`, `created_at`, `updated_at`) VALUES (6, 'Центр робототехники и интеллектуальных систем', '2011-10-31 03:46:06', '2010-12-21 17:13:30');
INSERT INTO `communities` (`id`, `name`, `created_at`, `updated_at`) VALUES (7, 'Основы интеллектуальных систем, компьютерного зрения', '2016-02-16 04:01:16', '2014-08-12 05:18:10');
INSERT INTO `communities` (`id`, `name`, `created_at`, `updated_at`) VALUES (8, 'Лаборатория 3D-моделирования ПГНИУ', '2017-10-10 20:01:15', '2020-09-24 01:21:20');

SELECT * FROM communities;


-- 
-- Добавляем данные в таблицу "communities_users"
-- 
ALTER TABLE communities_users CONVERT TO CHARACTER SET utf8mb4 COLLATE utf8mb4_unicode_ci; -- SET utf8
TRUNCATE TABLE communities_users;

INSERT INTO `communities_users` (`community_id`, `user_id`, `created_at`) VALUES (1, 1, '2020-02-20 07:21:36');
INSERT INTO `communities_users` (`community_id`, `user_id`, `created_at`) VALUES (1, 9, '2016-03-24 08:17:24');
INSERT INTO `communities_users` (`community_id`, `user_id`, `created_at`) VALUES (1, 17, '2011-08-27 15:06:58');
INSERT INTO `communities_users` (`community_id`, `user_id`, `created_at`) VALUES (1, 25, '2018-07-14 06:39:49');
INSERT INTO `communities_users` (`community_id`, `user_id`, `created_at`) VALUES (1, 33, '2016-11-10 09:09:22');
INSERT INTO `communities_users` (`community_id`, `user_id`, `created_at`) VALUES (1, 41, '2011-06-22 12:35:34');
INSERT INTO `communities_users` (`community_id`, `user_id`, `created_at`) VALUES (1, 49, '2011-07-02 09:10:51');
INSERT INTO `communities_users` (`community_id`, `user_id`, `created_at`) VALUES (1, 57, '2019-02-09 11:46:47');
INSERT INTO `communities_users` (`community_id`, `user_id`, `created_at`) VALUES (1, 65, '2018-06-09 04:36:53');
INSERT INTO `communities_users` (`community_id`, `user_id`, `created_at`) VALUES (1, 73, '2018-06-25 20:41:56');
INSERT INTO `communities_users` (`community_id`, `user_id`, `created_at`) VALUES (1, 81, '2018-01-18 18:50:41');
INSERT INTO `communities_users` (`community_id`, `user_id`, `created_at`) VALUES (1, 89, '2013-01-30 05:50:03');
INSERT INTO `communities_users` (`community_id`, `user_id`, `created_at`) VALUES (1, 97, '2012-05-25 07:55:46');
INSERT INTO `communities_users` (`community_id`, `user_id`, `created_at`) VALUES (2, 2, '2017-10-06 17:18:55');
INSERT INTO `communities_users` (`community_id`, `user_id`, `created_at`) VALUES (2, 10, '2018-12-13 08:52:11');
INSERT INTO `communities_users` (`community_id`, `user_id`, `created_at`) VALUES (2, 18, '2017-09-05 06:31:29');
INSERT INTO `communities_users` (`community_id`, `user_id`, `created_at`) VALUES (2, 26, '2013-02-06 18:21:55');
INSERT INTO `communities_users` (`community_id`, `user_id`, `created_at`) VALUES (2, 34, '2015-07-25 01:13:34');
INSERT INTO `communities_users` (`community_id`, `user_id`, `created_at`) VALUES (2, 42, '2018-03-02 01:48:28');
INSERT INTO `communities_users` (`community_id`, `user_id`, `created_at`) VALUES (2, 50, '2010-12-08 10:26:27');
INSERT INTO `communities_users` (`community_id`, `user_id`, `created_at`) VALUES (2, 58, '2012-11-23 13:37:49');
INSERT INTO `communities_users` (`community_id`, `user_id`, `created_at`) VALUES (2, 66, '2016-04-06 10:29:38');
INSERT INTO `communities_users` (`community_id`, `user_id`, `created_at`) VALUES (2, 74, '2017-04-30 02:19:52');
INSERT INTO `communities_users` (`community_id`, `user_id`, `created_at`) VALUES (2, 82, '2012-09-20 00:04:51');
INSERT INTO `communities_users` (`community_id`, `user_id`, `created_at`) VALUES (2, 90, '2020-06-26 15:13:50');
INSERT INTO `communities_users` (`community_id`, `user_id`, `created_at`) VALUES (2, 98, '2015-10-16 00:03:57');
INSERT INTO `communities_users` (`community_id`, `user_id`, `created_at`) VALUES (3, 3, '2010-12-27 04:12:14');
INSERT INTO `communities_users` (`community_id`, `user_id`, `created_at`) VALUES (3, 11, '2018-06-13 21:04:11');
INSERT INTO `communities_users` (`community_id`, `user_id`, `created_at`) VALUES (3, 19, '2011-03-30 05:18:21');
INSERT INTO `communities_users` (`community_id`, `user_id`, `created_at`) VALUES (3, 27, '2019-04-21 03:56:45');
INSERT INTO `communities_users` (`community_id`, `user_id`, `created_at`) VALUES (3, 35, '2020-03-21 02:45:25');
INSERT INTO `communities_users` (`community_id`, `user_id`, `created_at`) VALUES (3, 43, '2020-03-11 02:00:23');
INSERT INTO `communities_users` (`community_id`, `user_id`, `created_at`) VALUES (3, 51, '2011-07-01 16:12:01');
INSERT INTO `communities_users` (`community_id`, `user_id`, `created_at`) VALUES (3, 59, '2011-05-25 11:56:28');
INSERT INTO `communities_users` (`community_id`, `user_id`, `created_at`) VALUES (3, 67, '2012-11-23 16:38:05');
INSERT INTO `communities_users` (`community_id`, `user_id`, `created_at`) VALUES (3, 75, '2014-09-03 07:15:34');
INSERT INTO `communities_users` (`community_id`, `user_id`, `created_at`) VALUES (3, 83, '2013-12-18 12:50:50');
INSERT INTO `communities_users` (`community_id`, `user_id`, `created_at`) VALUES (3, 91, '2020-06-20 06:21:25');
INSERT INTO `communities_users` (`community_id`, `user_id`, `created_at`) VALUES (3, 99, '2017-03-17 00:37:03');
INSERT INTO `communities_users` (`community_id`, `user_id`, `created_at`) VALUES (4, 4, '2015-03-27 22:05:17');
INSERT INTO `communities_users` (`community_id`, `user_id`, `created_at`) VALUES (4, 12, '2015-01-06 23:17:35');
INSERT INTO `communities_users` (`community_id`, `user_id`, `created_at`) VALUES (4, 20, '2012-02-06 04:28:33');
INSERT INTO `communities_users` (`community_id`, `user_id`, `created_at`) VALUES (4, 28, '2018-02-18 14:10:21');
INSERT INTO `communities_users` (`community_id`, `user_id`, `created_at`) VALUES (4, 36, '2016-07-21 07:46:29');
INSERT INTO `communities_users` (`community_id`, `user_id`, `created_at`) VALUES (4, 44, '2012-07-07 06:16:25');
INSERT INTO `communities_users` (`community_id`, `user_id`, `created_at`) VALUES (4, 52, '2018-01-15 06:24:24');
INSERT INTO `communities_users` (`community_id`, `user_id`, `created_at`) VALUES (4, 60, '2019-02-24 19:42:11');
INSERT INTO `communities_users` (`community_id`, `user_id`, `created_at`) VALUES (4, 68, '2017-06-01 12:47:31');
INSERT INTO `communities_users` (`community_id`, `user_id`, `created_at`) VALUES (4, 76, '2011-12-22 08:31:42');
INSERT INTO `communities_users` (`community_id`, `user_id`, `created_at`) VALUES (4, 84, '2011-02-16 01:14:46');
INSERT INTO `communities_users` (`community_id`, `user_id`, `created_at`) VALUES (4, 92, '2020-07-05 00:41:56');
INSERT INTO `communities_users` (`community_id`, `user_id`, `created_at`) VALUES (4, 100, '2012-08-31 08:11:51');
INSERT INTO `communities_users` (`community_id`, `user_id`, `created_at`) VALUES (5, 5, '2012-04-25 06:27:52');
INSERT INTO `communities_users` (`community_id`, `user_id`, `created_at`) VALUES (5, 13, '2011-08-29 03:57:43');
INSERT INTO `communities_users` (`community_id`, `user_id`, `created_at`) VALUES (5, 21, '2017-08-14 14:38:12');
INSERT INTO `communities_users` (`community_id`, `user_id`, `created_at`) VALUES (5, 29, '2019-10-18 20:09:03');
INSERT INTO `communities_users` (`community_id`, `user_id`, `created_at`) VALUES (5, 37, '2011-04-11 18:51:22');
INSERT INTO `communities_users` (`community_id`, `user_id`, `created_at`) VALUES (5, 45, '2017-03-26 02:26:08');
INSERT INTO `communities_users` (`community_id`, `user_id`, `created_at`) VALUES (5, 53, '2011-12-24 10:20:55');
INSERT INTO `communities_users` (`community_id`, `user_id`, `created_at`) VALUES (5, 61, '2016-10-08 03:33:38');
INSERT INTO `communities_users` (`community_id`, `user_id`, `created_at`) VALUES (5, 69, '2015-09-15 07:19:36');
INSERT INTO `communities_users` (`community_id`, `user_id`, `created_at`) VALUES (5, 77, '2018-06-20 10:25:55');
INSERT INTO `communities_users` (`community_id`, `user_id`, `created_at`) VALUES (5, 85, '2019-02-17 19:04:02');
INSERT INTO `communities_users` (`community_id`, `user_id`, `created_at`) VALUES (5, 93, '2015-10-23 15:11:09');
INSERT INTO `communities_users` (`community_id`, `user_id`, `created_at`) VALUES (6, 6, '2011-11-19 23:07:32');
INSERT INTO `communities_users` (`community_id`, `user_id`, `created_at`) VALUES (6, 14, '2011-03-16 13:43:08');
INSERT INTO `communities_users` (`community_id`, `user_id`, `created_at`) VALUES (6, 22, '2014-05-02 05:59:48');
INSERT INTO `communities_users` (`community_id`, `user_id`, `created_at`) VALUES (6, 30, '2015-08-25 04:22:00');
INSERT INTO `communities_users` (`community_id`, `user_id`, `created_at`) VALUES (6, 38, '2014-02-21 23:50:35');
INSERT INTO `communities_users` (`community_id`, `user_id`, `created_at`) VALUES (6, 46, '2016-12-04 06:19:32');
INSERT INTO `communities_users` (`community_id`, `user_id`, `created_at`) VALUES (6, 54, '2019-07-21 16:48:01');
INSERT INTO `communities_users` (`community_id`, `user_id`, `created_at`) VALUES (6, 62, '2020-03-25 22:22:34');
INSERT INTO `communities_users` (`community_id`, `user_id`, `created_at`) VALUES (6, 70, '2015-11-10 19:09:04');
INSERT INTO `communities_users` (`community_id`, `user_id`, `created_at`) VALUES (6, 78, '2013-01-26 03:57:14');
INSERT INTO `communities_users` (`community_id`, `user_id`, `created_at`) VALUES (6, 86, '2018-08-30 16:37:16');
INSERT INTO `communities_users` (`community_id`, `user_id`, `created_at`) VALUES (6, 94, '2018-05-14 17:48:35');
INSERT INTO `communities_users` (`community_id`, `user_id`, `created_at`) VALUES (7, 7, '2019-05-16 03:45:47');
INSERT INTO `communities_users` (`community_id`, `user_id`, `created_at`) VALUES (7, 15, '2019-04-11 05:53:19');
INSERT INTO `communities_users` (`community_id`, `user_id`, `created_at`) VALUES (7, 23, '2015-04-24 22:53:56');
INSERT INTO `communities_users` (`community_id`, `user_id`, `created_at`) VALUES (7, 31, '2013-07-13 14:54:56');
INSERT INTO `communities_users` (`community_id`, `user_id`, `created_at`) VALUES (7, 39, '2020-06-26 16:57:07');
INSERT INTO `communities_users` (`community_id`, `user_id`, `created_at`) VALUES (7, 47, '2012-01-24 12:37:04');
INSERT INTO `communities_users` (`community_id`, `user_id`, `created_at`) VALUES (7, 55, '2012-06-26 17:35:00');
INSERT INTO `communities_users` (`community_id`, `user_id`, `created_at`) VALUES (7, 63, '2016-04-18 10:06:17');
INSERT INTO `communities_users` (`community_id`, `user_id`, `created_at`) VALUES (7, 71, '2011-08-09 01:00:02');
INSERT INTO `communities_users` (`community_id`, `user_id`, `created_at`) VALUES (7, 79, '2018-01-13 04:53:16');
INSERT INTO `communities_users` (`community_id`, `user_id`, `created_at`) VALUES (7, 87, '2011-12-04 20:16:19');
INSERT INTO `communities_users` (`community_id`, `user_id`, `created_at`) VALUES (7, 95, '2019-05-20 08:13:36');
INSERT INTO `communities_users` (`community_id`, `user_id`, `created_at`) VALUES (8, 8, '2012-07-14 12:23:55');
INSERT INTO `communities_users` (`community_id`, `user_id`, `created_at`) VALUES (8, 16, '2012-11-10 19:34:45');
INSERT INTO `communities_users` (`community_id`, `user_id`, `created_at`) VALUES (8, 24, '2012-09-02 12:31:58');
INSERT INTO `communities_users` (`community_id`, `user_id`, `created_at`) VALUES (8, 32, '2016-09-08 20:11:53');
INSERT INTO `communities_users` (`community_id`, `user_id`, `created_at`) VALUES (8, 40, '2017-08-17 12:07:32');
INSERT INTO `communities_users` (`community_id`, `user_id`, `created_at`) VALUES (8, 48, '2014-02-18 04:18:28');
INSERT INTO `communities_users` (`community_id`, `user_id`, `created_at`) VALUES (8, 56, '2019-10-10 06:53:59');
INSERT INTO `communities_users` (`community_id`, `user_id`, `created_at`) VALUES (8, 64, '2015-04-28 18:40:15');
INSERT INTO `communities_users` (`community_id`, `user_id`, `created_at`) VALUES (8, 72, '2018-12-11 12:47:35');
INSERT INTO `communities_users` (`community_id`, `user_id`, `created_at`) VALUES (8, 80, '2014-09-03 23:56:49');
INSERT INTO `communities_users` (`community_id`, `user_id`, `created_at`) VALUES (8, 88, '2020-04-21 11:43:09');
INSERT INTO `communities_users` (`community_id`, `user_id`, `created_at`) VALUES (8, 96, '2017-09-03 19:05:37');

SELECT * FROM communities_users;


-- 
-- Добавляем данные в таблицу "friendship_statuses"
-- 
ALTER TABLE friendship_statuses CONVERT TO CHARACTER SET utf8mb4 COLLATE utf8mb4_unicode_ci; -- SET utf8
TRUNCATE TABLE friendship_statuses;

INSERT INTO `friendship_statuses` (`id`, `name`, `created_at`, `updated_at`) VALUES (1, 'Заявка подана', '2020-01-27 06:54:39', '2020-01-29 21:52:21');
INSERT INTO `friendship_statuses` (`id`, `name`, `created_at`, `updated_at`) VALUES (2, 'Заявка отклонена', '2020-11-25 02:09:47', '2020-03-29 12:00:27');
INSERT INTO `friendship_statuses` (`id`, `name`, `created_at`, `updated_at`) VALUES (3, 'Заявка принята', '2020-03-10 22:41:24', '2020-02-17 00:43:34');

SELECT * FROM friendship_statuses;

-- 
-- Добавляем данные в таблицу "friendship"
-- 
ALTER TABLE friendship CONVERT TO CHARACTER SET utf8mb4 COLLATE utf8mb4_unicode_ci ; -- SET utf8
TRUNCATE TABLE friendship ;

INSERT INTO `friendship` (`user_id`, `friend_id`, `status_id`, `requested_at`, `confirmed_at`, `created_at`, `updated_at`) VALUES (1, 13, 1, '2020-10-13 06:10:31', NULL, '2020-10-13 06:10:31', '2020-10-13 06:10:31');
INSERT INTO `friendship` (`user_id`, `friend_id`, `status_id`, `requested_at`, `confirmed_at`, `created_at`, `updated_at`) VALUES (2, 42, 2, '2020-05-25 06:54:29', '2020-07-24 14:12:03', '2020-05-25 06:54:29', '2020-07-24 14:12:03');
INSERT INTO `friendship` (`user_id`, `friend_id`, `status_id`, `requested_at`, `confirmed_at`, `created_at`, `updated_at`) VALUES (3, 31, 3, '2020-04-29 14:39:16', '2020-09-27 02:57:50', '2020-04-29 14:39:16', '2020-09-27 02:57:50');
INSERT INTO `friendship` (`user_id`, `friend_id`, `status_id`, `requested_at`, `confirmed_at`, `created_at`, `updated_at`) VALUES (4, 14, 1, '2020-10-12 20:19:36', NULL, '2020-10-12 20:19:36', '2020-10-12 20:19:36');
INSERT INTO `friendship` (`user_id`, `friend_id`, `status_id`, `requested_at`, `confirmed_at`, `created_at`, `updated_at`) VALUES (5, 51, 2, '2020-03-25 11:11:44', '2020-04-06 05:56:08', '2020-03-25 11:11:44', '2020-04-06 05:56:08');
INSERT INTO `friendship` (`user_id`, `friend_id`, `status_id`, `requested_at`, `confirmed_at`, `created_at`, `updated_at`) VALUES (6, 16, 3, '2020-09-11 07:46:25', '2020-09-30 16:12:55', '2020-09-11 07:46:25', '2020-09-30 16:12:55');
INSERT INTO `friendship` (`user_id`, `friend_id`, `status_id`, `requested_at`, `confirmed_at`, `created_at`, `updated_at`) VALUES (7, 23, 1, '2020-03-27 13:19:55', NULL, '2020-03-27 13:19:55', '2020-03-27 13:19:55');
INSERT INTO `friendship` (`user_id`, `friend_id`, `status_id`, `requested_at`, `confirmed_at`, `created_at`, `updated_at`) VALUES (8, 18, 2, '2020-02-12 21:11:26', '2020-11-28 14:00:59', '2020-02-12 21:11:26', '2020-11-28 14:00:59');
INSERT INTO `friendship` (`user_id`, `friend_id`, `status_id`, `requested_at`, `confirmed_at`, `created_at`, `updated_at`) VALUES (9, 58, 3, '2020-09-23 10:16:15', '2020-10-15 22:28:21', '2020-09-23 10:16:15', '2020-10-15 22:28:21');
INSERT INTO `friendship` (`user_id`, `friend_id`, `status_id`, `requested_at`, `confirmed_at`, `created_at`, `updated_at`) VALUES (10, 12, 1, '2020-01-20 13:21:14', NULL, '2020-01-20 13:21:14', '2020-01-20 13:21:14');
INSERT INTO `friendship` (`user_id`, `friend_id`, `status_id`, `requested_at`, `confirmed_at`, `created_at`, `updated_at`) VALUES (11, 16, 2, '2020-03-02 02:25:24', '2020-03-16 03:48:23', '2020-03-02 02:25:24', '2020-03-16 03:48:23');
INSERT INTO `friendship` (`user_id`, `friend_id`, `status_id`, `requested_at`, `confirmed_at`, `created_at`, `updated_at`) VALUES (12, 18, 3, '2020-08-11 14:52:04', '2020-09-07 04:39:53', '2020-08-11 14:52:04', '2020-09-07 04:39:53');
INSERT INTO `friendship` (`user_id`, `friend_id`, `status_id`, `requested_at`, `confirmed_at`, `created_at`, `updated_at`) VALUES (13, 45, 1, '2020-11-06 14:18:12', NULL, '2020-11-06 14:18:12', '2020-11-06 14:18:12');
INSERT INTO `friendship` (`user_id`, `friend_id`, `status_id`, `requested_at`, `confirmed_at`, `created_at`, `updated_at`) VALUES (14, 69, 2, '2020-03-22 09:47:20', '2020-03-30 21:09:55', '2020-03-22 09:47:20', '2020-03-30 21:09:55');
INSERT INTO `friendship` (`user_id`, `friend_id`, `status_id`, `requested_at`, `confirmed_at`, `created_at`, `updated_at`) VALUES (15, 85, 3, '2020-03-20 15:36:00', '2020-03-29 17:48:50', '2020-03-20 15:36:00', '2020-03-29 17:48:50');
INSERT INTO `friendship` (`user_id`, `friend_id`, `status_id`, `requested_at`, `confirmed_at`, `created_at`, `updated_at`) VALUES (16, 15, 1, '2020-08-22 15:50:22', NULL, '2020-08-22 15:50:22', '2020-08-22 15:50:22');
INSERT INTO `friendship` (`user_id`, `friend_id`, `status_id`, `requested_at`, `confirmed_at`, `created_at`, `updated_at`) VALUES (17, 98, 2, '2020-10-20 22:56:22', '2020-11-21 22:54:04', '2020-10-20 22:56:22', '2020-11-21 22:54:04');
INSERT INTO `friendship` (`user_id`, `friend_id`, `status_id`, `requested_at`, `confirmed_at`, `created_at`, `updated_at`) VALUES (18, 36, 3, '2020-06-02 05:44:18', '2020-06-28 08:53:06', '2020-06-02 05:44:18', '2020-06-28 08:53:06');
INSERT INTO `friendship` (`user_id`, `friend_id`, `status_id`, `requested_at`, `confirmed_at`, `created_at`, `updated_at`) VALUES (19, 82, 1, '2020-09-23 13:11:32', NULL, '2020-09-23 13:11:32', '2020-09-23 13:11:32');
INSERT INTO `friendship` (`user_id`, `friend_id`, `status_id`, `requested_at`, `confirmed_at`, `created_at`, `updated_at`) VALUES (20, 95, 2, '2020-10-18 15:07:43', '2020-10-20 15:56:20', '2020-10-18 15:07:43', '2020-10-20 15:56:20');
INSERT INTO `friendship` (`user_id`, `friend_id`, `status_id`, `requested_at`, `confirmed_at`, `created_at`, `updated_at`) VALUES (21, 100, 3, '2020-10-01 18:13:22', '2020-10-05 04:38:05', '2020-10-01 18:13:22', '2020-10-05 04:38:05');
INSERT INTO `friendship` (`user_id`, `friend_id`, `status_id`, `requested_at`, `confirmed_at`, `created_at`, `updated_at`) VALUES (22, 65, 1, '2020-08-17 04:55:38', NULL, '2020-08-17 04:55:38', '2020-08-17 04:55:38');
INSERT INTO `friendship` (`user_id`, `friend_id`, `status_id`, `requested_at`, `confirmed_at`, `created_at`, `updated_at`) VALUES (23, 91, 2, '2020-10-08 17:43:03', '2020-10-16 16:55:03', '2020-10-08 17:43:03', '2020-10-16 16:55:03');
INSERT INTO `friendship` (`user_id`, `friend_id`, `status_id`, `requested_at`, `confirmed_at`, `created_at`, `updated_at`) VALUES (24, 1, 3, '2020-04-22 05:25:28', '2020-07-11 17:08:35', '2020-04-22 05:25:28', '2020-07-11 17:08:35');
INSERT INTO `friendship` (`user_id`, `friend_id`, `status_id`, `requested_at`, `confirmed_at`, `created_at`, `updated_at`) VALUES (25, 12, 1, '2020-01-22 15:59:56', NULL, '2020-01-22 15:59:56', '2020-01-22 15:59:56');
INSERT INTO `friendship` (`user_id`, `friend_id`, `status_id`, `requested_at`, `confirmed_at`, `created_at`, `updated_at`) VALUES (26, 12, 2, '2020-02-06 16:53:24', '2020-03-03 13:57:44', '2020-02-06 16:53:24', '2020-03-03 13:57:44');
INSERT INTO `friendship` (`user_id`, `friend_id`, `status_id`, `requested_at`, `confirmed_at`, `created_at`, `updated_at`) VALUES (27, 97, 3, '2020-10-19 15:51:06', '2020-11-04 08:43:30', '2020-10-19 15:51:06', '2020-11-04 08:43:30');
INSERT INTO `friendship` (`user_id`, `friend_id`, `status_id`, `requested_at`, `confirmed_at`, `created_at`, `updated_at`) VALUES (28, 45, 1, '2020-08-07 08:00:38', NULL, '2020-08-07 08:00:38', '2020-08-07 08:00:38');
INSERT INTO `friendship` (`user_id`, `friend_id`, `status_id`, `requested_at`, `confirmed_at`, `created_at`, `updated_at`) VALUES (29, 36, 2, '2020-03-17 20:02:06', '2020-05-05 14:38:04', '2020-03-17 20:02:06', '2020-05-05 14:38:04');
INSERT INTO `friendship` (`user_id`, `friend_id`, `status_id`, `requested_at`, `confirmed_at`, `created_at`, `updated_at`) VALUES (30, 55, 3, '2020-08-06 10:47:07', '2020-09-29 16:59:45', '2020-08-06 10:47:07', '2020-09-29 16:59:45');
INSERT INTO `friendship` (`user_id`, `friend_id`, `status_id`, `requested_at`, `confirmed_at`, `created_at`, `updated_at`) VALUES (31, 51, 1, '2020-09-26 20:06:27', NULL, '2020-09-26 20:06:27', '2020-09-26 20:06:27');
INSERT INTO `friendship` (`user_id`, `friend_id`, `status_id`, `requested_at`, `confirmed_at`, `created_at`, `updated_at`) VALUES (32, 64, 2, '2020-01-21 23:02:11', '2020-02-29 10:54:29', '2020-01-21 23:02:11', '2020-02-29 10:54:29');
INSERT INTO `friendship` (`user_id`, `friend_id`, `status_id`, `requested_at`, `confirmed_at`, `created_at`, `updated_at`) VALUES (33, 73, 3, '2020-10-06 20:45:07', '2020-11-21 00:58:16', '2020-10-06 20:45:07', '2020-11-21 00:58:16');
INSERT INTO `friendship` (`user_id`, `friend_id`, `status_id`, `requested_at`, `confirmed_at`, `created_at`, `updated_at`) VALUES (34, 84, 1, '2020-05-30 22:10:53', NULL, '2020-05-30 22:10:53', '2020-05-30 22:10:53');
INSERT INTO `friendship` (`user_id`, `friend_id`, `status_id`, `requested_at`, `confirmed_at`, `created_at`, `updated_at`) VALUES (35, 95, 2, '2020-04-21 15:49:48', '2020-05-07 03:04:44', '2020-04-21 15:49:48', '2020-05-07 03:04:44');
INSERT INTO `friendship` (`user_id`, `friend_id`, `status_id`, `requested_at`, `confirmed_at`, `created_at`, `updated_at`) VALUES (36, 96, 3, '2020-08-16 19:02:37', '2020-08-27 00:21:04', '2020-08-16 19:02:37', '2020-08-27 00:21:04');
INSERT INTO `friendship` (`user_id`, `friend_id`, `status_id`, `requested_at`, `confirmed_at`, `created_at`, `updated_at`) VALUES (37, 57, 1, '2020-01-31 01:20:12', NULL, '2020-01-31 01:20:12', '2020-01-31 01:20:12');
INSERT INTO `friendship` (`user_id`, `friend_id`, `status_id`, `requested_at`, `confirmed_at`, `created_at`, `updated_at`) VALUES (38, 98, 2, '2020-06-09 21:54:01', '2020-07-08 10:51:44', '2020-06-09 21:54:01', '2020-07-08 10:51:44');
INSERT INTO `friendship` (`user_id`, `friend_id`, `status_id`, `requested_at`, `confirmed_at`, `created_at`, `updated_at`) VALUES (39, 49, 3, '2020-10-01 14:25:15', '2020-11-03 01:09:54', '2020-10-01 14:25:15', '2020-11-03 01:09:54');
INSERT INTO `friendship` (`user_id`, `friend_id`, `status_id`, `requested_at`, `confirmed_at`, `created_at`, `updated_at`) VALUES (40, 19, 1, '2020-08-31 17:41:24', NULL, '2020-08-31 17:41:24', '2020-08-31 17:41:24');
INSERT INTO `friendship` (`user_id`, `friend_id`, `status_id`, `requested_at`, `confirmed_at`, `created_at`, `updated_at`) VALUES (41, 17, 2, '2020-09-01 17:11:47', '2020-09-21 15:03:06', '2020-09-01 17:11:47', '2020-09-21 15:03:06');
INSERT INTO `friendship` (`user_id`, `friend_id`, `status_id`, `requested_at`, `confirmed_at`, `created_at`, `updated_at`) VALUES (42, 1, 3, '2020-09-29 00:16:48', '2020-10-01 13:00:17', '2020-09-29 00:16:48', '2020-10-01 13:00:17');
INSERT INTO `friendship` (`user_id`, `friend_id`, `status_id`, `requested_at`, `confirmed_at`, `created_at`, `updated_at`) VALUES (43, 2, 1, '2020-05-05 00:00:47', NULL, '2020-05-05 00:00:47', '2020-05-05 00:00:47');
INSERT INTO `friendship` (`user_id`, `friend_id`, `status_id`, `requested_at`, `confirmed_at`, `created_at`, `updated_at`) VALUES (44, 3, 2, '2020-09-13 10:34:09', '2020-09-26 09:51:28', '2020-09-13 10:34:09', '2020-09-26 09:51:28');
INSERT INTO `friendship` (`user_id`, `friend_id`, `status_id`, `requested_at`, `confirmed_at`, `created_at`, `updated_at`) VALUES (45, 4, 3, '2020-10-04 23:26:57', '2020-10-11 04:07:30', '2020-10-04 23:26:57', '2020-10-11 04:07:30');
INSERT INTO `friendship` (`user_id`, `friend_id`, `status_id`, `requested_at`, `confirmed_at`, `created_at`, `updated_at`) VALUES (46, 5, 1, '2020-03-04 07:37:00', NULL, '2020-03-04 07:37:00', '2020-03-04 07:37:00');
INSERT INTO `friendship` (`user_id`, `friend_id`, `status_id`, `requested_at`, `confirmed_at`, `created_at`, `updated_at`) VALUES (47, 6, 2, '2020-07-25 12:47:39', '2020-10-03 11:53:03', '2020-07-25 12:47:39', '2020-10-03 11:53:03');
INSERT INTO `friendship` (`user_id`, `friend_id`, `status_id`, `requested_at`, `confirmed_at`, `created_at`, `updated_at`) VALUES (48, 7, 3, '2020-07-07 10:11:26', '2020-11-17 23:52:35', '2020-07-07 10:11:26', '2020-11-17 23:52:35');
INSERT INTO `friendship` (`user_id`, `friend_id`, `status_id`, `requested_at`, `confirmed_at`, `created_at`, `updated_at`) VALUES (49, 8, 1, '2020-04-22 16:10:12', NULL, '2020-04-22 16:10:12', '2020-04-22 16:10:12');
INSERT INTO `friendship` (`user_id`, `friend_id`, `status_id`, `requested_at`, `confirmed_at`, `created_at`, `updated_at`) VALUES (50, 9, 2, '2020-04-18 19:38:06', '2020-05-14 20:28:20', '2020-04-18 19:38:06', '2020-05-14 20:28:20');
INSERT INTO `friendship` (`user_id`, `friend_id`, `status_id`, `requested_at`, `confirmed_at`, `created_at`, `updated_at`) VALUES (51, 10, 3, '2020-09-05 13:51:28', '2020-11-26 05:20:40', '2020-09-05 13:51:28', '2020-11-26 05:20:40');
INSERT INTO `friendship` (`user_id`, `friend_id`, `status_id`, `requested_at`, `confirmed_at`, `created_at`, `updated_at`) VALUES (52, 11, 1, '2020-04-14 02:12:07', NULL, '2020-04-14 02:12:07', '2020-04-14 02:12:07');
INSERT INTO `friendship` (`user_id`, `friend_id`, `status_id`, `requested_at`, `confirmed_at`, `created_at`, `updated_at`) VALUES (53, 12, 2, '2020-09-17 13:21:32', '2020-09-21 00:33:04', '2020-09-17 13:21:32', '2020-09-21 00:33:04');
INSERT INTO `friendship` (`user_id`, `friend_id`, `status_id`, `requested_at`, `confirmed_at`, `created_at`, `updated_at`) VALUES (54, 13, 3, '2020-08-23 11:31:14', '2020-11-13 02:04:42', '2020-03-31 06:11:37', '2020-11-13 02:04:42');
INSERT INTO `friendship` (`user_id`, `friend_id`, `status_id`, `requested_at`, `confirmed_at`, `created_at`, `updated_at`) VALUES (55, 14, 1, '2020-01-22 02:01:08', NULL, '2020-01-22 02:01:08', '2020-01-22 02:01:08');
INSERT INTO `friendship` (`user_id`, `friend_id`, `status_id`, `requested_at`, `confirmed_at`, `created_at`, `updated_at`) VALUES (56, 15, 2, '2020-03-11 09:18:17', '2020-09-01 15:43:20', '2020-03-11 09:18:17', '2020-09-01 15:43:20');
INSERT INTO `friendship` (`user_id`, `friend_id`, `status_id`, `requested_at`, `confirmed_at`, `created_at`, `updated_at`) VALUES (57, 16, 3, '2020-03-05 12:36:27', '2020-04-06 22:31:27', '2020-03-05 12:36:27', '2020-04-06 22:31:27');
INSERT INTO `friendship` (`user_id`, `friend_id`, `status_id`, `requested_at`, `confirmed_at`, `created_at`, `updated_at`) VALUES (58, 17, 1, '2020-02-12 21:46:23', NULL, '2020-02-12 21:46:23', '2020-02-12 21:46:23');
INSERT INTO `friendship` (`user_id`, `friend_id`, `status_id`, `requested_at`, `confirmed_at`, `created_at`, `updated_at`) VALUES (59, 18, 2, '2020-05-01 09:02:52', '2020-09-27 03:11:32', '2020-05-01 09:02:52', '2020-09-27 03:11:32');
INSERT INTO `friendship` (`user_id`, `friend_id`, `status_id`, `requested_at`, `confirmed_at`, `created_at`, `updated_at`) VALUES (60, 19, 3, '2020-10-16 12:35:49', '2020-10-29 07:36:22', '2020-10-16 12:35:49', '2020-10-29 07:36:22');
INSERT INTO `friendship` (`user_id`, `friend_id`, `status_id`, `requested_at`, `confirmed_at`, `created_at`, `updated_at`) VALUES (61, 20, 1, '2020-09-25 20:31:15', NULL, '2020-09-25 20:31:15', '2020-09-25 20:31:15');
INSERT INTO `friendship` (`user_id`, `friend_id`, `status_id`, `requested_at`, `confirmed_at`, `created_at`, `updated_at`) VALUES (62, 21, 2, '2020-07-12 21:55:58', '2020-07-15 19:37:31', '2020-07-12 21:55:58', '2020-07-15 19:37:31');
INSERT INTO `friendship` (`user_id`, `friend_id`, `status_id`, `requested_at`, `confirmed_at`, `created_at`, `updated_at`) VALUES (63, 22, 3, '2020-03-15 10:36:13', '2020-07-12 08:51:11', '2020-03-15 10:36:13', '2020-07-12 08:51:11');
INSERT INTO `friendship` (`user_id`, `friend_id`, `status_id`, `requested_at`, `confirmed_at`, `created_at`, `updated_at`) VALUES (64, 23, 1, '2020-09-17 14:47:22', NULL, '2020-09-17 14:47:22', '2020-09-17 14:47:22');
INSERT INTO `friendship` (`user_id`, `friend_id`, `status_id`, `requested_at`, `confirmed_at`, `created_at`, `updated_at`) VALUES (65, 24, 2, '2020-09-22 11:30:25', '2020-10-07 02:20:33', '2020-09-22 11:30:25', '2020-10-07 02:20:33');
INSERT INTO `friendship` (`user_id`, `friend_id`, `status_id`, `requested_at`, `confirmed_at`, `created_at`, `updated_at`) VALUES (66, 25, 3, '2020-09-04 19:30:17', '2020-09-26 04:54:22', '2020-09-04 19:30:17', '2020-09-26 04:54:22');
INSERT INTO `friendship` (`user_id`, `friend_id`, `status_id`, `requested_at`, `confirmed_at`, `created_at`, `updated_at`) VALUES (67, 26, 1, '2020-01-01 16:58:32', NULL, '2020-01-01 16:58:32', '2020-01-01 16:58:32');
INSERT INTO `friendship` (`user_id`, `friend_id`, `status_id`, `requested_at`, `confirmed_at`, `created_at`, `updated_at`) VALUES (68, 27, 2, '2020-03-03 02:53:34', '2020-09-30 13:11:53', '2020-03-03 02:53:34', '2020-09-30 13:11:53');
INSERT INTO `friendship` (`user_id`, `friend_id`, `status_id`, `requested_at`, `confirmed_at`, `created_at`, `updated_at`) VALUES (69, 28, 3, '2020-09-29 02:56:43', '2020-10-16 12:10:27', '2020-09-29 02:56:43', '2020-10-16 12:10:27');
INSERT INTO `friendship` (`user_id`, `friend_id`, `status_id`, `requested_at`, `confirmed_at`, `created_at`, `updated_at`) VALUES (70, 29, 1, '2020-02-11 16:00:09', NULL, '2020-02-11 16:00:09', '2020-02-11 16:00:09');
INSERT INTO `friendship` (`user_id`, `friend_id`, `status_id`, `requested_at`, `confirmed_at`, `created_at`, `updated_at`) VALUES (71, 30, 2, '2020-04-07 03:06:20', '2020-09-04 08:14:17', '2020-04-07 03:06:20', '2020-09-04 08:14:17');
INSERT INTO `friendship` (`user_id`, `friend_id`, `status_id`, `requested_at`, `confirmed_at`, `created_at`, `updated_at`) VALUES (72, 1, 3, '2020-09-09 08:43:00', '2020-09-09 18:04:50', '2020-09-09 08:43:00', '2020-09-09 18:04:50');
INSERT INTO `friendship` (`user_id`, `friend_id`, `status_id`, `requested_at`, `confirmed_at`, `created_at`, `updated_at`) VALUES (73, 2, 1, '2020-07-31 05:42:53', NULL, '2020-07-31 05:42:53', '2020-07-31 05:42:53');
INSERT INTO `friendship` (`user_id`, `friend_id`, `status_id`, `requested_at`, `confirmed_at`, `created_at`, `updated_at`) VALUES (74, 2, 2, '2020-03-06 06:49:35', '2020-04-10 09:20:37', '2020-03-06 06:49:35', '2020-04-10 09:20:37');
INSERT INTO `friendship` (`user_id`, `friend_id`, `status_id`, `requested_at`, `confirmed_at`, `created_at`, `updated_at`) VALUES (75, 9, 3, '2020-03-19 05:04:02', '2020-07-22 16:00:08', '2020-03-19 05:04:02', '2020-07-22 16:00:08');
INSERT INTO `friendship` (`user_id`, `friend_id`, `status_id`, `requested_at`, `confirmed_at`, `created_at`, `updated_at`) VALUES (76, 15, 1, '2020-09-02 03:28:32', NULL, '2020-09-02 03:28:32', '2020-09-02 03:28:32');
INSERT INTO `friendship` (`user_id`, `friend_id`, `status_id`, `requested_at`, `confirmed_at`, `created_at`, `updated_at`) VALUES (77, 25, 2, '2020-04-08 15:56:06', '2020-08-07 22:03:10', '2020-04-08 15:56:06', '2020-08-07 22:03:10');
INSERT INTO `friendship` (`user_id`, `friend_id`, `status_id`, `requested_at`, `confirmed_at`, `created_at`, `updated_at`) VALUES (78, 8, 3, '2020-10-09 17:04:42', '2020-10-17 16:54:04', '2020-10-09 17:04:42', '2020-10-17 16:54:04');
INSERT INTO `friendship` (`user_id`, `friend_id`, `status_id`, `requested_at`, `confirmed_at`, `created_at`, `updated_at`) VALUES (79, 5, 1, '2020-04-01 11:58:39', NULL, '2020-04-01 11:58:39', '2020-04-01 11:58:39');
INSERT INTO `friendship` (`user_id`, `friend_id`, `status_id`, `requested_at`, `confirmed_at`, `created_at`, `updated_at`) VALUES (80, 82, 2, '2020-06-28 02:40:32', '2020-10-24 15:47:23', '2020-06-28 02:40:32', '2020-10-24 15:47:23');
INSERT INTO `friendship` (`user_id`, `friend_id`, `status_id`, `requested_at`, `confirmed_at`, `created_at`, `updated_at`) VALUES (81, 91, 3, '2020-05-14 15:42:13', '2020-08-13 11:13:41', '2020-05-14 15:42:13', '2020-08-13 11:13:41');
INSERT INTO `friendship` (`user_id`, `friend_id`, `status_id`, `requested_at`, `confirmed_at`, `created_at`, `updated_at`) VALUES (82, 99, 1, '2020-02-02 17:57:59', NULL, '2020-02-02 17:57:59', '2020-02-02 17:57:59');
INSERT INTO `friendship` (`user_id`, `friend_id`, `status_id`, `requested_at`, `confirmed_at`, `created_at`, `updated_at`) VALUES (83, 100, 2, '2020-11-08 11:34:11', '2020-11-09 13:07:34', '2020-11-08 11:34:11', '2020-11-09 13:07:34');
INSERT INTO `friendship` (`user_id`, `friend_id`, `status_id`, `requested_at`, `confirmed_at`, `created_at`, `updated_at`) VALUES (84, 81, 3, '2020-09-03 22:58:36', '2020-09-11 23:41:31', '2020-09-03 22:58:36', '2020-09-11 23:41:31');
INSERT INTO `friendship` (`user_id`, `friend_id`, `status_id`, `requested_at`, `confirmed_at`, `created_at`, `updated_at`) VALUES (85, 81, 1, '2020-09-30 13:10:30', NULL, '2020-09-30 13:10:30', '2020-09-30 13:10:30');
INSERT INTO `friendship` (`user_id`, `friend_id`, `status_id`, `requested_at`, `confirmed_at`, `created_at`, `updated_at`) VALUES (86, 96, 2, '2020-03-06 14:33:33', '2020-03-13 14:01:44', '2020-03-06 14:33:33', '2020-03-13 14:01:44');
INSERT INTO `friendship` (`user_id`, `friend_id`, `status_id`, `requested_at`, `confirmed_at`, `created_at`, `updated_at`) VALUES (87, 1, 3, '2020-09-27 18:52:23', '2020-10-17 01:38:50', '2020-09-27 18:52:23', '2020-10-17 01:38:50');
INSERT INTO `friendship` (`user_id`, `friend_id`, `status_id`, `requested_at`, `confirmed_at`, `created_at`, `updated_at`) VALUES (88, 99, 1, '2020-09-19 20:27:40', NULL, '2020-09-19 20:27:40', '2020-09-19 20:27:40');
INSERT INTO `friendship` (`user_id`, `friend_id`, `status_id`, `requested_at`, `confirmed_at`, `created_at`, `updated_at`) VALUES (89, 99, 2, '2020-08-20 13:05:30', '2020-08-29 23:25:16', '2020-08-20 13:05:30', '2020-08-29 23:25:16');
INSERT INTO `friendship` (`user_id`, `friend_id`, `status_id`, `requested_at`, `confirmed_at`, `created_at`, `updated_at`) VALUES (90, 78, 3, '2020-10-23 08:06:18', '2020-10-27 11:58:03', '2020-10-23 08:06:18', '2020-10-27 11:58:03');
INSERT INTO `friendship` (`user_id`, `friend_id`, `status_id`, `requested_at`, `confirmed_at`, `created_at`, `updated_at`) VALUES (91, 78, 1, '2020-09-23 13:26:11', NULL, '2020-09-23 13:26:11', '2020-09-23 13:26:11');
INSERT INTO `friendship` (`user_id`, `friend_id`, `status_id`, `requested_at`, `confirmed_at`, `created_at`, `updated_at`) VALUES (92, 99, 2, '2020-09-30 15:40:24', '2020-10-09 13:55:36', '2020-09-30 15:40:24', '2020-10-09 13:55:36');
INSERT INTO `friendship` (`user_id`, `friend_id`, `status_id`, `requested_at`, `confirmed_at`, `created_at`, `updated_at`) VALUES (93, 62, 3, '2020-05-16 03:47:26', '2020-10-05 03:00:09', '2020-05-16 03:47:26', '2020-10-05 03:00:09');
INSERT INTO `friendship` (`user_id`, `friend_id`, `status_id`, `requested_at`, `confirmed_at`, `created_at`, `updated_at`) VALUES (94, 53, 1, '2020-07-05 00:32:26', NULL, '2020-07-05 00:32:26', '2020-07-05 00:32:26');
INSERT INTO `friendship` (`user_id`, `friend_id`, `status_id`, `requested_at`, `confirmed_at`, `created_at`, `updated_at`) VALUES (95, 54, 2, '2020-04-08 15:44:22', '2020-09-16 07:51:57', '2020-04-08 15:44:22', '2020-09-16 07:51:57');
INSERT INTO `friendship` (`user_id`, `friend_id`, `status_id`, `requested_at`, `confirmed_at`, `created_at`, `updated_at`) VALUES (96, 84, 3, '2020-07-15 20:15:57', '2020-11-18 05:34:58', '2020-09-13 03:02:26', '2020-03-02 23:09:59');
INSERT INTO `friendship` (`user_id`, `friend_id`, `status_id`, `requested_at`, `confirmed_at`, `created_at`, `updated_at`) VALUES (97, 77, 1, '2020-04-10 21:57:34', NULL, '2020-04-10 21:57:34', '2020-04-10 21:57:34');
INSERT INTO `friendship` (`user_id`, `friend_id`, `status_id`, `requested_at`, `confirmed_at`, `created_at`, `updated_at`) VALUES (98, 60, 2, '2020-05-29 05:23:03', '2020-10-28 13:57:07', '2020-05-29 05:23:03', '2020-10-28 13:57:07');
INSERT INTO `friendship` (`user_id`, `friend_id`, `status_id`, `requested_at`, `confirmed_at`, `created_at`, `updated_at`) VALUES (99, 100, 3, '2020-09-07 05:54:46', '2020-09-24 13:00:28', '2020-09-07 05:54:46', '2020-09-24 13:00:28');
INSERT INTO `friendship` (`user_id`, `friend_id`, `status_id`, `requested_at`, `confirmed_at`, `created_at`, `updated_at`) VALUES (100, 96, 1, '2020-08-14 08:10:04', NULL, '2020-08-14 08:10:04', '2020-08-14 08:10:04');


SELECT * FROM friendship ;


-- 
-- Добавляем данные в таблицу "media_types"
-- 
ALTER TABLE media_types CONVERT TO CHARACTER SET utf8mb4 COLLATE utf8mb4_unicode_ci; -- SET utf8
TRUNCATE TABLE media_types;


INSERT INTO `media_types` (`id`, `name`, `created_at`, `updated_at`) VALUES (1, 'Фотографии', '2011-12-26 13:02:59', '2019-01-30 02:19:05');
INSERT INTO `media_types` (`id`, `name`, `created_at`, `updated_at`) VALUES ( 2, 'Музыка', '2013-10-19 02:10:37', '2011-06-23 03:17:44');
INSERT INTO `media_types` (`id`, `name`, `created_at`, `updated_at`) VALUES ( 3, 'Видео', '2011-09-06 19:16:46', '2020-09-22 11:57:13');
INSERT INTO `media_types` (`id`, `name`, `created_at`, `updated_at`) VALUES (4, 'Клипы', '2011-06-08 00:30:03', '2018-11-27 22:12:32');
INSERT INTO `media_types` (`id`, `name`, `created_at`, `updated_at`) VALUES (5, 'Игры', '2014-07-01 05:38:22', '2011-03-05 06:18:20');

SELECT * FROM media_types ;


-- 
-- Добавляем данные в таблицу "media"
-- 
ALTER TABLE media CONVERT TO CHARACTER SET utf8mb4 COLLATE utf8mb4_unicode_ci; -- SET utf8
TRUNCATE TABLE media;

INSERT INTO `media` (`id`, `user_id`, `filename`, `size`, `metadata`, `media_type_id`, `created_at`, `updated_at`) VALUES (1, 1, 'Non perspiciatis est ipsam provident est.', 2147483647, '8', 1, '2014-02-22 16:14:42', '2015-04-20 20:23:58');
INSERT INTO `media` (`id`, `user_id`, `filename`, `size`, `metadata`, `media_type_id`, `created_at`, `updated_at`) VALUES (2, 3, 'Vitae eveniet incidunt qui est dolor est.', 2147483647, '2', 3, '2014-03-24 03:58:00', '2011-10-02 16:27:38');
INSERT INTO `media` (`id`, `user_id`, `filename`, `size`, `metadata`, `media_type_id`, `created_at`, `updated_at`) VALUES (3, 4, 'Nihil adipisci labore vero quibusdam.', 2147483647, '9', 4, '2015-09-03 02:47:01', '2015-12-18 06:40:27');
INSERT INTO `media` (`id`, `user_id`, `filename`, `size`, `metadata`, `media_type_id`, `created_at`, `updated_at`) VALUES (4, 5, 'Molestiae incidunt aut omnis aliquam.', 2147483647, '5', 5, '2016-06-10 04:07:08', '2018-08-25 16:34:03');
INSERT INTO `media` (`id`, `user_id`, `filename`, `size`, `metadata`, `media_type_id`, `created_at`, `updated_at`) VALUES (5, 1, 'Rerum qui amet reprehenderit illo culpa vel.', 1790180290, '8', 1, '2019-09-02 08:28:50', '2016-06-22 12:36:49');
INSERT INTO `media` (`id`, `user_id`, `filename`, `size`, `metadata`, `media_type_id`, `created_at`, `updated_at`) VALUES (6, 2, 'Non nihil harum magnam qui corrupti.', 2147483647, '6', 2, '2017-10-15 20:43:50', '2019-08-10 19:57:02');
INSERT INTO `media` (`id`, `user_id`, `filename`, `size`, `metadata`, `media_type_id`, `created_at`, `updated_at`) VALUES (7, 4, 'Eaque et architecto inventore velit odio rerum ab.', 2147483647, '2', 4, '2017-07-11 09:53:47', '2016-07-21 19:36:44');
INSERT INTO `media` (`id`, `user_id`, `filename`, `size`, `metadata`, `media_type_id`, `created_at`, `updated_at`) VALUES (8, 5, 'Eum iste quasi possimus voluptatibus amet aut.', 2147483647, '8', 5, '2013-01-24 14:20:51', '2015-10-24 20:35:36');
INSERT INTO `media` (`id`, `user_id`, `filename`, `size`, `metadata`, `media_type_id`, `created_at`, `updated_at`) VALUES (9, 12, 'Dolorum expedita voluptatum dolorem voluptatum.', 839678235, '5', 2, '2016-12-12 14:35:55', '2019-03-30 22:18:16');
INSERT INTO `media` (`id`, `user_id`, `filename`, `size`, `metadata`, `media_type_id`, `created_at`, `updated_at`) VALUES (10, 13, 'Totam nemo consequuntur assumenda est.', 2083011106, '6', 3, '2016-08-12 20:48:08', '2019-10-19 15:36:22');
INSERT INTO `media` (`id`, `user_id`, `filename`, `size`, `metadata`, `media_type_id`, `created_at`, `updated_at`) VALUES (11, 14, 'Omnis mollitia et eveniet et quidem porro quo.', 2147483647, '6', 4, '2012-02-12 06:50:53', '2017-02-15 10:21:02');
INSERT INTO `media` (`id`, `user_id`, `filename`, `size`, `metadata`, `media_type_id`, `created_at`, `updated_at`) VALUES (12, 15, 'Omnis tempore corporis nisi quia numquam qui.', 2147483647, '6', 5, '2015-11-03 17:34:06', '2019-03-24 04:34:08');
INSERT INTO `media` (`id`, `user_id`, `filename`, `size`, `metadata`, `media_type_id`, `created_at`, `updated_at`) VALUES (13, 16, 'Laboriosam libero vel architecto officia velit at.', 2147483647, '8', 1, '2011-08-10 12:49:31', '2019-11-12 16:19:58');
INSERT INTO `media` (`id`, `user_id`, `filename`, `size`, `metadata`, `media_type_id`, `created_at`, `updated_at`) VALUES (14, 17, 'Quis occaecati magni fugiat fuga.', 2147483647, '7', 2, '2014-09-28 08:28:42', '2019-08-27 15:54:16');
INSERT INTO `media` (`id`, `user_id`, `filename`, `size`, `metadata`, `media_type_id`, `created_at`, `updated_at`) VALUES (15, 18, 'Qui quis repellat esse molestias repudiandae sint iusto quos.', 1159865120, '2', 3, '2013-06-04 12:24:57', '2010-11-12 15:17:41');
INSERT INTO `media` (`id`, `user_id`, `filename`, `size`, `metadata`, `media_type_id`, `created_at`, `updated_at`) VALUES (16, 20, 'Enim voluptatem laudantium vero.', 2147483647, '8', 5, '2013-04-18 13:45:09', '2016-11-12 10:10:07');
INSERT INTO `media` (`id`, `user_id`, `filename`, `size`, `metadata`, `media_type_id`, `created_at`, `updated_at`) VALUES (17, 21, 'Architecto velit aperiam magni aperiam consequuntur cumque.', 540267401, '8', 1, '2018-03-26 19:17:01', '2015-06-23 06:44:37');
INSERT INTO `media` (`id`, `user_id`, `filename`, `size`, `metadata`, `media_type_id`, `created_at`, `updated_at`) VALUES (18, 22, 'Perferendis vero unde nemo nobis impedit.', 1002128045, '8', 2, '2011-06-02 12:00:15', '2017-04-01 05:34:48');
INSERT INTO `media` (`id`, `user_id`, `filename`, `size`, `metadata`, `media_type_id`, `created_at`, `updated_at`) VALUES (19, 23, 'Vitae sed eos nesciunt et est tenetur facilis nemo.', 2147483647, '2', 3, '2016-03-06 21:39:10', '2011-01-21 13:39:35');
INSERT INTO `media` (`id`, `user_id`, `filename`, `size`, `metadata`, `media_type_id`, `created_at`, `updated_at`) VALUES (20, 24, 'Dolor numquam sapiente omnis.', 2147483647, '4', 4, '2011-04-23 22:28:28', '2019-09-28 23:02:37');
INSERT INTO `media` (`id`, `user_id`, `filename`, `size`, `metadata`, `media_type_id`, `created_at`, `updated_at`) VALUES (21, 25, 'Et fuga mollitia consequatur voluptas sunt omnis.', 1484881988, '8', 5, '2011-06-05 19:28:07', '2013-07-21 12:35:11');
INSERT INTO `media` (`id`, `user_id`, `filename`, `size`, `metadata`, `media_type_id`, `created_at`, `updated_at`) VALUES (22, 26, 'Veniam consequatur omnis et temporibus omnis tempore mollitia.', 2147483647, '5', 1, '2020-10-11 19:46:49', '2020-11-01 11:05:56');
INSERT INTO `media` (`id`, `user_id`, `filename`, `size`, `metadata`, `media_type_id`, `created_at`, `updated_at`) VALUES (23, 27, 'Ad et dicta et tenetur.', 2147483647, '5', 2, '2019-08-26 00:32:18', '2012-03-10 03:29:22');
INSERT INTO `media` (`id`, `user_id`, `filename`, `size`, `metadata`, `media_type_id`, `created_at`, `updated_at`) VALUES (24, 28, 'Praesentium et similique et.', 2147483647, '9', 3, '2018-09-30 12:08:32', '2019-07-18 17:11:57');
INSERT INTO `media` (`id`, `user_id`, `filename`, `size`, `metadata`, `media_type_id`, `created_at`, `updated_at`) VALUES (25, 29, 'Similique rerum dolor adipisci sequi sed molestiae.', 2147483647, '3', 4, '2013-06-11 14:27:02', '2015-07-30 13:40:14');
INSERT INTO `media` (`id`, `user_id`, `filename`, `size`, `metadata`, `media_type_id`, `created_at`, `updated_at`) VALUES (26, 30, 'Et velit repellendus similique sequi totam harum.', 2147483647, '5', 5, '2020-09-24 05:18:37', '2018-10-29 18:57:56');
INSERT INTO `media` (`id`, `user_id`, `filename`, `size`, `metadata`, `media_type_id`, `created_at`, `updated_at`) VALUES (27, 31, 'Animi tenetur ut veritatis quisquam voluptatem.', 2147483647, '7', 1, '2020-04-30 04:52:49', '2020-08-09 04:53:14');
INSERT INTO `media` (`id`, `user_id`, `filename`, `size`, `metadata`, `media_type_id`, `created_at`, `updated_at`) VALUES (28, 33, 'Laboriosam et inventore corrupti maiores sint vel eum quod.', 2147483647, '2', 3, '2015-06-26 22:42:26', '2017-09-28 03:31:46');
INSERT INTO `media` (`id`, `user_id`, `filename`, `size`, `metadata`, `media_type_id`, `created_at`, `updated_at`) VALUES (29, 34, 'Quod autem rerum nesciunt excepturi doloribus ea quisquam.', 2147483647, '4', 4, '2020-05-01 02:34:30', '2017-02-15 18:39:07');
INSERT INTO `media` (`id`, `user_id`, `filename`, `size`, `metadata`, `media_type_id`, `created_at`, `updated_at`) VALUES (30, 35, 'Aliquid expedita labore eveniet explicabo quis.', 555824548, '6', 5, '2017-08-10 19:14:51', '2011-12-20 00:24:49');
INSERT INTO `media` (`id`, `user_id`, `filename`, `size`, `metadata`, `media_type_id`, `created_at`, `updated_at`) VALUES (31, 36, 'Unde ex expedita nihil quibusdam molestias ut.', 2147483647, '4', 1, '2012-08-08 10:17:08', '2014-02-07 11:20:44');
INSERT INTO `media` (`id`, `user_id`, `filename`, `size`, `metadata`, `media_type_id`, `created_at`, `updated_at`) VALUES (32, 37, 'Inventore eveniet excepturi et.', 2147483647, '4', 2, '2013-05-09 03:47:50', '2016-06-17 04:49:50');
INSERT INTO `media` (`id`, `user_id`, `filename`, `size`, `metadata`, `media_type_id`, `created_at`, `updated_at`) VALUES (33, 38, 'Architecto non labore assumenda.', 2147483647, '7', 3, '2014-03-19 19:58:12', '2011-05-13 13:56:54');
INSERT INTO `media` (`id`, `user_id`, `filename`, `size`, `metadata`, `media_type_id`, `created_at`, `updated_at`) VALUES (34, 39, 'Laboriosam maiores repellendus libero aliquam aut quasi facere.', 2147483647, '1', 4, '2018-06-16 19:05:27', '2018-12-25 04:04:52');
INSERT INTO `media` (`id`, `user_id`, `filename`, `size`, `metadata`, `media_type_id`, `created_at`, `updated_at`) VALUES (35, 40, 'Aut eaque eos voluptatem eaque inventore pariatur consequatur repellat.', 2147483647, '7', 5, '2011-09-01 05:34:23', '2014-01-08 16:40:30');
INSERT INTO `media` (`id`, `user_id`, `filename`, `size`, `metadata`, `media_type_id`, `created_at`, `updated_at`) VALUES (36, 41, 'Aut accusantium architecto eos magnam.', 2147483647, '8', 1, '2016-10-30 11:18:49', '2014-05-01 04:14:04');
INSERT INTO `media` (`id`, `user_id`, `filename`, `size`, `metadata`, `media_type_id`, `created_at`, `updated_at`) VALUES (37, 42, 'Ducimus vitae sit sint sed autem.', 2147483647, '2', 2, '2012-09-11 07:29:54', '2019-11-28 21:49:12');
INSERT INTO `media` (`id`, `user_id`, `filename`, `size`, `metadata`, `media_type_id`, `created_at`, `updated_at`) VALUES (38, 43, 'Reprehenderit at est iste sunt ea et.', 2147483647, '9', 3, '2014-10-30 01:21:59', '2017-05-04 19:51:29');
INSERT INTO `media` (`id`, `user_id`, `filename`, `size`, `metadata`, `media_type_id`, `created_at`, `updated_at`) VALUES (39, 44, 'Est blanditiis eum voluptate.', 2147483647, '3', 4, '2015-04-08 14:03:24', '2012-02-19 12:48:11');
INSERT INTO `media` (`id`, `user_id`, `filename`, `size`, `metadata`, `media_type_id`, `created_at`, `updated_at`) VALUES (40, 47, 'Accusantium eos labore incidunt vel consequatur nemo et.', 2147483647, '6', 2, '2017-10-28 16:39:50', '2015-12-23 21:43:20');
INSERT INTO `media` (`id`, `user_id`, `filename`, `size`, `metadata`, `media_type_id`, `created_at`, `updated_at`) VALUES (41, 48, 'Quidem animi nesciunt eligendi itaque nisi.', 240789954, '3', 3, '2020-04-19 19:37:48', '2014-01-03 16:02:40');
INSERT INTO `media` (`id`, `user_id`, `filename`, `size`, `metadata`, `media_type_id`, `created_at`, `updated_at`) VALUES (42, 49, 'Consequatur odit deserunt reiciendis qui enim voluptates rem quidem.', 2147483647, '6', 4, '2012-08-16 13:22:15', '2017-06-27 11:28:19');
INSERT INTO `media` (`id`, `user_id`, `filename`, `size`, `metadata`, `media_type_id`, `created_at`, `updated_at`) VALUES (43, 50, 'Enim ut necessitatibus aut officia.', 2147483647, '1', 5, '2017-09-09 04:19:34', '2012-10-26 08:16:23');
INSERT INTO `media` (`id`, `user_id`, `filename`, `size`, `metadata`, `media_type_id`, `created_at`, `updated_at`) VALUES (44, 51, 'Molestiae ratione consequatur laudantium delectus et occaecati.', 2147483647, '9', 1, '2016-12-27 04:45:18', '2015-09-22 09:26:31');
INSERT INTO `media` (`id`, `user_id`, `filename`, `size`, `metadata`, `media_type_id`, `created_at`, `updated_at`) VALUES (45, 53, 'Velit incidunt dolor velit eaque.', 2147483647, '9', 3, '2020-05-31 11:40:38', '2013-10-31 17:04:07');
INSERT INTO `media` (`id`, `user_id`, `filename`, `size`, `metadata`, `media_type_id`, `created_at`, `updated_at`) VALUES (46, 54, 'Totam vero quos et vero quis et.', 358244385, '5', 4, '2011-05-17 18:26:10', '2017-03-02 03:47:29');
INSERT INTO `media` (`id`, `user_id`, `filename`, `size`, `metadata`, `media_type_id`, `created_at`, `updated_at`) VALUES (47, 55, 'Quaerat enim vel veritatis non autem doloribus reiciendis quisquam.', 2147483647, '3', 5, '2013-08-06 17:30:11', '2016-05-01 12:43:00');
INSERT INTO `media` (`id`, `user_id`, `filename`, `size`, `metadata`, `media_type_id`, `created_at`, `updated_at`) VALUES (48, 56, 'Optio consequatur rem et excepturi.', 2147483647, '5', 1, '2013-03-16 13:12:50', '2017-11-01 17:05:37');
INSERT INTO `media` (`id`, `user_id`, `filename`, `size`, `metadata`, `media_type_id`, `created_at`, `updated_at`) VALUES (49, 57, 'Dolores ea officiis inventore quis corporis a.', 1903268373, '9', 2, '2015-05-01 06:25:43', '2017-04-24 23:31:04');
INSERT INTO `media` (`id`, `user_id`, `filename`, `size`, `metadata`, `media_type_id`, `created_at`, `updated_at`) VALUES (50, 58, 'Voluptatum facilis perspiciatis est sapiente iure molestiae dolor.', 2147483647, '4', 3, '2013-11-25 01:18:31', '2018-11-04 21:39:16');
INSERT INTO `media` (`id`, `user_id`, `filename`, `size`, `metadata`, `media_type_id`, `created_at`, `updated_at`) VALUES (51, 59, 'Tempora voluptas veniam ipsa et debitis voluptatem.', 2147483647, '6', 4, '2011-08-04 02:06:23', '2018-11-03 04:09:38');
INSERT INTO `media` (`id`, `user_id`, `filename`, `size`, `metadata`, `media_type_id`, `created_at`, `updated_at`) VALUES (52, 60, 'Earum soluta ducimus minus dolore ipsam sunt.', 2147483647, '5', 5, '2019-02-04 21:11:58', '2019-09-24 07:29:21');
INSERT INTO `media` (`id`, `user_id`, `filename`, `size`, `metadata`, `media_type_id`, `created_at`, `updated_at`) VALUES (53, 61, 'Aut ut voluptas voluptatibus assumenda et porro voluptas.', 2147483647, '1', 1, '2016-12-29 20:58:59', '2011-01-02 05:36:11');
INSERT INTO `media` (`id`, `user_id`, `filename`, `size`, `metadata`, `media_type_id`, `created_at`, `updated_at`) VALUES (54, 62, 'Vel sint nemo aliquid hic et ipsa ea.', 2147483647, '6', 2, '2012-07-08 01:54:45', '2015-01-21 16:32:25');
INSERT INTO `media` (`id`, `user_id`, `filename`, `size`, `metadata`, `media_type_id`, `created_at`, `updated_at`) VALUES (55, 63, 'Dolorum occaecati velit quia alias veritatis mollitia.', 2147483647, '7', 3, '2018-03-22 04:06:27', '2013-11-09 16:01:04');
INSERT INTO `media` (`id`, `user_id`, `filename`, `size`, `metadata`, `media_type_id`, `created_at`, `updated_at`) VALUES (56, 64, 'Quae ut officia enim quia consequuntur dicta.', 2147483647, '8', 4, '2014-08-03 18:51:10', '2015-05-02 00:05:48');
INSERT INTO `media` (`id`, `user_id`, `filename`, `size`, `metadata`, `media_type_id`, `created_at`, `updated_at`) VALUES (57, 66, 'Hic est recusandae dignissimos dicta vel fugiat saepe.', 2147483647, '5', 1, '2019-11-23 12:17:10', '2017-08-02 15:06:23');
INSERT INTO `media` (`id`, `user_id`, `filename`, `size`, `metadata`, `media_type_id`, `created_at`, `updated_at`) VALUES (58, 67, 'Eos alias asperiores id quibusdam quae.', 2147483647, '5', 2, '2012-01-20 07:43:28', '2017-08-09 06:34:59');
INSERT INTO `media` (`id`, `user_id`, `filename`, `size`, `metadata`, `media_type_id`, `created_at`, `updated_at`) VALUES (59, 68, 'Itaque ipsum natus reiciendis sunt.', 2147483647, '7', 3, '2011-11-07 15:33:04', '2016-01-03 19:34:46');
INSERT INTO `media` (`id`, `user_id`, `filename`, `size`, `metadata`, `media_type_id`, `created_at`, `updated_at`) VALUES (60, 69, 'Eaque autem ipsa ullam ratione vel odit.', 2147483647, '6', 4, '2020-09-29 20:25:52', '2018-10-26 22:45:03');
INSERT INTO `media` (`id`, `user_id`, `filename`, `size`, `metadata`, `media_type_id`, `created_at`, `updated_at`) VALUES (61, 70, 'Non deleniti tempora eos ipsa laborum.', 1543040028, '9', 5, '2018-08-07 14:24:55', '2011-08-24 22:17:49');
INSERT INTO `media` (`id`, `user_id`, `filename`, `size`, `metadata`, `media_type_id`, `created_at`, `updated_at`) VALUES (62, 71, 'Dignissimos provident voluptas quidem vitae excepturi expedita praesentium.', 2147483647, '2', 1, '2019-08-11 05:59:55', '2020-05-09 06:51:51');
INSERT INTO `media` (`id`, `user_id`, `filename`, `size`, `metadata`, `media_type_id`, `created_at`, `updated_at`) VALUES (63, 72, 'Corrupti quam vitae esse deserunt voluptas numquam.', 2147483647, '6', 2, '2019-12-19 15:16:03', '2011-12-10 14:43:17');
INSERT INTO `media` (`id`, `user_id`, `filename`, `size`, `metadata`, `media_type_id`, `created_at`, `updated_at`) VALUES (64, 74, 'Veritatis sapiente voluptate nisi sunt saepe.', 2147483647, '9', 4, '2015-02-10 20:46:32', '2019-02-11 22:02:55');
INSERT INTO `media` (`id`, `user_id`, `filename`, `size`, `metadata`, `media_type_id`, `created_at`, `updated_at`) VALUES (65, 75, 'Fugiat dicta aliquam sed.', 2147483647, '7', 5, '2011-08-10 08:20:06', '2020-10-10 06:11:59');
INSERT INTO `media` (`id`, `user_id`, `filename`, `size`, `metadata`, `media_type_id`, `created_at`, `updated_at`) VALUES (66, 76, 'Et sed facilis cum molestiae voluptas harum rerum excepturi.', 617233058, '8', 1, '2012-05-10 02:51:50', '2015-07-08 14:15:59');
INSERT INTO `media` (`id`, `user_id`, `filename`, `size`, `metadata`, `media_type_id`, `created_at`, `updated_at`) VALUES (67, 77, 'Voluptas aliquam ut porro optio aspernatur totam.', 1733644353, '5', 2, '2015-06-06 07:40:49', '2018-08-28 02:09:14');
INSERT INTO `media` (`id`, `user_id`, `filename`, `size`, `metadata`, `media_type_id`, `created_at`, `updated_at`) VALUES (68, 78, 'Est ipsa eligendi reprehenderit iste placeat velit incidunt.', 2147483647, '8', 3, '2014-01-28 21:37:30', '2019-07-28 14:46:54');
INSERT INTO `media` (`id`, `user_id`, `filename`, `size`, `metadata`, `media_type_id`, `created_at`, `updated_at`) VALUES (69, 80, 'Explicabo quia quaerat consequatur ullam eum.', 2147483647, '9', 5, '2017-08-09 09:07:07', '2016-02-04 06:08:20');
INSERT INTO `media` (`id`, `user_id`, `filename`, `size`, `metadata`, `media_type_id`, `created_at`, `updated_at`) VALUES (70, 81, 'Nostrum maiores nemo dolorem sit id officia ut illo.', 2147483647, '8', 1, '2012-03-31 15:41:02', '2012-11-29 22:01:40');
INSERT INTO `media` (`id`, `user_id`, `filename`, `size`, `metadata`, `media_type_id`, `created_at`, `updated_at`) VALUES (71, 83, 'Nisi fugiat illo eum dolor est quis iure.', 2147483647, '2', 3, '2013-06-11 10:57:46', '2015-11-18 21:19:36');
INSERT INTO `media` (`id`, `user_id`, `filename`, `size`, `metadata`, `media_type_id`, `created_at`, `updated_at`) VALUES (72, 84, 'Praesentium corrupti exercitationem eos odio animi cum libero voluptate.', 2147483647, '9', 4, '2015-12-21 01:28:31', '2019-01-25 06:17:04');
INSERT INTO `media` (`id`, `user_id`, `filename`, `size`, `metadata`, `media_type_id`, `created_at`, `updated_at`) VALUES (73, 85, 'Ut velit illum veritatis placeat non autem.', 2147483647, '5', 5, '2012-05-03 21:43:32', '2011-03-28 13:05:46');
INSERT INTO `media` (`id`, `user_id`, `filename`, `size`, `metadata`, `media_type_id`, `created_at`, `updated_at`) VALUES (74, 86, 'Debitis enim optio in ea voluptates rem.', 2147483647, '9', 1, '2016-08-20 13:23:27', '2020-06-07 20:12:53');
INSERT INTO `media` (`id`, `user_id`, `filename`, `size`, `metadata`, `media_type_id`, `created_at`, `updated_at`) VALUES (75, 87, 'Qui eius non sint soluta ducimus.', 1030400218, '9', 2, '2016-08-19 22:09:21', '2015-04-22 13:04:50');
INSERT INTO `media` (`id`, `user_id`, `filename`, `size`, `metadata`, `media_type_id`, `created_at`, `updated_at`) VALUES (76, 88, 'Quos corrupti odit eum corrupti similique ut ut.', 2147483647, '2', 3, '2011-03-07 07:14:56', '2015-04-30 01:46:19');
INSERT INTO `media` (`id`, `user_id`, `filename`, `size`, `metadata`, `media_type_id`, `created_at`, `updated_at`) VALUES (77, 89, 'Quasi dolores est autem et aut dolorum dolorem.', 859432206, '9', 4, '2017-02-28 09:11:04', '2012-05-08 06:41:45');
INSERT INTO `media` (`id`, `user_id`, `filename`, `size`, `metadata`, `media_type_id`, `created_at`, `updated_at`) VALUES (78, 90, 'Reiciendis aliquam ut laboriosam vitae qui molestiae.', 2147483647, '8', 5, '2018-11-14 23:41:09', '2014-10-04 01:19:57');
INSERT INTO `media` (`id`, `user_id`, `filename`, `size`, `metadata`, `media_type_id`, `created_at`, `updated_at`) VALUES (79, 91, 'Et porro qui est commodi possimus soluta.', 2147483647, '5', 1, '2012-05-21 04:43:23', '2013-08-24 20:16:16');
INSERT INTO `media` (`id`, `user_id`, `filename`, `size`, `metadata`, `media_type_id`, `created_at`, `updated_at`) VALUES (80, 92, 'Est magnam est voluptas in sapiente inventore voluptatem.', 2147483647, '3', 2, '2018-02-21 18:04:36', '2019-12-09 21:08:27');
INSERT INTO `media` (`id`, `user_id`, `filename`, `size`, `metadata`, `media_type_id`, `created_at`, `updated_at`) VALUES (81, 94, 'Nihil neque velit sit odio eius animi consectetur.', 2147483647, '5', 4, '2013-01-09 02:00:19', '2014-06-12 13:33:56');
INSERT INTO `media` (`id`, `user_id`, `filename`, `size`, `metadata`, `media_type_id`, `created_at`, `updated_at`) VALUES (82, 95, 'Sapiente eos blanditiis minima molestiae repellat.', 2147483647, '2', 5, '2018-03-12 17:24:58', '2014-09-24 07:22:21');
INSERT INTO `media` (`id`, `user_id`, `filename`, `size`, `metadata`, `media_type_id`, `created_at`, `updated_at`) VALUES (83, 96, 'Sed voluptatem voluptatem dolorem inventore debitis sunt.', 2147483647, '2', 1, '2015-12-18 14:45:06', '2014-05-12 00:06:48');
INSERT INTO `media` (`id`, `user_id`, `filename`, `size`, `metadata`, `media_type_id`, `created_at`, `updated_at`) VALUES (84, 97, 'Eum numquam sed explicabo nulla voluptatibus expedita blanditiis.', 2147483647, '7', 2, '2020-06-28 18:58:03', '2012-03-31 13:53:46');
INSERT INTO `media` (`id`, `user_id`, `filename`, `size`, `metadata`, `media_type_id`, `created_at`, `updated_at`) VALUES (85, 99, 'Voluptas reiciendis labore et.', 2147483647, '1', 4, '2019-05-25 02:57:49', '2018-07-23 03:28:01');
INSERT INTO `media` (`id`, `user_id`, `filename`, `size`, `metadata`, `media_type_id`, `created_at`, `updated_at`) VALUES (86, 100, 'Explicabo velit voluptates sint aspernatur et rerum.', 2147483647, '7', 5, '2016-07-26 18:40:55', '2019-11-03 10:28:21');
INSERT INTO `media` (`id`, `user_id`, `filename`, `size`, `metadata`, `media_type_id`, `created_at`, `updated_at`) VALUES (87, 1, 'Vero est voluptatem quidem rerum non odio.', 366131821, '6', 1, '2019-11-15 19:45:35', '2012-12-26 19:49:49');
INSERT INTO `media` (`id`, `user_id`, `filename`, `size`, `metadata`, `media_type_id`, `created_at`, `updated_at`) VALUES (88, 2, 'Nihil sit et beatae aspernatur et.', 2147483647, '8', 2, '2020-02-10 09:36:50', '2018-05-09 17:13:45');
INSERT INTO `media` (`id`, `user_id`, `filename`, `size`, `metadata`, `media_type_id`, `created_at`, `updated_at`) VALUES (89, 4, 'Eum sit neque ad eos sed id sit.', 1664558155, '1', 4, '2017-06-01 13:54:32', '2017-10-23 21:14:52');
INSERT INTO `media` (`id`, `user_id`, `filename`, `size`, `metadata`, `media_type_id`, `created_at`, `updated_at`) VALUES (90, 5, 'Est voluptates tenetur consequatur voluptatibus ut et beatae.', 2147483647, '4', 5, '2015-07-20 23:53:14', '2018-03-29 16:04:48');
INSERT INTO `media` (`id`, `user_id`, `filename`, `size`, `metadata`, `media_type_id`, `created_at`, `updated_at`) VALUES (91, 2, 'Commodi ea pariatur facere et.', 2147483647, '7', 2, '2015-06-30 15:26:50', '2012-08-19 12:32:31');
INSERT INTO `media` (`id`, `user_id`, `filename`, `size`, `metadata`, `media_type_id`, `created_at`, `updated_at`) VALUES (92, 4, 'Architecto quibusdam laudantium omnis omnis.', 2147483647, '9', 4, '2015-11-19 19:53:11', '2018-08-01 05:14:02');
INSERT INTO `media` (`id`, `user_id`, `filename`, `size`, `metadata`, `media_type_id`, `created_at`, `updated_at`) VALUES (93, 5, 'Eos omnis ut dolore qui.', 2104897052, '9', 5, '2013-03-04 10:05:57', '2018-10-27 10:12:18');
INSERT INTO `media` (`id`, `user_id`, `filename`, `size`, `metadata`, `media_type_id`, `created_at`, `updated_at`) VALUES (94, 11, 'Doloribus et explicabo atque earum.', 1040629302, '3', 1, '2018-07-31 04:25:46', '2019-04-09 21:33:22');
INSERT INTO `media` (`id`, `user_id`, `filename`, `size`, `metadata`, `media_type_id`, `created_at`, `updated_at`) VALUES (95, 12, 'Et doloremque est voluptates distinctio.', 2147483647, '5', 2, '2015-07-22 21:23:05', '2013-10-10 00:46:27');
INSERT INTO `media` (`id`, `user_id`, `filename`, `size`, `metadata`, `media_type_id`, `created_at`, `updated_at`) VALUES (96, 14, 'Eveniet rerum reprehenderit praesentium ea autem.', 2147483647, '1', 4, '2019-03-04 00:24:34', '2019-04-15 03:41:35');
INSERT INTO `media` (`id`, `user_id`, `filename`, `size`, `metadata`, `media_type_id`, `created_at`, `updated_at`) VALUES (97, 15, 'Aperiam molestiae eius sapiente quos.', 1377989468, '7', 5, '2015-07-30 01:04:47', '2011-02-07 21:51:45');
INSERT INTO `media` (`id`, `user_id`, `filename`, `size`, `metadata`, `media_type_id`, `created_at`, `updated_at`) VALUES (98, 16, 'Vitae magni hic eveniet repellat maxime fugiat.', 2147483647, '3', 1, '2014-02-24 01:17:57', '2018-01-20 04:06:15');
INSERT INTO `media` (`id`, `user_id`, `filename`, `size`, `metadata`, `media_type_id`, `created_at`, `updated_at`) VALUES (99, 17, 'Cupiditate necessitatibus vitae sunt velit.', 640680151, '8', 2, '2011-01-19 11:02:09', '2019-09-30 00:24:26');
INSERT INTO `media` (`id`, `user_id`, `filename`, `size`, `metadata`, `media_type_id`, `created_at`, `updated_at`) VALUES (100, 18, 'Quod at incidunt quasi exercitationem perspiciatis eius.', 2147483647, '7', 3, '2015-09-28 13:11:25', '2010-12-20 19:49:10');
INSERT INTO `media` (`id`, `user_id`, `filename`, `size`, `metadata`, `media_type_id`, `created_at`, `updated_at`) VALUES (101, 19, 'Vero et iusto eum numquam.', 2147483647, '9', 4, '2020-09-03 00:46:06', '2018-08-30 10:59:07');
INSERT INTO `media` (`id`, `user_id`, `filename`, `size`, `metadata`, `media_type_id`, `created_at`, `updated_at`) VALUES (102, 20, 'Repellendus ad voluptatem voluptate officiis eaque aut.', 2147483647, '7', 5, '2015-06-02 23:26:33', '2017-08-31 15:49:43');
INSERT INTO `media` (`id`, `user_id`, `filename`, `size`, `metadata`, `media_type_id`, `created_at`, `updated_at`) VALUES (103, 21, 'Itaque quidem et possimus voluptas quidem facilis.', 2147483647, '6', 1, '2014-03-21 23:05:14', '2019-08-15 04:11:36');
INSERT INTO `media` (`id`, `user_id`, `filename`, `size`, `metadata`, `media_type_id`, `created_at`, `updated_at`) VALUES (104, 22, 'Placeat enim voluptates enim voluptatem.', 2147483647, '3', 2, '2017-02-07 22:13:23', '2018-11-22 00:47:28');
INSERT INTO `media` (`id`, `user_id`, `filename`, `size`, `metadata`, `media_type_id`, `created_at`, `updated_at`) VALUES (105, 23, 'Voluptas est aliquam fugit ut aut error.', 2147483647, '4', 3, '2018-05-25 16:40:09', '2013-09-27 06:42:04');
INSERT INTO `media` (`id`, `user_id`, `filename`, `size`, `metadata`, `media_type_id`, `created_at`, `updated_at`) VALUES (106, 24, 'Dicta enim laborum deserunt voluptas.', 2147483647, '7', 4, '2017-05-17 21:10:01', '2019-04-01 08:58:06');
INSERT INTO `media` (`id`, `user_id`, `filename`, `size`, `metadata`, `media_type_id`, `created_at`, `updated_at`) VALUES (107, 25, 'Ipsa eaque voluptatem cumque delectus.', 2147483647, '2', 5, '2013-10-08 03:06:53', '2017-12-28 12:37:02');
INSERT INTO `media` (`id`, `user_id`, `filename`, `size`, `metadata`, `media_type_id`, `created_at`, `updated_at`) VALUES (108, 26, 'Eos ipsum accusamus cum dolor quia.', 138386604, '2', 1, '2012-03-17 11:08:48', '2020-04-22 18:06:42');
INSERT INTO `media` (`id`, `user_id`, `filename`, `size`, `metadata`, `media_type_id`, `created_at`, `updated_at`) VALUES (109, 27, 'Labore laborum ut enim enim blanditiis blanditiis.', 2147483647, '5', 2, '2018-08-16 06:56:53', '2020-05-08 07:19:18');
INSERT INTO `media` (`id`, `user_id`, `filename`, `size`, `metadata`, `media_type_id`, `created_at`, `updated_at`) VALUES (110, 28, 'Excepturi incidunt nisi labore voluptatum ut ab.', 17163171, '4', 3, '2012-07-29 13:37:39', '2019-01-28 02:34:12');
INSERT INTO `media` (`id`, `user_id`, `filename`, `size`, `metadata`, `media_type_id`, `created_at`, `updated_at`) VALUES (111, 30, 'Beatae perferendis impedit provident sapiente placeat.', 2147483647, '6', 5, '2019-07-21 17:35:28', '2018-06-18 19:16:20');
INSERT INTO `media` (`id`, `user_id`, `filename`, `size`, `metadata`, `media_type_id`, `created_at`, `updated_at`) VALUES (112, 31, 'Totam dolore ut repellendus et consectetur.', 570328072, '5', 1, '2019-12-24 16:23:22', '2011-11-29 16:20:19');
INSERT INTO `media` (`id`, `user_id`, `filename`, `size`, `metadata`, `media_type_id`, `created_at`, `updated_at`) VALUES (113, 32, 'Et eum nobis eligendi aut possimus.', 2147483647, '9', 2, '2018-06-03 00:49:39', '2018-06-06 05:28:03');
INSERT INTO `media` (`id`, `user_id`, `filename`, `size`, `metadata`, `media_type_id`, `created_at`, `updated_at`) VALUES (114, 33, 'Adipisci doloremque laboriosam eaque.', 2147483647, '3', 3, '2014-01-27 14:01:33', '2017-03-03 17:01:34');
INSERT INTO `media` (`id`, `user_id`, `filename`, `size`, `metadata`, `media_type_id`, `created_at`, `updated_at`) VALUES (115, 34, 'Consequatur consectetur eveniet fuga est qui optio iusto.', 546754053, '6', 4, '2020-10-12 03:15:05', '2013-08-09 03:55:56');
INSERT INTO `media` (`id`, `user_id`, `filename`, `size`, `metadata`, `media_type_id`, `created_at`, `updated_at`) VALUES (116, 35, 'Architecto qui numquam neque fuga reprehenderit sed.', 2147483647, '9', 5, '2013-12-12 23:25:58', '2015-07-12 17:21:49');
INSERT INTO `media` (`id`, `user_id`, `filename`, `size`, `metadata`, `media_type_id`, `created_at`, `updated_at`) VALUES (117, 36, 'Tempora aut aperiam ipsam molestiae ea neque tempore.', 2147483647, '5', 1, '2015-10-16 00:27:15', '2018-01-18 17:56:05');
INSERT INTO `media` (`id`, `user_id`, `filename`, `size`, `metadata`, `media_type_id`, `created_at`, `updated_at`) VALUES (118, 37, 'Itaque rerum quia illum similique inventore doloremque.', 2147483647, '5', 2, '2019-03-21 22:46:33', '2012-10-23 16:48:26');
INSERT INTO `media` (`id`, `user_id`, `filename`, `size`, `metadata`, `media_type_id`, `created_at`, `updated_at`) VALUES (119, 38, 'Dolor sed quae ullam explicabo exercitationem occaecati sit.', 975044379, '6', 3, '2018-09-05 08:26:03', '2019-04-04 07:55:41');
INSERT INTO `media` (`id`, `user_id`, `filename`, `size`, `metadata`, `media_type_id`, `created_at`, `updated_at`) VALUES (120, 40, 'Assumenda ad incidunt necessitatibus.', 2147483647, '2', 5, '2015-06-06 23:11:13', '2019-08-19 15:46:36');
INSERT INTO `media` (`id`, `user_id`, `filename`, `size`, `metadata`, `media_type_id`, `created_at`, `updated_at`) VALUES (121, 41, 'Rerum doloribus corporis dignissimos tempore enim.', 2147483647, '2', 1, '2011-05-28 07:54:03', '2016-10-21 04:37:26');
INSERT INTO `media` (`id`, `user_id`, `filename`, `size`, `metadata`, `media_type_id`, `created_at`, `updated_at`) VALUES (122, 42, 'Laboriosam rerum vel quia voluptatem quidem voluptatem et.', 2147483647, '1', 2, '2014-08-14 16:18:51', '2016-04-05 00:21:28');
INSERT INTO `media` (`id`, `user_id`, `filename`, `size`, `metadata`, `media_type_id`, `created_at`, `updated_at`) VALUES (123, 43, 'Excepturi consequatur molestiae magnam nemo voluptatem.', 2147483647, '2', 3, '2015-08-15 19:16:17', '2011-02-06 07:47:15');
INSERT INTO `media` (`id`, `user_id`, `filename`, `size`, `metadata`, `media_type_id`, `created_at`, `updated_at`) VALUES (124, 44, 'Rerum itaque totam asperiores.', 2147483647, '6', 4, '2018-03-20 15:22:35', '2014-02-26 18:04:21');
INSERT INTO `media` (`id`, `user_id`, `filename`, `size`, `metadata`, `media_type_id`, `created_at`, `updated_at`) VALUES (125, 45, 'Eveniet tempore consectetur tempora et.', 2147483647, '3', 5, '2010-12-14 00:47:45', '2015-06-09 03:08:05');
INSERT INTO `media` (`id`, `user_id`, `filename`, `size`, `metadata`, `media_type_id`, `created_at`, `updated_at`) VALUES (126, 46, 'Aut sit consequuntur quibusdam quo sed officia beatae reprehenderit.', 1786466138, '4', 1, '2016-12-25 09:40:49', '2015-03-24 08:11:16');
INSERT INTO `media` (`id`, `user_id`, `filename`, `size`, `metadata`, `media_type_id`, `created_at`, `updated_at`) VALUES (127, 47, 'Corrupti dolor maiores perspiciatis modi eos quos minima.', 2147483647, '6', 2, '2016-10-18 12:58:19', '2019-12-03 04:40:12');
INSERT INTO `media` (`id`, `user_id`, `filename`, `size`, `metadata`, `media_type_id`, `created_at`, `updated_at`) VALUES (128, 48, 'Veniam laudantium architecto molestiae.', 2147483647, '7', 3, '2012-08-17 18:39:03', '2017-01-09 10:24:56');
INSERT INTO `media` (`id`, `user_id`, `filename`, `size`, `metadata`, `media_type_id`, `created_at`, `updated_at`) VALUES (129, 49, 'Repellat quia quia nihil ea molestias ut tempore aut.', 2147483647, '8', 4, '2020-08-28 02:35:37', '2016-05-27 21:09:07');
INSERT INTO `media` (`id`, `user_id`, `filename`, `size`, `metadata`, `media_type_id`, `created_at`, `updated_at`) VALUES (130, 50, 'Nam in quam in minus qui.', 2147483647, '1', 5, '2013-10-14 00:23:59', '2019-09-28 09:23:10');
INSERT INTO `media` (`id`, `user_id`, `filename`, `size`, `metadata`, `media_type_id`, `created_at`, `updated_at`) VALUES (131, 51, 'Voluptatibus quos fugit aperiam qui.', 2147483647, '3', 1, '2013-03-15 20:15:41', '2019-07-19 19:27:27');
INSERT INTO `media` (`id`, `user_id`, `filename`, `size`, `metadata`, `media_type_id`, `created_at`, `updated_at`) VALUES (132, 52, 'Soluta nam ad et aut sint expedita et.', 2147483647, '1', 2, '2014-05-19 12:55:00', '2020-07-26 23:07:17');
INSERT INTO `media` (`id`, `user_id`, `filename`, `size`, `metadata`, `media_type_id`, `created_at`, `updated_at`) VALUES (133, 53, 'Est enim quidem non.', 868628756, '6', 3, '2015-06-13 11:06:44', '2014-03-01 00:17:27');
INSERT INTO `media` (`id`, `user_id`, `filename`, `size`, `metadata`, `media_type_id`, `created_at`, `updated_at`) VALUES (134, 54, 'Illo autem quisquam distinctio qui est dolores cum.', 2147483647, '3', 4, '2015-08-18 11:32:18', '2011-08-29 14:50:59');
INSERT INTO `media` (`id`, `user_id`, `filename`, `size`, `metadata`, `media_type_id`, `created_at`, `updated_at`) VALUES (135, 57, 'Facilis ullam porro saepe occaecati excepturi.', 2147483647, '2', 2, '2012-12-02 00:28:54', '2015-04-17 10:48:43');
INSERT INTO `media` (`id`, `user_id`, `filename`, `size`, `metadata`, `media_type_id`, `created_at`, `updated_at`) VALUES (136, 58, 'Porro placeat dolor reprehenderit et eum.', 2147483647, '8', 3, '2019-03-11 12:57:05', '2020-03-11 08:44:52');
INSERT INTO `media` (`id`, `user_id`, `filename`, `size`, `metadata`, `media_type_id`, `created_at`, `updated_at`) VALUES (137, 60, 'Earum magnam repudiandae temporibus a in ex ut.', 2147483647, '5', 5, '2019-02-26 04:26:50', '2010-11-11 10:49:54');
INSERT INTO `media` (`id`, `user_id`, `filename`, `size`, `metadata`, `media_type_id`, `created_at`, `updated_at`) VALUES (138, 63, 'Aut provident possimus dolor placeat architecto modi qui.', 1367463967, '5', 3, '2019-09-03 22:57:09', '2011-01-24 08:38:03');
INSERT INTO `media` (`id`, `user_id`, `filename`, `size`, `metadata`, `media_type_id`, `created_at`, `updated_at`) VALUES (139, 64, 'Animi sint nihil quidem eum quia provident in.', 2147483647, '6', 4, '2015-12-19 02:07:35', '2014-08-18 12:17:45');
INSERT INTO `media` (`id`, `user_id`, `filename`, `size`, `metadata`, `media_type_id`, `created_at`, `updated_at`) VALUES (140, 65, 'A eius et a et quia quisquam.', 242864051, '6', 5, '2013-06-22 20:45:44', '2014-09-12 02:54:24');
INSERT INTO `media` (`id`, `user_id`, `filename`, `size`, `metadata`, `media_type_id`, `created_at`, `updated_at`) VALUES (141, 66, 'Quod aspernatur et ullam et beatae.', 2147483647, '4', 1, '2018-11-24 02:44:32', '2017-05-06 04:10:01');
INSERT INTO `media` (`id`, `user_id`, `filename`, `size`, `metadata`, `media_type_id`, `created_at`, `updated_at`) VALUES (142, 67, 'Possimus explicabo explicabo quia voluptas molestiae.', 2147483647, '5', 2, '2013-08-04 07:53:11', '2015-07-20 17:02:30');
INSERT INTO `media` (`id`, `user_id`, `filename`, `size`, `metadata`, `media_type_id`, `created_at`, `updated_at`) VALUES (143, 68, 'Aut voluptate at dolor eveniet.', 2147483647, '7', 3, '2014-09-14 16:11:58', '2014-08-14 03:39:48');
INSERT INTO `media` (`id`, `user_id`, `filename`, `size`, `metadata`, `media_type_id`, `created_at`, `updated_at`) VALUES (144, 69, 'Nobis quia pariatur unde tempore corrupti dolores.', 2147483647, '4', 4, '2017-03-08 02:32:57', '2014-08-17 16:01:41');
INSERT INTO `media` (`id`, `user_id`, `filename`, `size`, `metadata`, `media_type_id`, `created_at`, `updated_at`) VALUES (145, 70, 'Expedita qui consequatur voluptates sit et nam voluptatem.', 2147483647, '7', 5, '2013-12-16 16:34:17', '2016-07-10 02:47:38');
INSERT INTO `media` (`id`, `user_id`, `filename`, `size`, `metadata`, `media_type_id`, `created_at`, `updated_at`) VALUES (146, 71, 'Repellendus in fugit fuga distinctio.', 2147483647, '1', 1, '2013-06-26 08:49:30', '2011-05-16 15:01:45');
INSERT INTO `media` (`id`, `user_id`, `filename`, `size`, `metadata`, `media_type_id`, `created_at`, `updated_at`) VALUES (147, 72, 'Voluptas aliquam consequatur velit tempora esse omnis.', 2147483647, '5', 2, '2017-07-17 15:06:05', '2020-01-15 01:31:38');
INSERT INTO `media` (`id`, `user_id`, `filename`, `size`, `metadata`, `media_type_id`, `created_at`, `updated_at`) VALUES (148, 73, 'Et occaecati nesciunt quidem et.', 2147483647, '5', 3, '2012-07-09 11:01:02', '2020-01-10 09:59:21');
INSERT INTO `media` (`id`, `user_id`, `filename`, `size`, `metadata`, `media_type_id`, `created_at`, `updated_at`) VALUES (149, 74, 'Architecto ut odio saepe architecto autem voluptates.', 2147483647, '2', 4, '2018-11-14 06:04:08', '2016-08-19 15:26:02');
INSERT INTO `media` (`id`, `user_id`, `filename`, `size`, `metadata`, `media_type_id`, `created_at`, `updated_at`) VALUES (150, 75, 'Asperiores ut exercitationem eaque omnis quam eligendi magni.', 2147483647, '2', 5, '2015-03-20 20:07:10', '2019-12-09 09:35:45');
INSERT INTO `media` (`id`, `user_id`, `filename`, `size`, `metadata`, `media_type_id`, `created_at`, `updated_at`) VALUES (151, 76, 'Dolorum fuga quis officia magni.', 2147483647, '6', 1, '2013-05-12 03:55:04', '2012-02-22 16:24:24');
INSERT INTO `media` (`id`, `user_id`, `filename`, `size`, `metadata`, `media_type_id`, `created_at`, `updated_at`) VALUES (152, 77, 'Aliquid ea laborum non illo dicta adipisci quam eos.', 607988135, '2', 2, '2012-03-24 07:47:43', '2016-05-25 05:54:22');
INSERT INTO `media` (`id`, `user_id`, `filename`, `size`, `metadata`, `media_type_id`, `created_at`, `updated_at`) VALUES (153, 78, 'Suscipit ut eos sapiente sapiente saepe.', 2147483647, '9', 3, '2015-09-02 14:07:37', '2017-04-21 16:50:53');
INSERT INTO `media` (`id`, `user_id`, `filename`, `size`, `metadata`, `media_type_id`, `created_at`, `updated_at`) VALUES (154, 79, 'Dolorum quis animi eos et.', 2147483647, '5', 4, '2018-09-08 14:53:30', '2019-04-14 04:42:31');
INSERT INTO `media` (`id`, `user_id`, `filename`, `size`, `metadata`, `media_type_id`, `created_at`, `updated_at`) VALUES (155, 81, 'Inventore totam quis ex quam placeat dolor.', 2147483647, '4', 1, '2016-10-27 01:42:45', '2011-06-01 10:51:56');
INSERT INTO `media` (`id`, `user_id`, `filename`, `size`, `metadata`, `media_type_id`, `created_at`, `updated_at`) VALUES (156, 82, 'Vel consequuntur sunt sed eos.', 2147483647, '9', 2, '2020-04-22 19:37:53', '2018-04-08 22:17:32');
INSERT INTO `media` (`id`, `user_id`, `filename`, `size`, `metadata`, `media_type_id`, `created_at`, `updated_at`) VALUES (157, 84, 'Ut voluptas laborum rerum provident et.', 2147483647, '6', 4, '2020-09-12 01:41:30', '2019-11-24 20:22:56');
INSERT INTO `media` (`id`, `user_id`, `filename`, `size`, `metadata`, `media_type_id`, `created_at`, `updated_at`) VALUES (158, 85, 'Voluptatem saepe facilis non non voluptatem deserunt.', 1785546462, '1', 5, '2015-11-22 10:24:22', '2019-10-13 23:04:26');
INSERT INTO `media` (`id`, `user_id`, `filename`, `size`, `metadata`, `media_type_id`, `created_at`, `updated_at`) VALUES (159, 86, 'Facere et esse quisquam sit quo.', 2147483647, '9', 1, '2015-12-31 23:42:44', '2013-02-12 00:29:00');
INSERT INTO `media` (`id`, `user_id`, `filename`, `size`, `metadata`, `media_type_id`, `created_at`, `updated_at`) VALUES (160, 87, 'Laboriosam enim blanditiis iure officia eveniet non quisquam recusandae.', 2147483647, '4', 2, '2013-01-09 06:22:55', '2010-11-24 18:45:57');
INSERT INTO `media` (`id`, `user_id`, `filename`, `size`, `metadata`, `media_type_id`, `created_at`, `updated_at`) VALUES (161, 88, 'Id porro et asperiores libero similique doloremque voluptas.', 2147483647, '4', 3, '2018-04-19 10:20:41', '2012-06-06 04:01:26');
INSERT INTO `media` (`id`, `user_id`, `filename`, `size`, `metadata`, `media_type_id`, `created_at`, `updated_at`) VALUES (162, 89, 'Velit ipsam quaerat rerum laudantium.', 2147483647, '2', 4, '2017-09-19 09:22:49', '2018-07-12 06:35:41');
INSERT INTO `media` (`id`, `user_id`, `filename`, `size`, `metadata`, `media_type_id`, `created_at`, `updated_at`) VALUES (163, 90, 'Ipsam debitis atque praesentium ipsa labore natus.', 2147483647, '1', 5, '2014-09-25 01:24:00', '2019-10-04 11:04:43');
INSERT INTO `media` (`id`, `user_id`, `filename`, `size`, `metadata`, `media_type_id`, `created_at`, `updated_at`) VALUES (164, 91, 'Omnis maxime est magni voluptate iste natus.', 2147483647, '1', 1, '2014-04-26 09:08:33', '2016-03-07 23:56:31');
INSERT INTO `media` (`id`, `user_id`, `filename`, `size`, `metadata`, `media_type_id`, `created_at`, `updated_at`) VALUES (165, 92, 'Consequuntur dolor non dignissimos est aliquid sequi iusto.', 2147483647, '2', 2, '2014-05-27 15:53:46', '2015-10-08 20:33:42');
INSERT INTO `media` (`id`, `user_id`, `filename`, `size`, `metadata`, `media_type_id`, `created_at`, `updated_at`) VALUES (166, 93, 'Suscipit sunt a ullam adipisci illum dolor.', 2147483647, '8', 3, '2014-01-24 18:01:51', '2012-11-25 04:02:01');
INSERT INTO `media` (`id`, `user_id`, `filename`, `size`, `metadata`, `media_type_id`, `created_at`, `updated_at`) VALUES (167, 94, 'Non officia cumque non omnis.', 2147483647, '3', 4, '2011-05-07 20:52:28', '2011-10-19 11:39:38');
INSERT INTO `media` (`id`, `user_id`, `filename`, `size`, `metadata`, `media_type_id`, `created_at`, `updated_at`) VALUES (168, 95, 'Voluptas amet qui eum ullam eos repudiandae amet reprehenderit.', 2147483647, '7', 5, '2018-06-04 11:03:31', '2014-05-28 19:51:07');
INSERT INTO `media` (`id`, `user_id`, `filename`, `size`, `metadata`, `media_type_id`, `created_at`, `updated_at`) VALUES (169, 96, 'Quos voluptatum dolor repudiandae doloribus quia hic nam.', 2147483647, '3', 1, '2017-11-21 04:34:43', '2019-09-21 07:44:13');
INSERT INTO `media` (`id`, `user_id`, `filename`, `size`, `metadata`, `media_type_id`, `created_at`, `updated_at`) VALUES (170, 97, 'Omnis voluptatum iusto error.', 2147483647, '7', 2, '2013-09-24 13:57:13', '2020-11-03 16:49:59');
INSERT INTO `media` (`id`, `user_id`, `filename`, `size`, `metadata`, `media_type_id`, `created_at`, `updated_at`) VALUES (171, 98, 'Perspiciatis dolorem harum et est voluptates voluptatum.', 2147483647, '2', 3, '2016-08-16 14:49:14', '2018-11-09 03:51:23');
INSERT INTO `media` (`id`, `user_id`, `filename`, `size`, `metadata`, `media_type_id`, `created_at`, `updated_at`) VALUES (172, 99, 'Tempore ipsum non voluptates eaque sunt reprehenderit.', 2147483647, '1', 4, '2014-11-04 14:18:09', '2020-02-15 06:25:38');
INSERT INTO `media` (`id`, `user_id`, `filename`, `size`, `metadata`, `media_type_id`, `created_at`, `updated_at`) VALUES (173, 100, 'Natus veniam sequi ipsam minus eos ut.', 2147483647, '4', 5, '2014-06-18 17:47:42', '2019-08-14 12:59:02');

SELECT * FROM media;