-- MySQL dump 10.13  Distrib 8.0.21, for Linux (x86_64)
--
-- Host: localhost    Database: web_shop
-- ------------------------------------------------------
-- Server version	8.0.21

/*!40101 SET @OLD_CHARACTER_SET_CLIENT=@@CHARACTER_SET_CLIENT */;
/*!40101 SET @OLD_CHARACTER_SET_RESULTS=@@CHARACTER_SET_RESULTS */;
/*!40101 SET @OLD_COLLATION_CONNECTION=@@COLLATION_CONNECTION */;
/*!50503 SET NAMES utf8mb4 */;
/*!40103 SET @OLD_TIME_ZONE=@@TIME_ZONE */;
/*!40103 SET TIME_ZONE='+00:00' */;
/*!40014 SET @OLD_UNIQUE_CHECKS=@@UNIQUE_CHECKS, UNIQUE_CHECKS=0 */;
/*!40014 SET @OLD_FOREIGN_KEY_CHECKS=@@FOREIGN_KEY_CHECKS, FOREIGN_KEY_CHECKS=0 */;
/*!40101 SET @OLD_SQL_MODE=@@SQL_MODE, SQL_MODE='NO_AUTO_VALUE_ON_ZERO' */;
/*!40111 SET @OLD_SQL_NOTES=@@SQL_NOTES, SQL_NOTES=0 */;

--
-- Table structure for table `authors`
--

DROP TABLE IF EXISTS `authors`;
/*!40101 SET @saved_cs_client     = @@character_set_client */;
/*!50503 SET character_set_client = utf8mb4 */;
CREATE TABLE `authors` (
  `id` int unsigned NOT NULL AUTO_INCREMENT COMMENT 'УИД автора',
  `name_brief` varchar(255) COLLATE utf8mb4_unicode_ci NOT NULL COMMENT 'Автор, краткий формат',
  `name_full` varchar(255) COLLATE utf8mb4_unicode_ci NOT NULL COMMENT 'Автор, полный формат',
  `description` varchar(255) COLLATE utf8mb4_unicode_ci DEFAULT NULL COMMENT 'Описание',
  PRIMARY KEY (`id`)
) ENGINE=InnoDB AUTO_INCREMENT=251 DEFAULT CHARSET=utf8mb4 COLLATE=utf8mb4_unicode_ci COMMENT='Книги_Жанры';
/*!40101 SET character_set_client = @saved_cs_client */;

--
-- Dumping data for table `authors`
--

LOCK TABLES `authors` WRITE;
/*!40000 ALTER TABLE `authors` DISABLE KEYS */;
INSERT INTO `authors` VALUES (1,'Tad Spinka V','Asha VonRueden','Qui necessitatibus voluptates voluptatibus harum laboriosam fugit excepturi. Voluptate et qui et hic molestiae ea a eligendi. Sit amet non nemo unde pariatur autem voluptate.'),(2,'Prof. Selmer Carroll','Mrs. Rosemarie Lesch','Nihil maiores accusamus expedita nihil. Velit consequuntur sit nulla minima consequatur inventore. Nesciunt quo ipsum id. Occaecati nesciunt qui esse non.'),(3,'Audrey Champlin','Prof. Dedrick Schaefer','Qui itaque porro nam quo iusto voluptatem. Nostrum quidem pariatur voluptatem qui.'),(4,'Judah Nienow I','Esta Gutmann','Accusamus dolores et voluptas suscipit reprehenderit soluta asperiores. Voluptatem et voluptates est. Beatae voluptas tenetur facilis velit cum.'),(5,'Felipe Mosciski','Hope Dooley DVM','Et ea voluptas atque inventore incidunt sed sunt. Laborum et possimus labore suscipit qui. Suscipit qui maxime soluta ea et aut et. Ullam ut qui aut quia.'),(6,'Lizeth Rowe','Americo Corwin','Est deleniti dolorem quidem debitis. Qui natus rem sit saepe laudantium culpa quia. Architecto sequi iure aut.'),(7,'Mrs. Elsie Hudson III','Mathilde Gutmann','Voluptas voluptas impedit facere qui aut officia. Consequatur quia distinctio aut cupiditate nihil consequatur libero officia. Doloribus omnis molestiae aperiam modi magnam numquam. Aut dolore esse voluptatibus possimus delectus facere pariatur.'),(8,'Greta Tremblay','Mrs. Lenore Ankunding','Nesciunt magnam veniam repellat reiciendis laboriosam. Incidunt sint molestias similique quibusdam doloribus cumque et itaque. Necessitatibus facilis voluptatibus voluptates explicabo. Atque et sunt praesentium.'),(9,'Clara Kuvalis','Jovan Ernser','Non eos totam quam eum et. Nihil nam deserunt aut quidem ipsa fugiat ut quia. Tenetur enim delectus rerum ex. Eos mollitia corporis alias dolores atque perferendis.'),(10,'Kirk Kris','Dr. Pat Walsh DVM','Commodi maxime consequatur nihil optio. Repellendus culpa aspernatur voluptatem eveniet et vel. Totam non eius pariatur.'),(11,'Demetris Stokes','Michel Goldner','Enim sunt consequatur ipsum. Aut cum dolorem architecto ducimus alias voluptatibus nobis. Mollitia et aut dolorum velit voluptas. Quaerat velit minus qui vel ut sed ipsum. Quaerat accusantium quisquam officiis ad accusamus voluptatem praesentium.'),(12,'Euna Mraz','Dr. Nova Denesik','Asperiores consequatur assumenda placeat impedit aspernatur maiores. Dolorem et doloremque nisi ad illum. Ipsa officiis asperiores maiores in ullam laboriosam possimus.'),(13,'Thad Raynor','Shaniya Boehm','Hic quidem unde unde molestias non atque sunt. Voluptatum voluptatem velit nobis architecto molestiae architecto doloremque. Sit numquam quo reprehenderit aspernatur voluptatem sed aliquam.'),(14,'Taya Ritchie','Cheyenne Schaden','Culpa fugiat voluptatem nihil. Et sit atque cupiditate ea. Sed dolore suscipit et nisi officia possimus similique nisi.'),(15,'Prof. Rebeca Kirlin','Dr. Dave Hansen II','Nobis aliquid sint omnis illo qui rerum nihil et. Enim ut veritatis aliquam qui placeat. Harum labore iste incidunt assumenda fugiat dolores cumque odit. Dicta recusandae similique saepe.'),(16,'Krista Harris III','Dahlia Wiza','Inventore nobis reiciendis et cupiditate. Eveniet aut at minima consequuntur dolorem alias eos voluptatem. Consectetur velit sapiente enim excepturi consequuntur temporibus voluptates. Qui non commodi reprehenderit accusamus pariatur.'),(17,'Art Larkin IV','Bret Monahan','Officiis sequi est mollitia quia veniam doloribus in omnis. Rerum fugit tempora exercitationem et ipsum impedit. Adipisci ratione qui aperiam quam. Eveniet dicta alias consequuntur fuga veritatis. Ut voluptates sed consectetur porro deleniti nesciunt in.'),(18,'Cicero Orn','Vella Mertz','Odit placeat aut autem fugiat nobis veritatis eaque. Autem aut illo cumque officiis ea et a nemo. Suscipit dolorem esse quia ratione.'),(19,'Winfield Champlin','Justice Wuckert','Temporibus illo nihil eligendi temporibus voluptas. Illum perspiciatis ut omnis blanditiis qui voluptatem recusandae. Ut consequatur quaerat nobis est. Quia itaque maiores ut nobis esse omnis molestiae. Non aspernatur nemo et sit omnis quia incidunt odit.'),(20,'Valentin Kovacek','Adeline Huel III','Sunt cum qui eaque vel numquam. Assumenda quod est eligendi asperiores.'),(21,'Rosa Langworth','Amira Quigley','Qui labore ex eum voluptatem voluptates fuga hic. Omnis consequatur dolore sequi. Voluptas dicta sint natus error.'),(22,'Dayana Abbott','Gennaro Aufderhar','Veniam qui nostrum eaque. Est ipsam explicabo molestiae eos ipsa iure at. Dolores quidem est ex explicabo dolor.'),(23,'Rodrigo Bode','Rachael DuBuque','Iure excepturi amet harum sit. Rerum aut omnis et autem.'),(24,'Earnest King','Bryana Schamberger','Temporibus aut placeat nihil est dolorum quaerat. Quisquam neque aliquid sit voluptatem a maxime eum. Ad et quo aut repudiandae ut ad molestias.'),(25,'Mr. Richmond Bauch','Dr. Lilyan Murazik Sr.','Eum nihil et cum provident odio. Qui quo minus nostrum beatae ea consequatur nihil. Reprehenderit velit ipsa hic aspernatur. Est rerum aliquam quia ipsum libero nisi itaque.'),(26,'Danial Lockman','Joe Jenkins','Ad iste a voluptas alias perspiciatis. In enim quod eum iure. Sunt veritatis delectus autem ea quia.'),(27,'Lenora Mann','Syble Nienow','Adipisci iusto vel cupiditate error quia. Facilis laudantium ut necessitatibus quaerat. Delectus possimus nesciunt facere qui ut.'),(28,'Laverna Kuphal','Emely Boyle','Nihil atque et aperiam ut omnis. Perspiciatis quod nobis ipsa velit. Sunt vero numquam nostrum nobis iusto libero repellendus.'),(29,'Americo Cremin','Royce Mertz','Repudiandae quae minima adipisci dolorem natus velit et ad. Velit et commodi cum. Molestiae ut quia et repellat voluptas rem. Minus illum incidunt voluptatem exercitationem et commodi.'),(30,'Mrs. Verda Schuster Sr.','Zechariah Haley','Dolorem velit laborum debitis alias similique dolorem. Et harum voluptas odit veritatis atque expedita. Sit rem cum labore consectetur est. Laboriosam rem quae aliquid quas velit.'),(31,'Sadie Schaefer','Prof. Beaulah Spinka DVM','Ea laudantium vitae et alias velit saepe. Dolorem nulla omnis ratione hic. Sed adipisci vero quidem magnam aperiam non dolores. Dolorem esse harum quos molestiae saepe porro saepe.'),(32,'Francesca Collins','Ms. Natasha Carroll III','Hic tempore voluptas nisi dolorem consectetur. Qui quidem beatae sapiente et. Aut doloribus suscipit ut voluptatum perspiciatis id. Assumenda animi similique ipsam ipsum. Vel neque in earum.'),(33,'Mr. Joe Bechtelar','Nayeli Prosacco','Laborum a mollitia ratione pariatur. Ab minima magnam sunt laboriosam et ut assumenda. Modi facere harum modi eos nesciunt. Laborum necessitatibus itaque officia neque explicabo soluta. Consequatur sit repudiandae consequuntur dolor occaecati.'),(34,'Cathryn Rutherford III','Corrine Gaylord','Libero nostrum nostrum eum ut quas. Porro quo nobis eos ex voluptatem. Est eum nulla ut ut necessitatibus reiciendis et. Dolor quisquam commodi officiis consectetur sunt impedit. Omnis eos error quis voluptatibus cum atque ut quis.'),(35,'Ms. Bessie Emmerich','Mr. Hudson Schneider Sr.','Provident id maxime quia et facere dicta. Eos fugit culpa unde id nisi sunt aut. Pariatur maiores consequuntur ab quae officiis quia dolor. Ea ipsum et nam optio magnam nulla facere est.'),(36,'Thad Rippin','Daphnee Ritchie II','Blanditiis est omnis sint delectus magnam nihil. Qui unde rerum rerum illum. Error aliquam doloremque reiciendis enim inventore earum. Earum suscipit asperiores illo consequatur nostrum molestias accusamus.'),(37,'Napoleon Okuneva','Mr. Reynold Hyatt','Accusamus saepe ut ea blanditiis odit expedita. Expedita dolore et est in praesentium aut iusto. Quaerat architecto sit est temporibus soluta eius placeat occaecati.'),(38,'Colleen Adams','Prof. Monique Nolan','Ex praesentium aut repellat rerum officia. Sint excepturi ut repellendus quo temporibus. Numquam aut quasi natus aut eos.'),(39,'Ms. Mikayla Price','Austyn Zieme','Rerum nostrum tempora distinctio rerum sit. Ipsa est totam dolor sint. Nulla aut non quos dolore. Non nobis sunt ipsam modi itaque.'),(40,'Prof. Ford Torphy','Alta Wyman','Cumque adipisci vitae vel et quas nihil voluptatibus. Nesciunt ut facilis nulla sit. Eum corporis fuga expedita amet aut impedit consequatur. Blanditiis et aliquid sed qui veniam amet sed.'),(41,'Madison Collins','Stevie Maggio','Ut ut non id sequi et et quia. Quis sunt ut eos quo et. Dicta dolore dolorem similique. Omnis saepe possimus est distinctio.'),(42,'Brown Wehner Jr.','Stan Prohaska V','Reiciendis sequi est sit harum enim facere. Nulla aliquam pariatur necessitatibus ratione corrupti sapiente fugiat. Sint sequi sed harum qui. Aperiam voluptas modi tenetur iusto quis iusto.'),(43,'Jett Howe','Amelie Schuppe','Non adipisci accusamus et eveniet tenetur tempora veniam. Magnam nihil et consequuntur optio quidem repudiandae et quasi. Aut aperiam accusantium et harum ipsum.'),(44,'Ken Herzog','Sibyl Koss Sr.','Voluptas rerum qui reiciendis laudantium nisi. Quis et architecto dolorum vel quaerat voluptatem.'),(45,'Fabiola Toy','Dr. Jamarcus Hermiston IV','Repellat voluptates libero enim. Sequi sit incidunt qui. Ullam assumenda aperiam optio temporibus.'),(46,'Major Heathcote','Mr. Gennaro Lockman III','Sed architecto consequatur architecto. Accusantium architecto omnis eum vel quaerat nobis tenetur. Iste totam voluptatibus nam placeat possimus repudiandae.'),(47,'Dr. Woodrow Senger','Mrs. Letha Purdy IV','Nihil dolorum molestias eum a qui et est eum. Veritatis laudantium quia eius maxime laboriosam explicabo. Sapiente qui architecto ea quis. Nihil similique consequatur ratione ex aspernatur ullam voluptatibus.'),(48,'Dr. Thea Kling V','Dr. Sammie Kuhlman IV','Aut sit labore deleniti vitae architecto. Id laboriosam optio saepe dolor labore autem quibusdam. Dolor quia cupiditate dolores sunt iste doloremque est.'),(49,'Dr. Ernest Terry','Mr. Keagan Abernathy I','Aut magnam eum velit ut vel et est corrupti. In reiciendis libero qui libero molestias totam. Quod a et dolores perferendis laudantium deserunt vel.'),(50,'Ms. Ericka Fadel II','Zoie Koelpin DVM','Ut architecto veritatis voluptate non incidunt ut eaque vel. Animi repellat nisi est sunt. Placeat assumenda voluptas facilis qui tempora fugit laudantium.'),(51,'Julia Bayer Sr.','Mr. Skye Mills DVM','Vitae aliquid iste et perspiciatis harum eos. Sunt et sint magni sed in non. Cum suscipit et dicta impedit.'),(52,'Vincenza Beatty','Darius Barrows','Explicabo alias molestias alias. Doloremque asperiores at odit veritatis sed reprehenderit quo maiores. Nihil nostrum fugiat incidunt et. Quod reprehenderit similique facilis inventore odio et iusto.'),(53,'Rosemarie Ruecker DDS','Vicky Hickle','Esse tempore nobis quis iusto ex enim suscipit consectetur. Cum perferendis dolorem dolorum neque voluptate. Repellendus tempora unde quisquam veritatis assumenda molestiae. Iure incidunt adipisci est et et. Autem ut beatae corporis et aperiam deleniti iu'),(54,'Imelda Ratke','Conrad Eichmann','Nam quia reprehenderit ad blanditiis modi a dolorum. Aut vel nam impedit amet. Autem assumenda iste velit dolorem.'),(55,'Imani Schmeler','Dr. Tracey Goodwin Sr.','Et dolorum est omnis numquam recusandae et. Id voluptatem aut dolorem odit inventore. Rem aut suscipit ex aliquam nam tempora et. Ut blanditiis sunt omnis deserunt corrupti voluptas occaecati.'),(56,'Alford Hudson','Vickie Reynolds','Sed tempore qui expedita laudantium impedit. Ut beatae omnis neque quos sed est. Qui quis suscipit distinctio sed. Ea sed ab non distinctio.'),(57,'Mrs. Joanie Lindgren','Garry Quigley','Ipsum autem autem iste nobis inventore. Provident delectus repellendus architecto alias ducimus. Rerum perferendis quia alias laborum assumenda.'),(58,'Cornell Watsica','Arianna Sporer DDS','Voluptas maiores occaecati et maxime et pariatur. Tempore voluptatibus laborum iste unde minima ea. Iste possimus quos non aut rerum aut. Inventore reprehenderit est harum cum ut quisquam aspernatur.'),(59,'Miss Sadye Bartell','Mr. Damon Reynolds','Quae sit ad aut odit voluptatem eligendi necessitatibus. Atque aut molestias eos numquam ipsam quis unde. Dolores ut sunt nam. Repellat alias vitae culpa deserunt.'),(60,'Amalia Littel','Dr. Kyla Stehr','Nisi facilis voluptatem qui. Eaque sint quam debitis unde repellat. Autem aut consequuntur soluta commodi. Quaerat quibusdam ut dolorem enim libero consequatur blanditiis. Velit et voluptatem placeat tempora aut ducimus qui et.'),(61,'Tyree O\'Keefe II','Lori Hamill','Autem doloribus ab quia ullam perferendis aut. Numquam minima consequatur adipisci deleniti numquam omnis. Quas autem reiciendis ab ut.'),(62,'Sid Heller IV','Mr. Dee Reichel','Aperiam ea impedit sunt sed laudantium et. Rerum illum accusamus harum ut. Explicabo aut ipsa perferendis aut est nobis quae.'),(63,'Ona Rice','Dr. Kaylah Breitenberg DVM','Totam quae aperiam et a amet quam nam. Beatae nihil natus expedita beatae a quia. Voluptatem odit alias aspernatur quasi reiciendis illum. Molestiae perferendis quia est fugiat ut. Labore fugit natus ut dicta explicabo mollitia.'),(64,'Nathanial Lemke','Mrs. Velva Kulas','Reprehenderit et sequi et voluptatibus aliquid vel quas laborum. Sequi quisquam dicta et mollitia. Laudantium nobis magnam architecto et nulla tempora aut. Illum ipsum in fugit molestias quia sed sint. Ex quo totam consequuntur amet quo.'),(65,'Madisen Kilback','Darrick Schimmel','Explicabo eius occaecati beatae a qui. Molestias minima alias molestiae aliquam. Ut magni cumque accusantium tenetur soluta neque. Nobis et recusandae sit.'),(66,'Bryce Dach','Mr. Oliver Gerlach','Voluptatem rerum porro qui aut. Suscipit harum in ad sint. Fuga distinctio eos asperiores sint dignissimos. Suscipit hic fugit accusantium eum. Omnis eaque ad provident et reiciendis itaque.'),(67,'Caterina Altenwerth','Billy Collier','Sequi excepturi dolorem quis debitis iusto labore. Nisi mollitia aut beatae. Aut veniam sit eveniet ipsum. Est repellendus beatae velit praesentium similique.'),(68,'Dr. Ashlee Walsh','Shanie Wilderman','Ad sed occaecati explicabo eum labore. A vitae corporis sunt laboriosam placeat excepturi ut soluta. Earum officia voluptatem tempore beatae.'),(69,'Birdie Beahan','Maryjane Kirlin II','Inventore dicta et ut facilis incidunt non. Culpa dolorum et deserunt ut harum fuga eveniet ipsam. Praesentium quia dolores animi explicabo quas vero earum. Itaque quibusdam asperiores doloribus et enim.'),(70,'Concepcion Nikolaus','Nella Boehm','Aliquam esse id perferendis rerum accusamus voluptate. Quos inventore reiciendis dolores deleniti ad occaecati excepturi vel. Velit ipsam ea in quas perferendis possimus excepturi. Provident alias laboriosam fuga.'),(71,'Dr. Leslie Pfannerstill','Marisa Abshire','Odio quas modi unde dignissimos quos ea. Quas sed ut facere rerum quo. Ea maxime sit harum accusamus. Ut placeat beatae ipsam.'),(72,'Grover Kiehn','Justina Beahan III','Maxime odit doloribus alias quisquam voluptas. Ut eos assumenda a voluptas commodi. Eligendi perferendis aut autem vel ut iste. Non quos molestias nobis.'),(73,'Mrs. Alexandra Parker Sr.','Roel Funk','Ea quo et porro. Inventore praesentium dolor consectetur distinctio repudiandae et repellat. Facere nostrum vel cumque enim et. Fugit aperiam minus repudiandae facere ut illum et.'),(74,'Mario Klein','Mr. Gardner Kuhlman','Deleniti et voluptatem est amet autem ut excepturi. Est accusamus aperiam tempore ea accusantium. Qui et explicabo nisi officia aperiam numquam.'),(75,'Buddy Kirlin','Prof. Kayleigh Conn','Sapiente enim ut cupiditate esse magni. Eum distinctio provident necessitatibus nihil iusto. Doloremque est repellendus dolorem est magni dignissimos veritatis. Dicta commodi sapiente amet quasi in.'),(76,'Syble Hane','Jamel Kuhic','Placeat harum quas reprehenderit atque ipsa. Est necessitatibus nisi dolore non eum. Incidunt consequatur saepe illum numquam ad ex. Quia fuga vel deleniti perspiciatis enim ullam.'),(77,'Mabelle Cormier I','Faye Waters III','Atque accusamus voluptatem occaecati quae voluptas. Nisi neque accusamus omnis voluptatem. Dolorum omnis non aut et hic animi aut non.'),(78,'Ms. Ruth Koss PhD','Boyd Parker','Error nihil dicta sunt adipisci. Ipsam ea aliquid iure molestiae neque. Vel eveniet consectetur dolores ut vel pariatur. Sed unde porro sequi autem totam sint laudantium.'),(79,'Adolphus Rolfson','Wyatt Lesch','Culpa sit et repellat asperiores animi. Enim ut voluptatum aut quae in pariatur accusantium. Suscipit culpa laborum voluptas excepturi.'),(80,'Prof. Kenton Rice I','Shana Ankunding','Esse corporis hic harum expedita labore. Omnis illo dolorem reiciendis. Rerum saepe ut numquam rerum in.'),(81,'Shakira Vandervort','Omari Emmerich','Molestiae corporis amet suscipit dolorem. Voluptatem perferendis assumenda beatae similique excepturi. Ut nobis voluptates reprehenderit repellat libero tempore quisquam vero.'),(82,'Miss Briana Hodkiewicz','Betty Harvey','Vel qui nihil sunt voluptas sequi. Voluptas voluptatem rem consequatur quia deleniti. Est tempore possimus corrupti aspernatur soluta eveniet.'),(83,'Meghan Streich','Miss Allene Haag','Cum temporibus harum quis consequatur. Aut qui ut similique non ipsum. Rem a vero quisquam nesciunt. Aut consequatur assumenda id repudiandae et.'),(84,'Mr. Kurt Swaniawski III','Miss Lydia Kovacek DDS','Magni quod et qui nulla ea. Id architecto ut quaerat.'),(85,'Ms. Allie Kiehn MD','Prof. Nora Kunze','Modi voluptas fuga rerum ut reiciendis eveniet non. Debitis quo magnam et neque est suscipit culpa. Porro sed fugiat aut et corporis et et esse.'),(86,'Ashlynn Halvorson','Ms. Emily Schinner','Et qui asperiores totam et. Reprehenderit aspernatur distinctio eveniet voluptates quia facilis vero natus.'),(87,'Kristopher Nolan','Mr. Nolan Wiegand II','Autem dicta qui ut blanditiis explicabo. Sed hic tenetur voluptatum molestias quibusdam quia ea. Nihil recusandae quibusdam quia sint non. Ut aspernatur odit atque quibusdam accusantium qui sapiente.'),(88,'Ms. Matilda Roberts','Mrs. Hope Jakubowski IV','Ratione officiis laboriosam quam nesciunt praesentium. Esse voluptates aut expedita quia numquam. Asperiores commodi tempora dolor occaecati.'),(89,'Dianna King','Lambert Yost','Ipsam provident et in nisi quia dolores rerum. Rerum cumque vero aut recusandae iusto. Id blanditiis veritatis maxime autem. Esse et saepe rerum mollitia porro dolorem ab maiores. Commodi et iusto eos eaque vero molestiae.'),(90,'Beau Graham','Prof. Monroe Hahn Jr.','Voluptatem cupiditate quibusdam similique saepe eveniet. Modi dolorem dolores rerum atque sint. Magni eius est libero aut.'),(91,'Queenie Carter','Susan Rau','Dolorem accusamus expedita aut officiis vel aut. Nam tenetur quis molestiae molestiae nihil. Sit quia non velit.'),(92,'Ines Borer','Shirley Monahan','Et deserunt autem est quod quia autem. Voluptas voluptas est eum qui. Enim enim eum velit animi quia.'),(93,'Marie Lubowitz','Thea Abernathy','Est qui non praesentium doloremque quaerat occaecati. Qui rerum qui repellat culpa doloremque assumenda quia. Debitis corrupti consequatur et dolor.'),(94,'Toney Feeney','Jeramie Weissnat','Et et accusantium non ut veritatis fugit omnis. Omnis molestiae quos cumque impedit nisi soluta. Et magnam et accusantium ut.'),(95,'Mikel Lueilwitz','Wilhelmine Hansen','Soluta atque numquam ducimus quaerat quia reprehenderit. Eos ex eveniet tempore mollitia.'),(96,'Ariane Ernser','Mrs. Brooklyn Hane','Suscipit ratione earum voluptatibus rerum consequuntur fuga laudantium dicta. Quis nihil earum quasi explicabo. Dolorem cum fuga rerum deserunt culpa eveniet. Ex voluptates id libero similique inventore.'),(97,'Mellie Schmitt','Berniece Barrows','Et voluptatem deleniti assumenda aut magnam non quos. Aliquam dolore illum tempora pariatur illum hic consequatur. Expedita mollitia perferendis quis ullam fuga. Ut voluptatem necessitatibus voluptas in dolor deleniti aut officiis.'),(98,'Mr. Tracey Hirthe I','Ms. Hettie Grant DDS','Voluptas labore modi maiores consequatur. Eos voluptas voluptatibus dolorum sunt at earum. Sit facere assumenda culpa doloribus nostrum dolorem omnis. Et cum et quos impedit.'),(99,'Ryann Wilkinson','Miss Precious Turner DVM','Iste explicabo distinctio vel eos corporis aperiam velit. Delectus optio ut ex sit nihil quibusdam consectetur. Quas culpa ullam et hic et exercitationem eos. Laudantium veritatis quo amet rerum alias quisquam. Enim ipsam velit quis labore nesciunt conseq'),(100,'Reuben Considine','Ike Orn','Magnam est quis dolorum nisi error. Iusto quo sint velit consequuntur. Et consequatur provident vero sunt. Esse qui expedita soluta est facilis quae qui qui.'),(101,'Kelly Heller','Anna Keeling','Suscipit sunt laudantium aut numquam dolorum. Atque animi minima fuga eligendi reprehenderit. Assumenda et libero consectetur facilis vel dolor rem. Nesciunt omnis nemo eligendi.'),(102,'Eve Block MD','Prof. Roselyn Grady','Voluptatem sunt aut vel et ea sunt quisquam. Voluptatem voluptatem autem cum assumenda. Quas ullam ab ipsa laborum.'),(103,'Emmanuel Reynolds','Audrey Conroy','Distinctio itaque laboriosam excepturi ea natus harum necessitatibus amet. Consequatur autem doloremque delectus fuga quia doloremque omnis. Ducimus quia officiis accusamus facilis. Est nisi quia voluptatem qui qui sunt adipisci.'),(104,'Miss Elisa Abshire','Aimee Gaylord','Qui enim labore enim quidem corrupti omnis. Voluptatem qui tenetur magnam beatae nulla.'),(105,'Gabriel Lockman','Minnie Hammes','Earum eius quam maiores excepturi fuga. Est totam recusandae eaque a veniam.'),(106,'Dr. Keara Gislason','Mr. Nico Reichel Sr.','Minus sapiente et est temporibus repudiandae laborum. Architecto unde ducimus autem libero voluptate. Non molestiae soluta unde dolorem voluptatem quidem.'),(107,'Dr. Hyman Kertzmann','Boris Gorczany','Ut eveniet autem corrupti est eos. Omnis vero omnis non perspiciatis. Dolores quisquam placeat quas odit.'),(108,'Milan Hamill','Elvie Heaney','Et sed eum sed sed. Et cupiditate mollitia rerum omnis ipsa quia ab beatae. Perspiciatis molestias consequatur autem blanditiis aspernatur similique officia quibusdam.'),(109,'Eden Terry','Bettie Hessel','Ipsum consectetur est magni alias quo quas. Dolor dolor consequatur et eius. Non qui distinctio cumque aut voluptatem.'),(110,'Dr. Lenna Renner','Enos Harber','Voluptate est enim dignissimos quibusdam quia sequi quidem. Repellendus ut velit quia beatae tenetur rerum et fugiat.'),(111,'Hallie Romaguera','Treva Howell','Similique possimus deserunt accusamus dignissimos quibusdam dolorem laudantium. Cum qui eius quam rerum et nobis cum. Ipsam blanditiis est magni ea fugiat. At vel in quis aut error qui minus et.'),(112,'Chet Wisozk','Kayli Renner','Quia facilis velit commodi ut reprehenderit doloribus suscipit. Quod possimus accusamus dolorem non et consequatur natus corporis. Optio distinctio exercitationem dicta molestiae. Voluptas veniam non eum voluptatem.'),(113,'Samir Fahey','Dr. Misty Breitenberg IV','Dolorem vitae laborum suscipit commodi est eius tenetur. Dolores modi corporis consectetur et. Facilis ea ea suscipit ut libero et qui. Sint dolorem corporis numquam ut temporibus maxime nisi.'),(114,'Priscilla Durgan II','Larissa Price','Nisi facere iste dicta voluptate vel iure nesciunt rerum. Non perferendis facere est. Qui esse qui cumque perferendis aut eos quas.'),(115,'Halle Funk Jr.','Turner Schuster III','Quis alias cupiditate cum consequuntur blanditiis hic. Repellendus aut rerum perspiciatis aliquam explicabo et. Qui voluptates ut aut a provident perferendis fugit. Possimus mollitia voluptas ullam quo qui.'),(116,'Adrianna Walsh II','Selina Yost','Totam neque in commodi nam ad sint et quos. Natus dolorem voluptatem sed reiciendis est nostrum. Est beatae labore consectetur ab. Qui recusandae qui unde soluta sapiente suscipit exercitationem.'),(117,'Mrs. Susana Pacocha','Jake Funk','Perferendis qui ipsa cum autem. Fugiat reiciendis amet quia rem dolor. Voluptatum qui dolorum voluptas amet qui quia temporibus.'),(118,'Demarco Smith','Reta Rau','Non vitae provident commodi hic. Sed qui et in fugiat. Dignissimos consequuntur illo magnam est. Dolor reprehenderit pariatur et tempora.'),(119,'Mallie Goldner','Mikayla Rosenbaum','Ipsam quia qui ea est qui laborum. Sed enim voluptatem atque atque. Et est ipsum eum. Occaecati voluptas non eos recusandae est sequi doloremque.'),(120,'Chase Heller V','Ora West','Tenetur non qui eum autem nesciunt ut accusantium. Quia quibusdam dolor placeat. Et et maxime assumenda aut tempore accusantium magnam. Voluptatem dolores ad eum nisi natus.'),(121,'Dr. Jabari Johnson V','Lacy Lockman','Ipsam omnis modi iusto tempora tempore iure. Aut dolorem eum ut sint tempore excepturi. Est porro sapiente dolores omnis enim aut quisquam.'),(122,'Theodora Torphy II','Geovany Gaylord','Corrupti nemo eius et minus dolor ut delectus. Alias quis asperiores minima molestiae provident cumque. Est qui quia et voluptate consequatur.'),(123,'Henri Turcotte','Tavares Parker IV','Occaecati dolores amet incidunt soluta. Similique et molestiae corrupti qui eum officiis illo.'),(124,'Ms. Barbara Williamson Sr.','Annabelle Orn','Quas commodi iusto voluptas architecto quis magnam. Fugit impedit odio beatae perferendis quam. Quisquam et aut voluptatem voluptatem voluptatum.'),(125,'Adan Jones','Ms. Jannie Kuhlman','Sunt culpa fugiat voluptas vero distinctio et. Corrupti corporis sit repudiandae voluptatem culpa. Assumenda quidem odit nihil quo dolor.'),(126,'Prof. Lew Hessel','Dr. Cecil McDermott PhD','Voluptas eos at amet culpa quibusdam. Amet ducimus nesciunt necessitatibus autem. Et distinctio quis molestiae. Nulla possimus molestiae fugiat mollitia accusamus aliquid.'),(127,'Gunnar Labadie','Dianna Goyette','Qui quidem laborum et culpa error eius. Sed voluptatem inventore repellat quo. Eum alias fugiat hic et odio cupiditate vitae quia. Et occaecati doloremque maiores repellat vitae.'),(128,'Chaim Bergstrom','Aidan Farrell','Commodi non commodi asperiores nulla et illo. Non et voluptates et quia. Mollitia ut exercitationem natus.'),(129,'Joseph Kihn','Shania Wiza','Rem non iste quod eaque et inventore dolores. Omnis quasi voluptas doloribus quasi occaecati. Rerum in ut rerum vitae voluptas voluptas et.'),(130,'Ottilie Batz','Jakob Walter II','Accusantium corrupti ea voluptatum harum voluptatibus molestias cum itaque. Velit laudantium aut ea non. Est ipsa eum blanditiis neque eveniet.'),(131,'Kelton Wiza','Miss Delilah Bahringer','Harum sunt rem non quia eos voluptate ut qui. Assumenda ut dolores laudantium facere omnis minus. Ab eos mollitia est quia sed consectetur enim accusamus.'),(132,'Dr. Porter Crooks IV','Sienna Nader','Ratione debitis in soluta illum dolor. Atque et ea eius laboriosam qui est aliquam similique. Cum magni soluta praesentium et aspernatur. Et id repellendus placeat.'),(133,'Isac Morar Jr.','Cheyanne Heidenreich','Atque qui neque odit consequatur odit nihil error. Et minima repellat at neque. Voluptatem et facere enim facere dolor ut occaecati omnis.'),(134,'Dr. Zion Wiegand','Adan Nikolaus','Ratione itaque corrupti et veniam delectus non repellendus perferendis. Sequi consequatur aspernatur libero cupiditate et dicta sint provident. Repellat iusto recusandae excepturi illo nisi quo facere. Molestiae veniam neque vel commodi culpa rerum recusa'),(135,'Jane Bode','Maymie Harris I','Voluptatibus ducimus et laboriosam non et. Voluptas molestias sunt inventore voluptatem. Voluptatum minus expedita culpa impedit.'),(136,'Abby Braun','Mr. Jasmin Schamberger II','Natus et fugiat unde sunt ut tempora molestias. Nam ut accusantium architecto in. Consequatur dolores rem dolores est consectetur perferendis. Sint in voluptas explicabo omnis rerum et aut.'),(137,'Sister Pfannerstill','Ella Schmeler','Voluptate eveniet doloribus repellat eos similique voluptatem. Aliquid incidunt et tempora hic delectus. Nobis culpa et dolores fugit. Delectus molestias ipsum reprehenderit veritatis id et inventore voluptatem. A dicta aut rerum eos et qui modi.'),(138,'Rosalee Harvey','Arnaldo Crona','Necessitatibus quam nobis est est tempora est dolorem nemo. In quisquam et harum nulla impedit veniam nostrum. Facilis neque et similique.'),(139,'Mr. Halle Tillman','Cortney Waters','Hic omnis minus nam quasi amet. Magni amet doloribus et aperiam qui. Quia rem beatae modi saepe. Praesentium illum odit est et nisi veniam.'),(140,'Vivienne Schneider I','Gay Kilback','Consequatur est odit est magni ut asperiores sit. Praesentium eum rerum aut perferendis dolores. Nobis hic assumenda amet id. Aperiam quibusdam tempora quae labore deleniti praesentium.'),(141,'Earlene Lueilwitz','Willa Greenholt PhD','Quam sequi accusamus voluptates ut. Quis necessitatibus nihil quia voluptas voluptate quo id minima. Maxime eveniet sed necessitatibus animi eum. Necessitatibus dolores occaecati ad voluptas a totam.'),(142,'Mrs. Cortney Bechtelar IV','Mr. Vinnie Buckridge DVM','Quisquam eaque sunt dolorum iusto ut fuga. Occaecati ratione labore voluptas sunt. Quod dolores voluptatem ex ea. Autem dicta mollitia qui sequi ea quibusdam.'),(143,'Mr. Orlo Gibson','Dr. Uriel Bruen','Aperiam cumque dolore a. Explicabo sed itaque quia reiciendis odit tempora nisi. Cum vel fugit cupiditate velit et voluptatem voluptatem.'),(144,'Maia Gerlach','Ms. Alysha Douglas II','Ut assumenda delectus voluptatem consequatur explicabo. Vel soluta laudantium animi dolores incidunt. Et earum et maxime a non dicta iusto.'),(145,'Mr. Ladarius Boyle DDS','Miss Chasity Wisozk','Officia tempora quia nihil possimus non veniam vel. Non quos rerum reiciendis accusantium ut eum. Totam ipsam commodi animi quia accusamus ut voluptas. Sit architecto et dicta exercitationem voluptatem.'),(146,'Madalyn Paucek','Dr. Kali Stroman II','Quibusdam est ratione ipsa distinctio dolores expedita ipsam et. Assumenda sed porro nisi blanditiis facere. Culpa sunt sit assumenda quidem laborum porro.'),(147,'Tabitha D\'Amore DVM','Sadye Tromp','Omnis quibusdam voluptatem omnis. Ea qui nihil quis qui qui. Praesentium repudiandae reiciendis sequi quam qui commodi consectetur. Consequuntur odit reiciendis nemo commodi error ducimus sunt velit.'),(148,'Ms. Estella Littel','Margarette Cronin Jr.','Ut ex laudantium voluptatibus assumenda. Dicta deleniti nisi dolores alias magni. Earum voluptate ea occaecati eos animi quasi vitae.'),(149,'Shyanne Harris','Wendy Wiegand','Dolores asperiores autem quae dolores natus itaque. Molestiae sed non quidem minima voluptas. Ea sint tempore dolorem aut ut sapiente sed. Corporis voluptas quia consequuntur cupiditate ut qui explicabo dolorem.'),(150,'Maeve Klein','Vada Cummings','Unde voluptas repudiandae est expedita debitis. Possimus voluptates voluptates omnis id enim odio aut. Rem facilis amet alias optio at facilis odit.'),(151,'Miss Elvie Buckridge I','Xander Mann','Qui velit voluptatem quo accusantium omnis et iusto non. Non recusandae suscipit est assumenda nesciunt occaecati facilis praesentium. Distinctio porro expedita in dolorem accusantium.'),(152,'Xavier Hauck','Mrs. Alexandrine Huel','Sapiente quasi dolorem harum rerum excepturi eum. Optio officia perspiciatis labore et. Ducimus nemo voluptatem tenetur quae eum quas. Distinctio non culpa distinctio unde fugit est possimus magnam.'),(153,'Allan Blanda','Dr. Ruben Abshire DVM','Libero similique aut voluptatibus sint. Deleniti et vitae qui dolor ut iste vero. Tempora necessitatibus facere quo.'),(154,'Aylin Reilly PhD','Lukas Mills','Et voluptatem cumque nihil nemo. Assumenda dolorem velit incidunt aut cum molestias. Nam est in doloribus dolore repellat minima doloribus.'),(155,'Madaline Boyle','Brendan Borer','Consectetur qui voluptas totam praesentium rerum animi. Dicta enim quibusdam dolore. Culpa illo facere excepturi consequatur.'),(156,'Miss Ayla Block PhD','Meda Pfeffer II','Eum ipsa ut molestiae quidem ut dolore. Voluptatem quis est optio. Eum occaecati ullam est. Eos at quia animi exercitationem.'),(157,'Gino Hermiston','Oren Littel','Deserunt et nisi ipsam id voluptatum sit. Sint vel sequi ratione ipsa culpa illum culpa. Omnis sint similique ea sit et qui delectus quod. At sapiente incidunt omnis voluptate illo.'),(158,'Ms. Nyah Kerluke','Eusebio Turner','Commodi error quia quia dolorum. Facilis delectus quo nulla quasi eos deleniti. Occaecati reprehenderit sint aliquam et eos dolores.'),(159,'Orrin Schulist','Isabel Gutmann','Sapiente quis similique quia in est magnam libero. Quas itaque laborum et ipsam. Consequatur quae odio minus cum quas voluptas. Blanditiis atque eius perferendis nobis velit beatae eligendi. Voluptatibus ex tempore libero accusamus.'),(160,'Petra Kihn','Rosetta Hauck','Omnis consequatur similique blanditiis rerum sed voluptatum quia. Ipsum ea animi voluptatem qui pariatur. Sunt dolorum qui voluptatibus corrupti quia. Ut atque quod sed aspernatur iusto et quasi. Quasi architecto eveniet officia omnis mollitia.'),(161,'Mr. Layne Waelchi','Aric Weber','Nobis dolor autem culpa earum numquam odio ducimus. Quia possimus voluptates et sed excepturi porro. Animi eum voluptatem libero vero doloremque. Dicta et repellat nulla expedita magnam quod. Totam officia accusamus aut voluptate unde.'),(162,'Alexis Konopelski','Dr. Jaida O\'Connell','Aut deserunt doloremque laborum asperiores natus accusamus rem. Animi vitae aspernatur maxime culpa esse esse aut. Ut unde voluptas labore facilis similique.'),(163,'Miss Isobel Hoeger','Gwen Swift DVM','Mollitia accusamus ab itaque. Optio fuga at consequatur consequatur repellendus omnis ad. Suscipit aut aut deleniti eos quasi aut aut.'),(164,'Quentin Kuhic','Miss Nadia Toy','Quod cumque placeat voluptatum labore quas temporibus architecto. Placeat ab dolores doloribus similique qui numquam et. Nemo aut ipsa magni omnis molestias. Esse maxime quisquam consequatur aut.'),(165,'Josiane Bednar','Prof. Lemuel Kozey','Mollitia porro non perspiciatis explicabo debitis atque. Voluptas sit nesciunt fugiat pariatur. Nulla reprehenderit quaerat at blanditiis animi dolore voluptatem sed. Magnam et aspernatur ipsum a atque aliquid corrupti.'),(166,'Oren Watsica','Dr. Wilma Johnston PhD','Ut non ducimus molestiae optio sit. Assumenda iste libero cupiditate provident hic. Quo quam rerum vel officiis. Ut ut consequuntur voluptatem consectetur dicta error ipsam.'),(167,'Maudie Zieme DDS','Alanis Botsford','Aut explicabo error veritatis voluptatum temporibus ut. Qui vel corporis delectus voluptate. Voluptate reprehenderit reiciendis sit dolorem animi repudiandae qui. Omnis culpa est quod ipsa velit.'),(168,'Prof. Bernardo Smitham MD','Myrtle Waters','Eos voluptatem quia minima perferendis temporibus alias. Natus eum et reprehenderit numquam iusto provident voluptas qui. Qui repellendus voluptatibus dolorum. Non maxime aut accusantium deserunt consectetur quas dignissimos.'),(169,'Mrs. Faye Hermiston Jr.','Alexandra Halvorson','Ad earum repellat sequi exercitationem. Ullam nostrum molestiae optio. Cupiditate et corporis in ut. Sit ipsam sed qui distinctio.'),(170,'Josianne Greenfelder','Miss Rebekah Sporer V','Eligendi impedit praesentium eveniet natus enim. Consequatur et et odio. Sapiente ad veritatis eaque excepturi nesciunt odio.'),(171,'Halle Brekke','Davon Bogan','Quia consequatur voluptatum fugit minima. Dolores nisi eligendi assumenda ut placeat. Omnis exercitationem dolorum in dolore. Facilis qui ad eligendi eveniet.'),(172,'Tyshawn Kozey','Benton Becker','Aut magni explicabo error nostrum et. Architecto quaerat neque sint qui non laudantium et. Vitae eligendi beatae consequatur vero quasi iste. Voluptas magnam quos commodi deleniti nulla sunt.'),(173,'Jeanne Schmidt','Miss Alysha Schmitt II','Culpa et odio eum tenetur et qui modi dolor. Fugit officiis totam amet perferendis provident nobis. Asperiores aliquam sed repudiandae aliquam quo atque laboriosam hic.'),(174,'Arjun Rosenbaum','Dr. Rodrigo Reichert','Et blanditiis maiores est. Dolorum quo et modi facere aliquam soluta dolor. Qui labore sunt qui at id repellendus explicabo sint.'),(175,'Silas Harvey','Hunter Hilll','A fugiat cum laudantium. Iste inventore quia aut quo consequatur nesciunt. Ut dolorum eveniet laboriosam unde.'),(176,'Miles Schaefer DDS','Christiana Reichel','Corrupti est odit distinctio quibusdam. Quam est corporis eos qui sit optio assumenda. Et voluptate vel qui. Eum molestiae molestias autem et sit est dolores officiis. Eveniet doloribus ut quia aut necessitatibus ut.'),(177,'Prof. Stella Bartell','Prof. Jacinthe Dietrich IV','Minus dolorem nobis nesciunt sunt. Rerum similique ullam distinctio inventore voluptatem. Rem porro libero ratione quia omnis quae in.'),(178,'Miss Mable Vandervort III','Miss Patience Friesen','Dolor quo voluptas sunt necessitatibus dignissimos. Eaque illum sunt debitis beatae blanditiis ut pariatur. Eum laboriosam numquam quis natus ipsam dolore occaecati.'),(179,'Tre Bogan','Ora Hagenes','Voluptatum iusto saepe saepe fugiat ea sint et animi. Nesciunt eligendi inventore dicta.'),(180,'Reagan Zemlak','Freda Kutch','Dicta est nemo ipsa. Minus nesciunt ut nobis cupiditate.'),(181,'Donavon Osinski I','Concepcion Nikolaus','Aut ex dignissimos natus ut explicabo dolores. Accusamus enim est aut dolores quo aut.'),(182,'Dr. Dorris Watsica I','Mr. Merle Treutel PhD','Harum ea consequatur magni nihil nobis nostrum similique beatae. Fugiat sit quis veritatis totam. Perspiciatis qui quia fuga optio. Inventore ducimus id itaque eveniet inventore fugiat.'),(183,'Jean Pouros','Felix Davis','Mollitia et porro quia sunt voluptatem suscipit cum id. Ea debitis aut et. Vitae voluptas eum vel eligendi. Laudantium libero et hic.'),(184,'Prof. Eriberto Boyle II','Garrick Stracke','Dignissimos sed magnam quasi explicabo rem eius. Velit commodi quam placeat dignissimos. Veniam dolore tempora quis. Voluptatem et beatae unde sequi sit pariatur magni.'),(185,'Clementina Johnston','Emmet Kuhlman','Porro tempora voluptate ullam placeat sunt ea quasi. Distinctio est consequatur quia et.'),(186,'Jonatan Huel','Dr. Jamel Braun Jr.','Molestiae aut optio ad autem. Eveniet et at voluptatum. Odit aut eum eum necessitatibus laudantium.'),(187,'Rasheed Stark','Dr. Rosamond Boyer','Voluptas tempora adipisci impedit enim voluptatem saepe error. Rem placeat voluptas voluptatem fuga sapiente officia corrupti.'),(188,'Miss Mariana Deckow','Mr. Jennings Beahan I','Temporibus laborum molestiae perferendis enim molestiae exercitationem sed non. Qui enim laborum architecto vero tempore. Quas veritatis ut voluptatem aut sed beatae.'),(189,'Victoria Watsica','Tommie Kuhn','Corrupti sunt magnam tempore autem sunt ut. Facere harum autem et.'),(190,'Donny Ward','Miss Michaela Kemmer','Quia est dicta sunt accusamus. Vitae rerum dolorum laudantium amet possimus. Soluta quos ut pariatur placeat qui. Alias laborum saepe quia necessitatibus id.'),(191,'Alessia Sipes','Prof. Luna Koelpin','Voluptatem ullam voluptatum sunt enim impedit. Placeat laboriosam harum sit architecto quia explicabo dolore dolorem. Error qui in pariatur voluptatem repellat nisi blanditiis. Saepe blanditiis nesciunt consequatur sed.'),(192,'Mylene Batz','Dr. Tyrese Funk DDS','Et aut placeat mollitia dolor ut officiis. Corrupti similique laboriosam eum dolores. Earum sed ipsa ratione exercitationem ut adipisci. Rerum ut et aut ut.'),(193,'Prof. Neal Runte','Neal Graham','Aliquam excepturi suscipit aut minima magni quae. Dolor ut odio consequuntur eaque. Consectetur minima perspiciatis adipisci.'),(194,'Dr. Nella McKenzie V','Nickolas Cruickshank','Iure sunt consequatur et. Inventore reiciendis quis aut consequatur temporibus tempore dolor ut. Nesciunt natus nostrum repellendus.'),(195,'Millie Legros','Prof. Raleigh Lebsack','Sequi adipisci numquam harum. Explicabo voluptas aut animi distinctio distinctio voluptatem quibusdam. Maiores numquam aut est dolorum rerum. Quibusdam aspernatur praesentium vitae sed sed veniam perspiciatis. Reiciendis voluptatibus minima et optio cupid'),(196,'Juston Harris','Miss Chanel Russel MD','Ratione qui et numquam autem molestiae cumque. Sapiente deserunt nisi dolorum voluptatem earum. Totam rerum deleniti maiores quisquam veniam ratione.'),(197,'Maxie Rath','Cristina Price MD','Ut eaque reprehenderit porro sit. Sint est doloribus et sunt. Quis sed nostrum eum eum et. Doloribus beatae nam in.'),(198,'Dr. Sabrina Feil','Omer Schmitt','Itaque voluptatum placeat ipsum aut sunt. Qui vel est eligendi rerum qui enim sit. Ut maxime cum numquam repudiandae fugit quia. Nisi commodi magni fuga consequuntur doloribus et.'),(199,'Miss Lila Stark Sr.','Dr. Maribel Ledner','Enim accusantium aut nulla asperiores nihil totam minus. Nihil illo nihil quia nihil. Distinctio alias ut quisquam velit. Corrupti sit enim cum corporis magnam hic alias.'),(200,'Maybell Wunsch DVM','Terence Mraz','Sit vel consequatur eos aut velit molestias et nihil. Occaecati eveniet in quasi ad qui est qui. Et omnis minus a.'),(201,'Ernest Batz','Stephen Stroman','Facere quam ipsa quasi ab. Qui reprehenderit nam et nihil harum rem. Excepturi ipsam ipsam perspiciatis quo.'),(202,'Miss Myrtis Kautzer','Donato Prosacco','Ut cum ducimus numquam et ut et debitis est. Doloribus officiis porro quisquam eum odio tempore.'),(203,'Mr. Archibald Steuber','Zena Erdman','Earum sunt enim pariatur ea debitis qui qui. Illum assumenda aut perspiciatis repellat quae. Vel qui laudantium blanditiis et. Quia eaque ducimus dolor totam beatae hic error. Ipsa aut sit aliquid recusandae et unde.'),(204,'Lori Sawayn','Ms. Christiana Oberbrunner IV','Animi quae temporibus incidunt et sint esse tempore. Porro blanditiis quas cumque aut et impedit quae vitae. Eaque totam minus omnis dolores molestiae a consequatur voluptatem.'),(205,'Mrs. Christa Wyman Jr.','Maude Dach DVM','Inventore quos deserunt amet molestias est dolorum et. Dolorum non pariatur autem id pariatur et harum. Sed labore incidunt velit aliquam aperiam voluptas.'),(206,'Prof. Matilda Howe I','Tiffany Gleason','Et ducimus facilis libero sit mollitia recusandae. Facere et quasi voluptatibus blanditiis est. Iste est non dolorem atque mollitia architecto. Rem reprehenderit debitis harum rerum delectus et sed.'),(207,'Ms. Kianna Ruecker Sr.','Meggie Hyatt','Modi quas aut error et dolor. Rerum velit asperiores molestias. Inventore est non facere dolorum rerum adipisci quae.'),(208,'Allen Gaylord','Griffin Considine','A voluptates et officiis doloribus ut distinctio facilis. Odio voluptatum ad quis ducimus tenetur occaecati autem est. Ut similique doloremque similique quod.'),(209,'Prof. Favian Brakus DVM','Ima Simonis IV','Sequi cum est quis totam qui voluptatum repudiandae. Asperiores asperiores deleniti voluptatem adipisci quod iste. Impedit delectus minima nobis quibusdam.'),(210,'Jedediah Wiza','Jeremy Effertz I','Minus dolore aliquid non eveniet. Molestias rerum quasi voluptas et sint aperiam dolores. Optio eos magni magni nobis ex.'),(211,'Serenity Morissette','Orland Bashirian','Delectus cum et unde unde quas ex optio. Explicabo asperiores totam vel laborum qui velit possimus. Repellendus et qui occaecati excepturi cum et voluptatum. Nobis quis tenetur qui sed.'),(212,'Landen Hessel','Mr. Richard Corkery','Voluptatem odit et soluta enim esse recusandae culpa. Ea ut odit temporibus est minima ipsum.'),(213,'Ms. Winifred Ritchie III','Mr. Henri Mueller','Non molestiae deleniti ut. Qui totam ea et necessitatibus et. Ipsa aut dolorem cupiditate blanditiis delectus quis accusantium.'),(214,'Taurean Stracke','Rylan Klein','Repellat dolorum reprehenderit modi quibusdam nihil voluptas. Et autem qui suscipit qui mollitia voluptates. Nesciunt fugiat id et in quidem voluptatem.'),(215,'Dylan Keebler','Prof. Dessie Monahan Jr.','Qui esse ea nisi nulla quia. Asperiores quos voluptatem qui a eum harum velit et. Aperiam quia sed tenetur quas qui fugiat. Voluptatum eaque ullam quasi maxime voluptatem tenetur quod.'),(216,'Broderick Ledner','Verona Ryan Sr.','Illo labore optio occaecati et ut in sit. Beatae quo rerum dolorum sed rerum. Culpa rem dolore veniam dolorem enim id.'),(217,'Izabella Boehm','Carmelo Hintz','Dolorem sit ut aliquam molestiae sunt. Repellendus qui sapiente est in cum optio. Ut explicabo occaecati dolores quae. Soluta aut non earum dolor. Officiis doloremque sit ea recusandae fugiat corporis est.'),(218,'Prof. Greyson Corkery','Johnnie Pacocha','Consequatur inventore officia reprehenderit sit et ut dignissimos voluptas. Ullam quis accusamus sint explicabo. Vel dicta sed facilis rem repellat corrupti et.'),(219,'Dr. Raegan Ortiz MD','Miss Sienna Walter','Tempore nobis omnis qui autem sed harum omnis delectus. Itaque quisquam est deleniti dolore optio.'),(220,'Demario Muller','Trever Runolfsdottir','Numquam omnis sit similique quibusdam harum ea suscipit. Soluta rerum ut hic voluptas doloribus at. Aperiam reprehenderit quos ea ut est non.'),(221,'Andy Orn','Madalyn Konopelski MD','Dolor est consequatur fuga qui optio vitae. Dolor distinctio qui et enim vel quia.'),(222,'Marcos Fadel','Paolo Stiedemann','Ratione quia et et sequi ea recusandae illum aut. Fugiat voluptatem quia nam nemo hic voluptatibus deleniti. Natus aspernatur rerum culpa quis natus. Et fugit quia rerum earum ut.'),(223,'Dr. George Moore','Rowan Gerlach','Qui nobis distinctio velit nulla optio quae est. Totam aut veniam aliquam corrupti velit voluptas et. Rerum sit harum aut numquam. Dolores et libero qui. Harum error quidem neque eos et.'),(224,'Marcelina Armstrong IV','Heather Witting','Dolor autem nihil dolor. Quos ut sed et aspernatur ut. Consequatur molestias mollitia rerum nulla voluptatum aut.'),(225,'Bethel Hahn','Prof. Woodrow Marks Jr.','Ipsa ut ut totam veniam rerum. Velit sit eos est et nostrum est. Rerum minima tenetur explicabo non sunt. Et iure quaerat accusantium natus vero corporis consequatur.'),(226,'Brad Baumbach','Andres Kunde','Voluptatem earum aliquid voluptatem optio. Voluptate corrupti aperiam praesentium omnis et ut. Suscipit atque voluptatem ut eius nulla quae. Dolorem nihil amet a velit consequuntur eveniet.'),(227,'Dr. Geo Rohan','Edwin Mraz III','Omnis ducimus id occaecati deleniti est dolor aperiam. Quis sit deleniti neque omnis saepe nesciunt culpa voluptatibus. Animi porro voluptatum eveniet vel eum consequatur ad.'),(228,'Nigel Davis','Mr. Eriberto Stroman DVM','Eaque et tempore nobis unde et. Ipsa pariatur quae beatae quaerat sunt iure. Veritatis ad amet sed quos sunt. Eos voluptates mollitia autem ipsum in maiores eum.'),(229,'Gabrielle Collier','Keely Labadie','Consequatur dolores qui praesentium nesciunt nisi ex. Laudantium necessitatibus dolorem ullam accusantium nobis. Pariatur tempore dolorem labore illo perferendis. Hic delectus ratione quis maxime placeat a.'),(230,'Nia Windler','Prof. London Jacobs','Perspiciatis vitae doloribus autem et velit porro. Corrupti facilis expedita ut perferendis. Asperiores sed qui adipisci aspernatur sint iste. Natus cumque beatae sed animi dolor.'),(231,'Dr. Fidel Ruecker','Prof. Karolann Goldner','Ab ullam enim nulla at est maiores aut cumque. At officia enim excepturi rerum. Quasi rerum numquam animi ad minus.'),(232,'Pietro Turcotte MD','Mr. Reilly Kuvalis Jr.','Repellendus molestiae ipsum ut doloribus est. Enim nam alias ipsam ut. Qui temporibus ut eveniet odio labore eius error quia.'),(233,'Myrl Pacocha','Prof. Cristina Trantow Sr.','Praesentium perferendis facere quisquam ipsam ipsa ratione assumenda. Ut aut et eius alias fugit. Maxime quas praesentium consequatur sit. Libero reiciendis debitis impedit nam fugit ut.'),(234,'Miss Santina Hartmann','Willy Hackett','Repellat asperiores repellat corporis porro ratione. Voluptas saepe dignissimos molestias qui. Est soluta cum ut voluptas accusantium quia voluptatem ipsam.'),(235,'Josh Doyle PhD','Prof. Hobart Goodwin PhD','Voluptas optio optio nihil nisi perferendis enim. Vero dolore sint et aut ut accusantium. Perferendis in qui aliquid beatae placeat.'),(236,'Mr. Fritz Collins','Malachi Schulist I','Ipsam eius sequi sed quaerat eius architecto. Reprehenderit sequi asperiores quas placeat dolores esse. Id in dolore cupiditate.'),(237,'Hayley Spinka','Jasper Kuvalis V','Architecto eligendi similique quidem enim. Eligendi aut repellat quam dignissimos quia tempora possimus accusamus. Dolores et est ipsam ipsum placeat. Ut dolor quod beatae commodi perferendis.'),(238,'Elenor Collier','Prof. Norene Jenkins','Dolores consectetur voluptas et omnis quibusdam magni. Natus commodi at officiis ut repudiandae quia aspernatur nemo. Qui reiciendis magnam quaerat minima impedit officia ea. Recusandae cum placeat quasi neque et.'),(239,'Sanford Herman','Dr. Giles Ruecker','Doloremque a cumque tempore. Neque vel qui quos provident reprehenderit animi. Dicta dolores id maxime et harum.'),(240,'Dr. Bryce Heaney I','Winnifred West','Rerum perferendis sunt sit id. Eos laboriosam ad error et ad. Non expedita aliquam ut eos. Voluptates enim aliquid velit porro quaerat aut. Dolores ratione velit qui modi eum.'),(241,'Vivian Turcotte','Miss Noemi Senger','Alias accusamus et illum sed. Delectus a dolores id aliquid nihil.'),(242,'Arely Medhurst','Prof. Velma Jakubowski','Voluptates accusamus minima deleniti at voluptas consequatur qui. Quia assumenda quia quo quia ab recusandae non. Voluptas et et ratione sit sint. Est fuga maxime fuga alias.'),(243,'Ottilie Flatley','Abner Goyette','Qui omnis soluta repudiandae magni nemo deleniti vero. Dolorem iste aliquam facilis enim. Rerum qui consectetur doloremque iste similique explicabo. Dolore ab autem quidem amet iste dignissimos in.'),(244,'Alexandra O\'Connell','Natalia Greenfelder','Quibusdam expedita voluptatem maiores. Aspernatur sunt reiciendis et voluptate. Et in eos sint est sunt qui. Voluptas laborum nihil id.'),(245,'Brigitte Hickle','Loyal Abernathy','Et dolor nostrum aut eos voluptas sed. Consequatur ratione nemo accusantium eaque sint recusandae quaerat vel. Culpa explicabo eius laboriosam voluptate aut. Id expedita atque officiis dicta. Nemo rem beatae nemo debitis ut.'),(246,'Fay Veum','Grover Sporer II','Ea autem asperiores nesciunt iste qui. Nesciunt autem qui in quos eius. Quia sapiente unde et nihil nesciunt maxime.'),(247,'Mikel Rippin','Ericka Raynor','Est sunt autem est ut unde sed architecto. Quia aut dolores nihil voluptate. Illum similique pariatur sed numquam aut asperiores. Est quia et et.'),(248,'Mertie Little','Miss Palma Kertzmann DVM','Qui velit maiores ad voluptatem molestiae. A minima ut quos nihil veritatis velit facere. Quia dolores labore fugiat autem totam provident.'),(249,'Miss Reyna Ledner','Estevan Jakubowski','Quia ipsam est adipisci necessitatibus aut. Porro excepturi minus excepturi fuga amet eligendi. Quidem quidem blanditiis consectetur reiciendis qui. Vitae quos ut blanditiis.'),(250,'Jaquelin Daniel','Jena Terry','Aut voluptatem magni optio velit molestias repudiandae quam ex. Deserunt maxime sunt temporibus quis et cupiditate nobis. Sit doloremque dolore unde maiores at qui quis. Minima ea laboriosam ex debitis tenetur. Id saepe porro veniam et reiciendis autem re');
/*!40000 ALTER TABLE `authors` ENABLE KEYS */;
UNLOCK TABLES;

--
-- Table structure for table `books`
--

DROP TABLE IF EXISTS `books`;
/*!40101 SET @saved_cs_client     = @@character_set_client */;
/*!50503 SET character_set_client = utf8mb4 */;
CREATE TABLE `books` (
  `id` int unsigned NOT NULL AUTO_INCREMENT COMMENT 'УИД книги',
  `product_id` int unsigned NOT NULL COMMENT 'Идентификатор товара',
  `publishing_house_id` int unsigned NOT NULL COMMENT 'Идентификатор издательства',
  `series_id` int unsigned DEFAULT NULL COMMENT 'Идентификатор серии',
  `genre_id` int unsigned NOT NULL COMMENT 'Идентификатор жанра',
  `author` varchar(255) COLLATE utf8mb4_unicode_ci NOT NULL COMMENT 'Автор',
  `language` varchar(5) COLLATE utf8mb4_unicode_ci NOT NULL COMMENT 'Язык',
  `year` int NOT NULL COMMENT 'Год издания',
  `isbn` varchar(35) COLLATE utf8mb4_unicode_ci NOT NULL COMMENT 'ISBN',
  `number_pages` int NOT NULL COMMENT 'Кол-во страниц',
  `circulation` int NOT NULL COMMENT 'Тираж',
  `new` tinyint(1) NOT NULL,
  `miniature` tinyint(1) NOT NULL,
  `created_at` datetime DEFAULT CURRENT_TIMESTAMP COMMENT 'Время создания строки',
  `updated_at` datetime DEFAULT CURRENT_TIMESTAMP ON UPDATE CURRENT_TIMESTAMP COMMENT 'Время обновления строки',
  `name` varchar(255) COLLATE utf8mb4_unicode_ci NOT NULL COMMENT 'Название',
  `cover_type_id` int unsigned NOT NULL,
  PRIMARY KEY (`id`),
  KEY `books_product_id_fk` (`product_id`),
  KEY `books_publishing_house_id_fk` (`publishing_house_id`),
  KEY `books_series_id_fk` (`series_id`),
  KEY `books_genre_id_fk` (`genre_id`),
  KEY `books_cover_type_id_fk` (`cover_type_id`),
  CONSTRAINT `books_cover_type_id_fk` FOREIGN KEY (`cover_type_id`) REFERENCES `cover_types` (`id`),
  CONSTRAINT `books_genre_id_fk` FOREIGN KEY (`genre_id`) REFERENCES `product_types` (`id`),
  CONSTRAINT `books_product_id_fk` FOREIGN KEY (`product_id`) REFERENCES `products` (`id`),
  CONSTRAINT `books_publishing_house_id_fk` FOREIGN KEY (`publishing_house_id`) REFERENCES `publishing_houses` (`id`),
  CONSTRAINT `books_series_id_fk` FOREIGN KEY (`series_id`) REFERENCES `series` (`id`)
) ENGINE=InnoDB AUTO_INCREMENT=251 DEFAULT CHARSET=utf8mb4 COLLATE=utf8mb4_unicode_ci COMMENT='Книги';
/*!40101 SET character_set_client = @saved_cs_client */;

--
-- Dumping data for table `books`
--

LOCK TABLES `books` WRITE;
/*!40000 ALTER TABLE `books` DISABLE KEYS */;
INSERT INTO `books` VALUES (1,58,32,41,37,'Patsy Wuckert','ge',1987,'149-8-216-05-241-8',492,55585,1,0,'2020-08-06 14:34:46','2020-12-14 12:49:04','Yuxhpfddg savejhgjf vogpffmsf',0),(2,146,41,NULL,40,'Mrs. Dariana Jones','ge',1977,'739-7-668-61-553-0',601,43942,1,1,'2020-03-13 21:54:46','2020-12-14 12:49:04','Wwqqeyitv xaipbmfnb pyyyyviae',1),(3,97,96,37,41,'Miss Julia Weimann V','ge',1998,'601-2-139-67-870-3',691,85232,1,1,'2020-02-24 12:13:19','2020-12-14 12:53:41','Uqtutilfp lkpxrttlx gobmjjqds',3),(4,127,15,95,38,'Maxine Howe','en',1975,'792-7-082-28-272-3',563,31013,0,1,'2020-01-23 12:10:54','2020-12-14 12:53:41','Fxbjqevvo kgaintdif daqggnwws',3),(5,96,42,9,48,'Xzavier Kassulke','en',1983,'183-5-358-35-273-8',817,34184,1,0,'2020-07-14 23:46:44','2020-12-14 12:49:04','Xpezlihkg wrvcympnw tdigjysri',2),(6,181,47,NULL,50,'Bonita Heller','ge',1994,'576-3-134-66-569-8',229,23769,1,1,'2020-06-28 17:17:25','2020-12-14 12:53:41','Pcmhxtynv mbqexbnkm fmxcqbhiq',1),(7,99,43,NULL,41,'Octavia Cartwright III','en',2006,'897-8-770-33-296-7',194,95587,1,0,'2020-08-23 19:29:35','2020-12-14 12:49:04','Iuyjytyml upsrjripz fygjbfujm',2),(8,33,51,NULL,50,'Martina Wunsch','en',2016,'667-6-055-64-214-9',324,77782,1,0,'2020-12-13 05:17:26','2020-12-14 12:53:41','Iilhbmejj uvwthbmdh xvmwyfbpx',3),(9,44,66,6,40,'Dr. Angie Jones Jr.','ru',1990,'653-9-204-86-737-8',467,78144,0,0,'2020-12-26 03:36:05','2020-12-14 12:53:41','Vkomrbcij wgoeehwny giufltjpw',1),(10,147,53,42,37,'Oda Nikolaus III','en',2007,'636-4-685-38-943-9',281,27075,0,0,'2020-08-14 00:28:16','2020-12-14 12:53:41','Ndarkwfln jdqvfnxeb qdqufnyff',3),(11,190,2,NULL,50,'Andre Veum III','ru',1986,'004-2-844-71-381-6',11,51195,0,1,'2020-10-06 22:36:28','2020-12-14 12:49:04','Jhitwctnh wqmngnydv vqpfgmtih',1),(12,155,27,NULL,38,'Malvina Bergnaum','en',1975,'640-7-819-66-625-7',385,74446,1,0,'2020-11-10 00:18:57','2020-12-14 12:49:04','Nwqrlelsk rinsyrotc dhexeaotb',2),(13,29,91,38,48,'Mr. Rosario Franecki I','ru',1995,'805-2-357-65-358-0',175,15988,1,0,'2020-03-21 10:22:18','2020-12-14 12:49:04','Axpecuwxb jtsilfqox yxwncusfu',2),(14,123,40,NULL,42,'Aida Legros','en',1994,'207-5-517-67-870-1',780,12646,1,0,'2020-03-31 17:42:19','2020-12-14 12:53:41','Nefpjyrpz dqwkjqcom sgajsnklb',0),(15,42,43,NULL,47,'Prof. Samara Veum PhD','en',2001,'534-0-824-50-473-3',685,49437,1,1,'2020-02-21 09:03:43','2020-12-14 12:49:04','Wkjmidpty pzgecbvcw dzoxujjrj',0),(16,164,39,42,44,'Nick Vandervort III','en',1985,'884-7-069-52-493-5',741,66941,1,1,'2020-03-20 08:52:55','2020-12-14 12:49:04','Rlcbayrmm yjvcypeyi sreungphq',0),(17,162,34,7,47,'Prof. Rowena Schmitt III','en',2013,'386-5-188-95-216-7',66,28066,0,0,'2020-11-27 06:27:42','2020-12-14 12:49:04','Itvyfdzpy agctppgkh hmnegsyrk',0),(18,16,40,NULL,47,'Cynthia Toy','ru',1991,'651-6-967-53-556-4',367,93865,0,0,'2020-07-31 09:06:12','2020-12-14 12:53:41','Xnvogobos wegswgnvs bayvibgcp',1),(19,94,74,37,39,'Marguerite Konopelski','ge',2004,'050-9-098-36-042-3',261,96523,1,1,'2020-05-03 10:15:09','2020-12-14 12:53:41','Uhzbhgljn nctqwlnkk vwblbystn',3),(20,70,19,20,43,'Eden Bruen','ru',1975,'957-4-050-91-063-6',515,69017,1,1,'2020-06-09 23:53:02','2020-12-14 12:49:04','Hyxtymolm ehwofiabg csjoujhli',2),(21,16,4,NULL,46,'Kelly Luettgen','ru',1992,'792-8-846-52-143-2',355,10738,0,0,'2020-01-24 12:37:42','2020-12-14 12:53:41','Hovplmzns xnvrtusfx ybioswhvg',2),(22,133,98,NULL,50,'Chandler Metz','en',2006,'826-6-691-71-964-6',621,46816,0,0,'2020-08-26 19:05:21','2020-12-14 12:53:41','Tgsyoxxwp ivibhghvf ogoyfcusg',0),(23,163,24,36,47,'Mackenzie Schowalter','ge',1970,'265-8-295-50-155-5',65,2262,0,1,'2020-06-02 07:04:33','2020-12-14 12:53:41','Akzsshiuc yqffiyvjh hpeyhpezl',3),(24,153,31,7,44,'Andres Witting','ru',2018,'969-1-402-80-435-6',10,40711,1,1,'2020-06-20 01:26:17','2020-12-14 12:49:04','Hevvpmnhs uxeznqnvo hsskweflr',0),(25,111,83,4,40,'Monique Wilkinson IV','ru',2013,'801-7-802-60-204-1',398,41642,1,0,'2020-08-07 05:42:10','2020-12-14 12:53:41','Dpoydrbes fryqjxnvo iytxjbdmy',1),(26,68,54,33,48,'Prof. Gust Kautzer DDS','en',2020,'179-7-283-61-650-6',74,57173,0,1,'2020-11-12 11:48:26','2020-12-14 12:53:41','Llupodykd ijsnnyjua pagfgqkfr',0),(27,51,71,32,47,'Orval Kessler','ru',1973,'167-2-108-77-395-1',804,21291,0,0,'2020-01-21 17:04:57','2020-12-14 12:53:41','Vgofgnbno htuwwtdhe wxcmguhaf',2),(28,71,12,82,44,'Michel Roob Jr.','ru',2012,'089-2-362-80-603-7',912,81313,1,1,'2020-11-20 02:26:35','2020-12-14 12:53:41','Xewbmguji qcopglmcz rnmupqkbz',1),(29,100,62,12,40,'Prof. Gerda Schmidt PhD','ge',2013,'003-8-159-70-634-6',482,44498,1,0,'2020-11-18 14:56:56','2020-12-14 12:53:41','Wlnibhhoa implksmdf qqfdbtsjq',1),(30,130,47,NULL,48,'Torrey Orn','ru',2007,'417-7-501-31-277-4',134,88831,0,1,'2020-05-23 20:42:04','2020-12-14 12:53:41','Bjrggmsbd mbsnkjtpv hzbhghueh',0),(31,106,41,NULL,49,'Miss Adrienne Schoen','ru',1982,'385-1-411-54-113-8',950,48657,0,0,'2020-08-21 05:35:20','2020-12-14 12:49:04','Ailgxwoee ievrxmpsq dtileneej',2),(32,66,17,67,42,'Saul Mann','en',1979,'117-9-457-35-736-6',570,26443,1,0,'2020-07-28 18:37:30','2020-12-14 12:49:04','Hlhduolly mlvuojerz xnydvumyk',1),(33,77,4,NULL,46,'Prof. Lorenza McCullough','en',2010,'827-3-946-30-313-3',909,41069,0,1,'2020-12-15 00:12:42','2020-12-14 12:53:41','Dnddgvnct niesgycoo bmkmhzcim',3),(34,119,92,NULL,37,'Eloise Treutel','en',1981,'013-5-018-72-922-6',512,32146,1,1,'2020-05-27 12:37:08','2020-12-14 12:53:41','Lwcpwnyhm poygefocv vrxnvoljp',0),(35,55,49,73,49,'Marcos Mills','ge',2002,'797-4-871-99-260-0',86,26696,1,1,'2020-02-20 04:16:05','2020-12-14 12:53:41','Xuemvwvmw yghqlgxvn bqcmgrttn',2),(36,76,60,NULL,47,'Rosina Jaskolski','ru',1982,'948-4-414-84-824-3',353,21278,0,0,'2020-03-27 15:00:24','2020-12-14 12:53:41','Gtauwborq feeicktsf vqpdsjnqo',2),(37,21,51,NULL,40,'Rosalyn Gutmann','en',2003,'881-3-869-53-351-2',386,1046,1,1,'2020-12-15 09:28:21','2020-12-14 12:53:41','Vrtushebr jqevscfte nddfrsoru',3),(38,47,77,NULL,46,'Jadyn Schroeder PhD','en',1989,'201-2-484-98-928-9',611,43573,1,1,'2020-12-09 08:00:26','2020-12-14 12:49:04','Vakwjbcks kuvvrvczq hkgbkvbto',0),(39,181,32,79,47,'Dr. Laurie Lowe Sr.','ru',2006,'438-5-838-94-644-9',317,19080,1,0,'2020-02-13 15:35:59','2020-12-14 12:53:41','Nygkeqsrg gkhhmqror sqbgajtsh',2),(40,13,40,NULL,40,'Olga Goodwin','ru',2017,'536-9-638-06-443-8',267,29208,1,1,'2020-11-24 06:43:51','2020-12-14 12:49:04','Iuzpxvmxb mfrtrfyhk gxxtccfsc',1),(41,86,96,56,45,'Prof. Jazlyn Swift','ge',2005,'416-0-678-27-328-2',554,56579,1,0,'2020-02-24 17:12:51','2020-12-14 12:53:41','Dojethdtj osypcrckt njimnbqds',1),(42,46,35,57,42,'Christop Hoppe','ge',1996,'918-9-986-81-122-5',781,66989,1,0,'2020-12-11 03:03:29','2020-12-14 12:53:41','Gezlhbiow qntdlvupm rwlmejjqf',1),(43,103,62,68,42,'Mozell Zieme','ru',1990,'242-7-100-72-079-4',559,79360,1,0,'2020-06-11 23:23:36','2020-12-14 12:49:04','Aoruyjaxp ezmnbsldi dqufpivgq',0),(44,88,83,66,43,'Teagan Steuber','ru',1982,'702-9-241-40-313-5',232,14977,1,1,'2020-11-04 13:15:58','2020-12-14 12:53:41','Nrwjdlzns zvddgvncv wxyagbpwq',3),(45,168,23,9,44,'Taylor Ledner','ru',1999,'032-3-155-50-021-6',569,14223,0,0,'2020-10-19 02:15:13','2020-12-14 12:53:41','Mpmomppgk ijuxdymmw ctlbvcxhr',1),(46,144,78,NULL,38,'Raul Satterfield','en',2005,'996-5-262-28-448-7',204,31181,0,1,'2020-01-14 00:15:39','2020-12-14 12:53:41','Pzdonvtgx ugxuigeei dqwnxblzr',3),(47,112,8,7,41,'Justina Hilpert','ru',1981,'828-7-708-99-011-2',555,92921,1,0,'2020-03-21 08:27:02','2020-12-14 12:49:04','Mlreqstop jxoyexcqc jnoiubuwy',0),(48,118,53,42,43,'Jess Block','en',2014,'663-4-445-74-555-4',811,48017,1,0,'2020-11-01 14:45:52','2020-12-14 12:49:04','Gkgyclddi hkftgwrso qnqqggodx',0),(49,115,92,NULL,38,'Prof. Shania Nitzsche','ru',2008,'072-2-731-29-712-9',61,1358,0,1,'2020-08-31 18:59:00','2020-12-14 12:49:04','Fhsvbsjri nteogphqg kftgwsawk',1),(50,188,19,65,39,'Felix Miller DVM','en',1998,'822-4-068-85-536-5',883,63806,0,1,'2020-11-01 17:56:14','2020-12-14 12:53:41','Imluquehw rqhlhcrdm buwyexcpv',3),(51,59,36,NULL,37,'Burley Glover MD','ru',2016,'386-7-272-85-277-9',916,94133,1,0,'2020-02-25 21:29:41','2020-12-14 12:53:41','Ifbosypdw zhkerxpey jxoydsfwv',3),(52,79,46,37,44,'Mr. Jackson Hane MD','ge',2006,'900-5-879-81-617-8',856,72763,0,0,'2020-08-06 04:51:39','2020-12-14 12:53:41','Plmymltme ibjqbiotd korpbkwgm',3),(53,110,37,19,42,'Maribel Gorczany DDS','en',1975,'835-2-862-10-558-1',332,28339,0,0,'2020-05-27 09:18:37','2020-12-14 12:49:04','Rdnehxvji ovognxcoq ouhaggmom',2),(54,200,15,83,49,'Imelda Lang','ge',2010,'272-4-017-24-891-1',655,26443,1,0,'2020-09-04 18:42:03','2020-12-14 12:53:41','Pssldhxvn yhnujjtrd nibgbosuv',3),(55,200,55,NULL,38,'Omari Padberg','ge',1982,'714-1-564-13-908-9',513,88731,0,1,'2020-05-27 22:53:47','2020-12-14 12:53:41','Vthbkwhqk dhfbpvknl omrbfuncv',2),(56,169,28,NULL,47,'Al Emard','en',2009,'399-7-033-44-970-0',905,49059,0,1,'2020-11-18 09:46:50','2020-12-14 12:49:04','Xfegrsorq drdpoydvt gydrzzytx',0),(57,60,15,90,49,'Carmella Friesen','ru',2001,'025-9-295-04-623-4',138,2104,0,1,'2020-08-07 18:23:29','2020-12-14 12:53:41','Ixnwwtdgy biotfpmpp eykdifegp',2),(58,63,32,27,40,'Wallace Boehm','ge',1976,'469-9-667-50-560-4',951,95291,0,1,'2020-12-27 10:22:35','2020-12-14 12:53:41','Jcgaimogo ezouigfgq mluryvfnz',1),(59,151,28,NULL,46,'Antonette Veum','ru',2003,'288-2-206-25-707-3',420,37294,1,1,'2020-09-21 11:12:34','2020-12-14 12:53:41','Kbbaxpebq fbotccfrv ejfakbzvg',0),(60,110,55,NULL,47,'Earl Kuphal','en',1989,'701-8-715-08-149-2',410,73116,0,1,'2020-06-19 01:48:00','2020-12-14 12:49:04','Rvaosxlma rinqpebqc nkmcyqisn',0),(61,93,80,32,46,'Shane Eichmann','ge',2001,'933-5-538-67-828-5',99,30681,1,1,'2020-03-19 17:56:52','2020-12-14 12:53:41','Ncslbvcxl hfcuvthdt krioukony',2),(62,51,31,6,43,'Jamil Weber','ru',1979,'408-9-365-32-290-4',324,38378,1,0,'2020-10-02 05:49:02','2020-12-14 12:49:04','Fhsslcdjj uxdvwybhk cgahljlcd',0),(63,25,99,40,38,'Misael Yost II','en',1998,'556-2-848-38-979-4',832,11157,0,1,'2020-01-15 00:56:42','2020-12-14 12:49:04','Ktomsdneg tzspufoix pfehwpitx',2),(64,37,11,NULL,48,'Dr. Layla Shields','ge',2006,'391-0-463-85-943-5',837,74664,1,0,'2020-11-08 07:44:43','2020-12-14 12:53:41','Ivgrpbjsp suwajuznr sqckvbqes',2),(65,22,7,29,46,'Geovany Kihn','en',1999,'217-9-951-35-042-3',11,6520,0,1,'2020-12-18 21:31:16','2020-12-14 12:49:04','Gexecwgnu nfkiorvfj gdwdwdznq',2),(66,29,19,33,50,'Maverick Nitzsche','en',1999,'101-0-889-14-557-0',722,91130,1,1,'2020-06-25 10:13:38','2020-12-14 12:53:41','Pdvvrvddh zevqqjxll wbqclaspv',3),(67,194,47,NULL,46,'Elva Connelly II','en',1974,'870-8-317-87-219-3',422,43078,1,0,'2020-01-21 17:33:59','2020-12-14 12:53:41','Jiovmyjwj etiipdsfx wtceqqjuw',2),(68,157,9,78,42,'Mr. Florian Gislason DDS','ge',1974,'471-7-559-48-811-6',159,48680,1,0,'2020-09-09 22:21:25','2020-12-14 12:53:41','Yggmtkqbh hnvrvcwdz pbjsoqoxu',0),(69,25,9,61,37,'Reagan Jones','en',1981,'432-4-888-26-744-1',562,22499,0,0,'2020-03-16 02:48:35','2020-12-14 12:49:04','Hewxyclcz tutjnndzo wsyqipewa',1),(70,120,46,14,42,'Pascale Abernathy','ru',1973,'496-4-038-25-587-4',514,68760,0,1,'2020-01-18 18:45:05','2020-12-14 12:53:41','Kbzvejimk rcimlsijv ehvlrdoms',1),(71,188,20,NULL,47,'Kamille O\'Kon','ge',1999,'323-4-307-10-188-3',914,17242,0,1,'2020-03-20 09:25:31','2020-12-14 12:53:41','Dnddelsge xhoblemxc tlweddfru',3),(72,109,82,90,40,'Dina Pfannerstill','ge',1995,'374-2-410-98-648-5',114,19768,1,1,'2020-01-12 00:09:34','2020-12-14 12:53:41','Xitvvtgxy bilgxuigf htyovnfiy',2),(73,128,85,38,50,'Lily Von','ge',2016,'201-0-149-77-045-5',995,31639,0,1,'2020-05-22 11:44:38','2020-12-14 12:53:41','Yxqotdkpv haevqqjvf mtjotdjjt',3),(74,187,38,59,42,'Kraig Welch','ge',1984,'114-1-801-40-862-1',560,20399,1,0,'2020-10-23 23:10:14','2020-12-14 12:53:41','Sjnqoyewv pmrvhufof khhoycpqm',2),(75,79,33,82,39,'Mrs. Elsa Bosco','en',1990,'488-5-903-83-112-1',851,28581,0,0,'2020-04-28 01:04:38','2020-12-14 12:53:41','Ksjotekpv knhyvidoo zirjvbuuo',0),(76,116,3,20,46,'Camila Von','ru',1977,'019-0-388-02-395-3',748,48887,1,0,'2020-09-27 21:11:22','2020-12-14 12:53:41','Jilfrtslx kgbmemuqw ibikyssku',0),(77,190,76,NULL,45,'Prof. Andre O\'Conner DVM','ge',1982,'661-0-514-55-690-1',848,95199,1,0,'2020-09-01 21:28:30','2020-12-14 12:53:41','Uqvgrrjvb rgfgstpvh ywpiuddfs',2),(78,148,73,41,50,'Daphne Sanford','en',1992,'620-4-704-31-325-4',162,98820,1,0,'2020-08-01 22:50:36','2020-12-14 12:53:41','Awiywnalf qqipduolm cyqjtusdk',3),(79,69,80,56,44,'Major Quitzon','ge',2007,'093-7-195-53-644-8',799,84310,0,1,'2020-02-27 15:10:52','2020-12-14 12:49:04','Smfpjayue lrchfcxhq lgvmwbldf',0),(80,38,63,7,39,'Kamille Rau','en',2011,'055-4-280-13-101-8',895,9606,1,1,'2020-02-08 03:45:46','2020-12-14 12:53:41','Sztxglolm bwfibikbb dkpvkldfp',2),(81,175,81,97,41,'Ms. Ariane Lebsack','ge',1998,'167-8-673-93-739-7',694,45719,1,0,'2020-04-04 14:46:30','2020-12-14 12:53:41','Jcjoqmmcv zlhbhjwkk sjqgeejhi',1),(82,84,35,8,50,'Ryley Gleason','ge',1985,'572-9-431-74-170-4',988,70111,0,0,'2020-11-05 11:05:32','2020-12-14 12:53:41','Tykfrwibf xwszttqwl nhvloobnl',3),(83,117,7,32,44,'Prof. Hazel Fritsch','en',1980,'470-3-346-63-973-4',172,53927,1,0,'2020-12-13 04:55:43','2020-12-14 12:49:04','Rgyfdaqfc tqyucbyqi rkbysrgct',0),(84,172,91,99,47,'Thora McDermott','en',1984,'417-5-504-25-230-4',837,28399,0,0,'2020-06-18 00:47:29','2020-12-14 12:53:41','Ptyllusfv rtvuqrnnc wbrfzjuyj',0),(85,178,13,11,40,'Brad Schinner','ge',1979,'969-6-841-15-309-6',738,86958,0,0,'2020-07-18 03:47:32','2020-12-14 12:53:41','Wnvpmrwia bhgjdmdbw iabfujmie',1),(86,87,39,33,39,'Kylie Koelpin','ge',1986,'150-1-211-14-016-0',710,60642,1,1,'2020-10-24 19:10:20','2020-12-14 12:53:41','Urysslcav flnkinned emykbyubv',3),(87,92,21,47,38,'Hallie Kuhn','en',2006,'825-4-632-76-289-0',311,37857,0,0,'2020-02-23 21:48:58','2020-12-14 12:49:04','Aqdprpyxu hybhiuarg hssnickuv',2),(88,69,55,NULL,42,'Jefferey Dibbert','ru',1975,'584-3-661-74-687-4',152,98410,1,1,'2020-10-21 14:45:46','2020-12-14 12:53:41','Raysskvan plmapxxtd ftcgxxvmw',1),(89,83,47,NULL,45,'Ms. Tania Bruen DVM','en',1984,'008-8-710-13-916-3',325,4330,0,1,'2020-03-12 00:08:45','2020-12-14 12:49:04','Vscgwrsos vddekmhyw qlkpudiex',0),(90,154,94,81,43,'Hugh Kuhn','ge',2003,'911-1-774-76-478-1',918,50677,1,0,'2020-03-07 22:47:52','2020-12-14 12:49:04','Ajuwcqyvl rabfvnfms epmsdkrdr',0),(91,166,52,34,43,'Maximilian Daniel','en',2005,'143-8-414-06-826-1',784,81409,1,0,'2020-01-26 07:23:18','2020-12-14 12:49:04','Xsutmegsw jaachebrj qdunhvhzc',0),(92,26,52,32,42,'Guadalupe Abbott','ge',1989,'390-4-399-65-833-9',441,77659,1,1,'2020-05-26 13:15:35','2020-12-14 12:53:41','Jqbktopis tpsuxbptb vfmrbfumb',3),(93,128,8,62,45,'Wilfrid Gleason','ru',1972,'744-6-192-25-487-7',756,79345,0,0,'2020-08-28 21:33:03','2020-12-14 12:53:41','Ripconxzg hrpxugsyq juxezovog',3),(94,160,88,96,44,'Nicolette Watsica','ge',1986,'454-2-184-46-051-1',442,20783,1,1,'2020-01-04 13:28:54','2020-12-14 12:53:41','Nakbwjdmd fncwbqcnj gcqywphpd',2),(95,42,61,42,40,'Clemmie McLaughlin','ge',2003,'624-1-923-28-321-1',804,81160,0,1,'2020-02-04 16:55:44','2020-12-14 12:53:41','Tpodusgaj smicngtyp execwdbwe',2),(96,174,16,45,38,'Rebecca Little','ge',1971,'799-2-801-76-363-8',49,13979,0,0,'2020-04-08 06:22:30','2020-12-14 12:49:04','Eknlryucz sqdprqetm apcnkiosa',2),(97,106,56,31,47,'Dr. Santa Bednar','en',1989,'701-0-007-16-086-8',759,16831,1,0,'2020-07-06 12:02:24','2020-12-14 12:53:41','Ucxmnegsv btqyxrpbk uuqudfqqh',1),(98,153,15,32,43,'King Hintz','ru',1970,'833-0-520-19-314-2',860,77563,0,0,'2020-03-15 10:39:00','2020-12-14 12:49:04','Kigjaabci jttpqljjt upoctolol',2),(99,66,86,12,41,'Mr. Erling Cruickshank IV','ru',2005,'450-5-001-80-311-7',715,91855,1,0,'2020-12-31 12:06:54','2020-12-14 12:53:41','Nkkutmddg wplheammx eykepnulv',1),(100,40,38,79,43,'Prof. Dayana Wintheiser','en',1973,'185-6-265-33-852-2',773,44440,1,0,'2020-11-21 19:28:28','2020-12-14 12:49:04','Xblekprri ntdjnlrbf wtdjmjjpb',2),(101,113,2,NULL,37,'Howell Hackett Jr.','ru',2018,'009-3-876-29-539-8',660,94508,1,0,'2020-07-06 06:56:55','2020-12-14 12:53:41','Ipybgezot cepntgxxw qovoiwloo',1),(102,116,80,8,49,'Teresa Wintheiser','en',2013,'001-3-555-51-108-6',138,86941,1,1,'2020-01-26 13:08:12','2020-12-14 12:53:41','Yirjvapze thgkeojfv rvegufohs',1),(103,60,80,58,43,'Santina Harber','ge',1989,'206-7-662-55-266-2',233,20995,0,0,'2020-03-28 17:13:37','2020-12-14 12:53:41','Rlypcnmum cattoobno dykeokhgk',0),(104,43,9,51,43,'Kathlyn Parker','en',1979,'876-5-635-94-611-1',493,5695,0,0,'2020-08-06 05:11:28','2020-12-14 12:49:04','Fxwpljmif yipcopivf mtijwkfxy',2),(105,123,78,NULL,50,'Jordi Sporer DVM','ge',2018,'938-7-565-46-036-6',342,42214,0,0,'2020-12-01 20:51:56','2020-12-14 12:53:41','Yclarkwfi dqubtsjqb inpjdnehz',3),(106,4,61,13,45,'Jimmy Jacobs V','en',1989,'953-6-027-07-448-8',446,83497,0,1,'2020-08-04 04:54:36','2020-12-14 12:53:41','Cmekmguem vwujmifbn ncwebuxgi',3),(107,64,47,NULL,38,'Mr. Jalen Gleason','ru',1990,'248-7-381-06-051-9',210,80647,0,1,'2020-07-14 06:09:24','2020-12-14 12:53:41','Xrotcgvpm poxahhqkb xoctnhwnz',2),(108,32,93,98,43,'Mona Stokes','en',2017,'572-2-202-28-204-0',773,96573,0,0,'2020-02-18 06:01:31','2020-12-14 12:49:04','Kcemapwqn scftepnte qqkztweei',1),(109,87,74,4,42,'Polly Murazik','en',1983,'039-9-988-17-138-0',497,58965,1,0,'2020-09-16 06:09:23','2020-12-14 12:53:41','Binqoyewx ahjbzvhwo ecxlmyjzv',3),(110,18,69,44,39,'Brown Mann','ge',2020,'132-8-784-46-577-0',628,28612,1,0,'2020-02-04 02:57:27','2020-12-14 12:53:41','Foeegtavf mtlyjyrml tmdcccgah',1),(111,198,79,3,38,'Jennings McLaughlin','ru',1988,'574-2-714-54-504-9',197,83292,0,0,'2020-12-07 03:06:59','2020-12-14 12:53:41','Ligivgtyn ulupsrinr vdekmhvko',3),(112,117,54,2,48,'Prof. Percy Huels PhD','en',2005,'762-9-544-28-585-6',681,35533,0,0,'2020-07-05 07:39:49','2020-12-14 12:53:41','Mumzpxwpi vgsuyirnn cuuqsqdrb',2),(113,45,69,38,50,'Arielle Williamson','ge',1981,'870-1-602-05-757-5',101,56609,0,1,'2020-06-13 10:54:52','2020-12-14 12:49:04','Dokijvfjh jwichhmqu zpyyyywoc',0),(114,23,23,12,43,'Vaughn Heathcote','en',1992,'673-9-326-54-220-9',764,40561,0,1,'2020-11-14 14:44:17','2020-12-14 12:53:41','Rjpxwncvw xybjoujiq evumykcft',1),(115,87,41,NULL,37,'Randal Franecki III','ru',1995,'011-8-913-43-024-5',211,40238,0,0,'2020-09-09 08:25:47','2020-12-14 12:53:41','Ftgujlcbc dmyjwjgak xmollxfjd',3),(116,75,79,5,43,'Dr. Brandon Bednar','ge',1982,'328-1-229-97-344-1',765,93562,0,0,'2020-07-13 15:20:10','2020-12-14 12:53:41','Mfknkkvwb lfqoulvwt gycnibhhq',3),(117,100,24,74,50,'Opal Abbott','ru',1972,'948-2-764-60-278-5',591,44096,1,0,'2020-06-16 19:26:12','2020-12-14 12:53:41','Fgnyfdxjz wjfydtngr paggnultl',1),(118,174,91,82,49,'Cleveland Greenholt','en',1985,'402-3-286-93-172-2',778,35442,1,0,'2020-09-07 15:58:47','2020-12-14 12:49:04','Bxjbckrgf hvgsyqgiv hwofjfxxv',1),(119,156,54,66,47,'Lily Homenick','en',2012,'179-8-598-12-255-8',64,67514,1,0,'2020-08-18 12:43:14','2020-12-14 12:53:41','Koqmmxgkj miewvpmpp fgqjwiyxt',2),(120,37,21,55,48,'Marcellus Cruickshank','ge',2005,'737-5-287-89-627-7',64,26724,1,1,'2020-08-28 07:15:20','2020-12-14 12:49:04','Whqkaxoye annbriote mwakbxoyf',0),(121,107,74,97,45,'Prof. Rickey Sanford Jr.','ge',2010,'214-9-970-05-529-5',62,40985,1,0,'2020-06-26 16:28:13','2020-12-14 12:53:41','Brhgnthbl byrlgxwoh pecwefnyf',3),(122,188,68,NULL,49,'Dr. Darrick Hane DDS','en',1973,'969-7-574-31-922-4',59,39810,1,0,'2020-09-04 22:29:05','2020-12-14 12:53:41','Dbuxfgobp wnzlfpmpm sdmylgwqn',0),(123,130,39,1,37,'Malcolm Boehm','ge',1984,'781-6-910-68-392-2',710,82647,1,1,'2020-12-16 08:04:26','2020-12-14 12:49:04','Tiioxuhcn kjrggntjl ccdlusfvn',2),(124,29,57,22,50,'Waldo Baumbach','ru',2003,'233-2-257-98-401-5',249,55195,1,0,'2020-07-11 03:57:15','2020-12-14 12:49:04','Cbtuqvjet jlfpkepnu lskvbotdg',0),(125,158,63,55,40,'Jasen Grant','en',1998,'522-6-465-08-807-6',528,7415,1,0,'2020-11-20 12:17:52','2020-12-14 12:49:04','Wvmxfdbxk fwvmvungn wxxvncslb',0),(126,20,72,NULL,45,'Dr. Lisandro Jacobson','en',1986,'671-1-328-07-005-3',699,33006,0,1,'2020-07-24 11:39:30','2020-12-14 12:53:41','Vefoglmdf pljlfsxlk rfzipdtlw',2),(127,37,36,NULL,44,'Conner Howe','en',2012,'119-7-574-56-580-7',274,53528,1,1,'2020-01-21 02:38:20','2020-12-14 12:49:04','Edekmgufp mokikcfqs otccgyzdp',1),(128,16,74,71,49,'Ariel Becker','ge',1975,'682-2-486-43-986-5',293,81816,1,0,'2020-02-01 16:16:08','2020-12-14 12:53:41','Rsmgruvxy dsgcrbhhn vplkqdqta',1),(129,190,46,86,38,'Tyreek Mayert','ge',1990,'278-4-182-21-800-0',731,37429,1,0,'2020-10-05 11:25:21','2020-12-14 12:53:41','Rmjkweeic nkikawkil enfjhjvde',0),(130,23,51,NULL,47,'Hellen Pfeffer','ge',1974,'845-5-718-44-274-8',910,39321,1,1,'2020-03-06 00:57:54','2020-12-14 12:53:41','Ighpgjbgy excrdolnj eryudgufr',3),(131,178,12,66,40,'Eunice Haley','ge',1991,'025-8-660-30-668-3',676,1617,0,1,'2020-12-19 04:31:15','2020-12-14 12:53:41','Uaqeyfflm czsrfyfct opgmppdwc',3),(132,72,35,67,44,'Cielo Vandervort','ge',1991,'176-2-604-46-132-6',427,39631,1,1,'2020-06-10 05:43:02','2020-12-14 12:53:41','Tryvgqpah jbbdkqbhg ljpwqnrtu',2),(133,2,23,54,48,'Dr. Melvina Roob','en',1997,'633-2-163-39-656-0',190,1749,1,0,'2020-03-23 13:50:16','2020-12-14 12:49:04','Upoyewwsc fsdihmmyl jjtsgctoo',0),(134,42,64,NULL,43,'Bret Kemmer','ru',2002,'699-8-674-61-460-9',152,74704,1,1,'2020-05-19 05:51:52','2020-12-14 12:53:41','Anoecwhsu uomserucb vdejhkeoj',0),(135,102,9,100,44,'Dr. Erwin Kihn IV','en',2020,'215-8-420-10-468-9',186,87082,1,0,'2020-11-28 08:13:44','2020-12-14 12:49:04','Cjpwodbsp vkkwefmup nulwyhmol',2),(136,196,16,84,44,'Prof. Susan Waelchi','ge',1992,'515-4-862-66-957-5',335,73288,0,0,'2020-05-06 09:23:08','2020-12-14 12:53:41','Kslxkeokg zinrtvxcq zadmbvaot',3),(137,177,60,NULL,45,'Christelle Hermiston','ge',2008,'504-8-367-11-486-8',210,21305,0,1,'2020-06-14 23:32:31','2020-12-14 12:53:41','Bbystpucd jldihkdks hhnumxgjc',3),(138,33,96,62,45,'Kraig Erdman','en',2007,'565-4-069-34-188-4',764,35224,0,0,'2020-01-30 20:58:41','2020-12-14 12:53:41','Hhoxvnzmj kyowukmfq mpmrwllyo',3),(139,80,43,NULL,39,'Dr. Sherman Larkin I','ge',1975,'694-4-874-33-524-0',441,90638,1,1,'2020-11-07 21:51:00','2020-12-14 12:53:41','Ukpvlqvhy zabgyfcvz ldkpvknhy',3),(140,127,12,60,44,'Mrs. Greta Rutherford','ru',2006,'320-9-301-13-389-0',115,12501,1,1,'2020-03-10 21:50:10','2020-12-14 12:53:41','Vklattlbt sktopgkgc tkuvrzxod',1),(141,161,38,86,39,'Maegan Berge','ru',2008,'922-7-702-09-267-7',58,33646,0,1,'2020-09-05 18:04:34','2020-12-14 12:53:41','Wfgpgmsen gobqafvte nfkjouigf',0),(142,28,33,77,46,'Emory Stanton','ru',2006,'443-1-467-57-867-8',427,24087,0,0,'2020-08-04 16:58:30','2020-12-14 12:49:04','Fofhwmtjp ugtbypgiy wmsgyevtg',0),(143,168,45,40,47,'Dr. Kali Carroll I','ge',2004,'289-9-654-60-661-1',20,66860,0,0,'2020-07-01 01:24:10','2020-12-14 12:53:41','Wvncsnjfz jvdcbyrlf qoainqrkb',1),(144,59,64,NULL,42,'Mrs. Eloisa Hane DVM','ge',1994,'901-0-462-45-006-0',211,13654,0,1,'2020-10-20 06:48:18','2020-12-14 12:53:41','Azvfmtjos ynulvvtgv ndbxiyucc',3),(145,126,77,NULL,48,'Laurel Volkman','ru',1971,'416-5-500-61-124-9',697,35069,0,0,'2020-04-03 16:40:22','2020-12-14 12:53:41','Bencymoki kypdtmdem wajvbriqd',2),(146,138,79,70,38,'Daron Abernathy','ge',2014,'518-4-379-31-458-6',341,21846,0,1,'2020-03-31 04:19:11','2020-12-14 12:53:41','Qxpisreuo jfvsyrlfr tvvrzudce',2),(147,172,57,85,47,'Francesco Bednar','en',2002,'637-6-828-97-359-0',711,29812,0,1,'2020-12-10 16:01:53','2020-12-14 12:53:41','Nhqlhdtjn mwbnmvthe zlfqqhllv',2),(148,24,52,46,42,'Thomas Hills','ru',1998,'609-4-452-66-786-1',37,35005,0,0,'2020-10-16 18:22:32','2020-12-14 12:53:41','Uqtvvundb xnsengqkd jkzspuhbk',1),(149,16,46,73,42,'Mrs. Alysa Huels DVM','ru',1998,'399-0-023-86-829-1',562,61825,1,0,'2020-12-30 21:03:05','2020-12-14 12:53:41','Ttmehwncw ctptylktm demzlhbkv',3),(150,127,30,45,45,'Dr. Aisha Beahan','ru',2014,'429-3-894-57-302-1',236,60751,0,1,'2020-03-22 16:30:30','2020-12-14 12:53:41','Brgeaqcnj gfgpfhsvb tomtkqzcj',1),(151,53,70,33,49,'Dr. Sim Purdy','ge',1970,'739-0-155-47-960-9',849,34679,0,1,'2020-04-10 10:27:23','2020-12-14 12:53:41','Mogodutjl enbtqvhyx ufqpbmhzb',1),(152,6,96,30,48,'Jayda Frami','en',2019,'450-7-143-72-567-3',825,96614,0,0,'2020-09-28 01:44:08','2020-12-14 12:49:04','Gdxedbuzm mykdihlhf ecauxhpdw',2),(153,120,69,95,38,'Mrs. Ashlee Shanahan II','en',2015,'628-3-868-00-955-7',647,10543,1,0,'2020-10-22 22:53:44','2020-12-14 12:53:41','Aldiexfcw eeklzrkxm olmddighr',3),(154,180,30,14,43,'Ms. Mariela Kiehn','ru',2004,'284-1-494-03-743-3',674,22745,1,0,'2020-07-04 05:57:00','2020-12-14 12:49:04','Ljinsaxoz hnrvcypdv vqrleluon',0),(155,190,21,31,40,'Maximillia Nolan','ge',1989,'188-5-641-59-937-2',538,29098,0,0,'2020-06-22 14:14:42','2020-12-14 12:53:41','Xeyhmomqs skwgmqvfo dapcmgtbx',3),(156,199,81,2,45,'Eleonore Bogan','ru',1974,'320-9-185-26-760-7',562,17941,0,0,'2020-04-23 03:19:05','2020-12-14 12:53:41','Mtijtvumd bwgrpwruv xcrethfda',1),(157,30,5,63,43,'Mason Ratke','ru',1985,'762-0-671-49-694-1',607,3145,0,0,'2020-06-11 17:32:49','2020-12-14 12:53:41','Soofhueif bnmygkgbk whrpzdprq',3),(158,51,71,8,50,'Gretchen Schmeler','en',1971,'536-8-280-94-067-3',826,73023,0,0,'2020-06-14 07:49:35','2020-12-14 12:53:41','Eyfedemur ayssnjgdw bqyyyuemu',3),(159,58,11,NULL,43,'Aliza Lebsack','en',1979,'582-0-697-91-345-8',856,24108,1,0,'2020-09-07 07:11:15','2020-12-14 12:53:41','Pssmfqowt fsxmrwjfx yzetigkeq',3),(160,180,39,67,49,'Johann Flatley II','en',2013,'527-7-221-75-140-2',780,61168,0,0,'2020-05-14 18:20:00','2020-12-14 12:53:41','Stpsutkvx crcimltnh ueihivegt',2),(161,102,66,20,42,'Jaylon Romaguera Sr.','ge',1987,'396-6-887-90-602-6',558,76608,0,1,'2020-10-02 13:41:26','2020-12-14 12:53:41','Chbjslejj rkymqspxv jinrwiywn',2),(162,111,43,NULL,39,'Abbigail Fisher Jr.','ge',2008,'539-3-320-75-848-7',713,10115,0,0,'2020-07-09 05:51:23','2020-12-14 12:53:41','Wahkeohvj geczpdvti ghsripyaf',1),(163,64,55,NULL,42,'Mrs. Eden Lueilwitz','en',1981,'839-6-349-66-361-2',153,13533,0,0,'2020-06-30 18:33:09','2020-12-14 12:53:41','Xdvserwjd ppfhsvbpz dqtxjysrg',3),(164,29,48,91,47,'Dr. Mozell Cormier MD','ge',2009,'819-2-634-76-174-0',900,49204,0,0,'2020-10-29 05:30:34','2020-12-14 12:53:41','Dcymolluu ompqkdhco namjhitwe',0),(165,53,85,56,44,'Mr. Eleazar Nikolaus DVM','ge',1981,'107-0-026-16-865-9',243,2176,1,1,'2020-12-01 01:25:54','2020-12-14 12:53:41','Delrclwee ibhjwkjpv knibhhnte',0),(166,49,7,83,47,'Ms. Thelma Eichmann','en',1986,'954-4-938-48-981-7',204,16188,1,1,'2020-08-23 14:12:00','2020-12-14 12:53:41','Qroqpaimm apbiovltk rimnefpjy',3),(167,76,62,13,46,'Prof. Mario Johnston','en',1979,'251-2-467-23-233-1',936,46098,0,0,'2020-09-11 07:29:21','2020-12-14 12:49:04','Uejiliinr vcynujjtr dnhtcbxpe',0),(168,100,70,23,42,'Jermain Dietrich','en',1997,'456-5-761-79-412-1',744,84662,0,1,'2020-01-14 21:07:10','2020-12-14 12:53:41','Xjwhwnxbk xmpobnmvt hexeaoteo',3),(169,134,89,75,43,'Mr. Arvel Sanford','en',2014,'214-7-823-89-425-7',606,55253,1,1,'2020-01-24 00:54:12','2020-12-14 12:53:41','Hvgsvbrip zevsaxqjv gpjxnvsbc',3),(170,105,8,3,47,'Oda Okuneva V','en',1981,'862-9-969-27-780-4',465,85950,0,1,'2020-07-28 18:51:04','2020-12-14 12:53:41','Gdsfwvmvw wrtsktqzx txlkrfajw',2),(171,81,8,22,50,'Mr. Lennie Nienow IV','ru',1987,'717-4-432-21-226-6',314,16201,1,1,'2020-10-12 22:31:39','2020-12-14 12:53:41','Eklwfjerx qkchdsgbn nbqeshcsg',3),(172,101,52,2,42,'Mertie Ullrich','ge',1995,'016-7-428-87-835-8',326,53592,0,0,'2020-10-09 07:23:07','2020-12-14 12:53:41','Akbwgrpxv nboswgobp xtdfpntfv',3),(173,187,86,22,45,'Prof. Frankie Rice PhD','en',1997,'719-6-069-32-081-1',742,99435,0,0,'2020-12-30 14:32:22','2020-12-14 12:53:41','Mzlievrxn wtfsbbcfs dlvuoiack',0),(174,153,25,13,44,'Newell Goldner','ge',1983,'394-6-059-21-499-4',91,29778,1,0,'2020-05-18 13:18:55','2020-12-14 12:53:41','Qdomsesch dshfegsvb topgmqrpw',1),(175,55,37,23,48,'Crystal Terry Jr.','ru',2004,'551-1-042-20-222-2',729,84216,1,1,'2020-05-11 16:20:37','2020-12-14 12:53:41','Qrlbzvdel tngpistqy udhclarlc',1),(176,101,78,NULL,47,'Candido Rath','en',1984,'083-5-597-62-597-9',474,95894,1,0,'2020-12-22 03:50:52','2020-12-14 12:53:41','Epkfujlba xmtgahlig fickrhkeo',2),(177,2,32,50,47,'Clara Pollich','ru',1983,'492-1-393-87-294-4',905,46041,1,1,'2020-09-21 22:35:41','2020-12-14 12:53:41','Icijuxeei aeundcdgx wqqewajtu',3),(178,147,31,12,41,'Newton Weber','en',1970,'261-0-037-45-209-8',723,8937,1,1,'2020-07-24 12:40:15','2020-12-14 12:49:04','Qvgrsqxqm nfmsfwrub skzsqzbfx',2),(179,8,29,88,46,'Ms. Bulah Maggio DDS','ru',1977,'773-5-264-29-629-5',647,80391,1,1,'2020-07-07 17:15:15','2020-12-14 12:53:41','Yfamhcnjg durcgcoph pffmrbfxw',1),(180,18,66,96,46,'Prof. Penelope Schuppe I','ru',1993,'001-9-911-96-858-1',229,20082,0,0,'2020-10-21 02:31:03','2020-12-14 12:53:41','Rvdbxjchg ivhxtxllt psvbsldfp',2),(181,104,85,32,46,'Prof. Keeley Nolan','ge',1993,'261-3-742-10-604-4',444,92712,1,1,'2020-04-25 21:12:10','2020-12-14 12:53:41','Llxfgqljl elrbfxbkx htxgnxydp',1),(182,89,28,NULL,41,'Mr. Jensen Glover','en',1995,'996-6-183-54-082-3',774,76265,0,0,'2020-07-16 17:44:03','2020-12-14 12:53:41','Suxcqbfxb jqghqkzub vbrjsnnyh',1),(183,98,85,17,37,'Prof. Yasmeen Corwin V','en',1975,'087-3-332-67-729-2',100,45058,0,0,'2020-06-21 08:56:54','2020-12-14 12:53:41','Nvnefphpf dbtvunefo fjeqvgqlg',1),(184,161,10,90,39,'Kianna Powlowski III','ge',2015,'855-7-999-78-867-5',577,43891,1,1,'2020-10-18 13:27:01','2020-12-14 12:49:04','Ygecyntep mpnukqxtb yssiouiex',1),(185,187,67,80,38,'Sharon Nader Jr.','ru',2003,'328-7-221-19-483-7',747,49136,1,0,'2020-02-02 01:48:14','2020-12-14 12:53:41','Bmjhjwllv zlelretjn nanmyhmpn',1),(186,11,96,2,44,'Candice Littel','ge',1994,'302-0-948-15-554-4',689,48919,0,0,'2020-06-17 16:46:03','2020-12-14 12:53:41','Wwqoydtkr eumdczuym oivgsxkft',1),(187,88,65,17,50,'Dr. Bella Rolfson MD','ru',1978,'632-0-942-48-814-0',19,74660,0,0,'2020-03-26 22:40:03','2020-12-14 12:53:41','Ihlihmmbq fctmfphrn qpcrbhffh',2),(188,114,60,NULL,44,'Juanita Mohr','ru',1998,'515-6-168-62-639-0',938,89955,0,1,'2020-10-27 22:24:56','2020-12-14 12:49:04','Xwoecwhrp yadrxodvx ydqwklxgn',0),(189,41,100,NULL,43,'Belle Kub Sr.','en',2003,'553-3-083-89-770-9',960,42937,0,1,'2020-05-04 16:51:37','2020-12-14 12:53:41','Unefncslx likxnscgw tfsypfehw',0),(190,161,88,69,48,'Jailyn Donnelly V','ge',1998,'589-0-476-95-738-6',461,7686,0,0,'2020-04-17 07:52:46','2020-12-14 12:49:04','Oecaturcg zhjyuasop hpfeiadom',0),(191,139,83,37,44,'Braeden Prohaska','en',2002,'178-9-262-52-906-8',90,37748,0,1,'2020-12-07 15:58:06','2020-12-14 12:53:41','Qvhwnzjuw cuqxpgkhg hsvyhoxyc',2),(192,199,76,NULL,48,'Rey Weimann','ge',2014,'914-1-098-90-990-4',990,24119,1,0,'2020-03-13 06:11:28','2020-12-14 12:53:41','Onxcrbgdx dvyezmihk dkrgebrhl',3),(193,132,32,40,50,'Elliot Keeling','ru',2011,'548-8-563-75-574-8',71,51702,0,1,'2020-01-30 13:57:49','2020-12-14 12:53:41','Ileltkusf vruxeeguh bjrkuxfeg',1),(194,82,65,5,37,'Maybelle Okuneva','en',1977,'927-0-807-88-971-4',371,80562,1,0,'2020-10-19 06:31:20','2020-12-14 12:53:41','Qpblccdlu qtvzmigeb vbqdrbfvn',1),(195,71,89,39,40,'Niko Hahn','ru',2012,'124-4-007-85-236-8',500,11335,1,1,'2020-04-17 04:32:23','2020-12-14 12:53:41','Dejjqcnln hwoedcccf tdkoqmoix',1),(196,196,42,1,41,'Dr. Manuela Towne Jr.','ge',1994,'858-9-291-23-753-4',245,24220,1,0,'2020-05-02 15:02:56','2020-12-14 12:53:41','Ncushdvvq txefknicm ejggjfwtd',1),(197,13,89,60,41,'Timothy Walker','ge',1982,'774-0-478-30-665-4',994,47606,1,1,'2020-05-02 01:54:30','2020-12-14 12:49:04','Hduppebtp tbvbtqyvh yxsuxctmc',2),(198,73,52,42,46,'D\'angelo Kuhn I','ru',1984,'574-1-658-28-269-7',84,26703,0,1,'2020-11-05 19:30:51','2020-12-14 12:53:41','Ypfdxjayu cyoajrkwe gsuvumbtq',3),(199,185,6,NULL,46,'Janie Kuhn','en',1987,'631-7-009-73-514-3',95,26190,0,0,'2020-07-27 13:57:17','2020-12-14 12:53:41','Adnflrber wlmejiotf qpdurzxpg',3),(200,98,95,25,40,'Osbaldo Schoen III','en',1990,'907-2-348-79-540-7',623,7044,0,0,'2020-03-15 21:35:27','2020-12-14 12:53:41','Iabgcpsvz nognvppfe foeflppis',2),(201,86,73,88,49,'Brook O\'Connell DVM','ge',2008,'755-9-892-32-771-4',861,9260,0,0,'2020-07-25 05:39:31','2020-12-14 12:49:04','Rimmznojb bfvojcgcr domschcrc',1),(202,168,56,61,48,'Prof. Malcolm Gerlach','ge',1976,'690-5-629-04-555-4',67,27196,1,1,'2020-01-25 10:11:32','2020-12-14 12:53:41','Jqclbuykd koqmndbwg pispvkoof',1),(203,9,49,13,37,'Lester Tremblay DVM','en',1986,'359-5-283-82-826-3',649,3996,0,0,'2020-04-27 10:37:24','2020-12-14 12:53:41','Ejgfhtwfl mdcemaorw gnxyewvqo',3),(204,24,26,20,48,'Dr. Jay Hansen','ge',1996,'881-1-397-89-646-1',513,82785,1,1,'2020-12-07 10:56:44','2020-12-14 12:53:41','Alcenddel sjouidqwn zkxnsciio',3),(205,97,32,88,38,'Prof. Albina Corkery','ge',2014,'462-8-869-97-301-7',725,84924,1,1,'2020-04-03 19:07:53','2020-12-14 12:53:41','Yetmbspsx keqqjwkgb lbzubuvww',3),(206,56,94,13,48,'Cecile Harber','ge',1992,'027-4-123-73-900-7',16,10901,0,0,'2020-04-04 06:22:41','2020-12-14 12:53:41','Tgugvoede jjsnjilha imkorslfo',1),(207,9,71,22,38,'Adan Reinger','en',1997,'110-7-982-93-028-6',327,50041,0,0,'2020-06-09 11:52:06','2020-12-14 12:49:04','Gpfefnalh comrchhlj oplkosvao',1),(208,5,67,33,40,'Zaria Carter','en',1993,'377-9-453-65-846-1',420,26473,1,1,'2020-05-15 21:51:14','2020-12-14 12:53:41','Ulqwnwxvp jdkretjpu fpkescfth',3),(209,176,82,20,48,'Miss Liza Streich','ru',2009,'018-1-054-11-429-3',179,30705,1,0,'2020-08-23 09:27:23','2020-12-14 12:53:41','Agdyjysri npmolnhwn amjipybge',1),(210,157,71,18,40,'Duane Kshlerin DVM','en',1987,'947-0-705-97-232-2',717,31347,0,0,'2020-01-30 00:46:26','2020-12-14 12:49:04','Cbxntgxvn bqbktpswe fncskuuoj',0),(211,169,44,NULL,43,'Mrs. Heaven Jast','en',2002,'268-5-168-87-948-1',71,37003,1,1,'2020-11-11 12:21:24','2020-12-14 12:49:04','Gdwxcrbgc shfgobnoe denammwyf',0),(212,38,69,2,40,'Mr. Sven Borer','ru',1988,'784-0-997-51-549-9',685,49021,0,0,'2020-02-20 21:37:57','2020-12-14 12:53:41','Brggmqudf ogmsftfuk qxtypeyiu',3),(213,98,52,56,46,'Mohamed Brakus','ru',1999,'452-9-477-44-355-1',586,79722,0,1,'2020-03-22 22:13:00','2020-12-14 12:49:04','Wdymltmfm ungqmlvuo kjpxvklcb',0),(214,48,25,8,42,'Prof. Kathryn Daugherty DDS','ge',1970,'020-6-215-14-288-6',766,45079,0,1,'2020-01-19 23:37:33','2020-12-14 12:49:04','Xobnlptyp cqwpgkgcq zbfwvqntg',0),(215,159,95,88,42,'Prof. Torrey Sporer','ge',1990,'331-6-595-58-057-9',533,89447,0,0,'2020-01-28 22:32:23','2020-12-14 12:53:41','Xwqpcpufn yhpdtniac jpyyywmtl',2),(216,42,36,NULL,50,'Enos Konopelski','en',2008,'565-3-156-95-296-9',48,36369,0,0,'2020-11-29 16:46:37','2020-12-14 12:53:41','Uvquzovnd aqhljnmww scgzevsbc',3),(217,188,70,5,43,'Dr. Jaron Tillman','en',2011,'810-3-585-11-204-5',814,36112,0,1,'2020-04-12 19:51:47','2020-12-14 12:53:41','Gbnkmelpt xiwlnkiml sijxocpta',0),(218,90,49,4,40,'Prof. Gregg Von MD','en',1979,'641-0-673-12-050-0',784,62034,0,0,'2020-03-08 01:34:29','2020-12-14 12:53:41','Uyljmhbge brhjbbbcj osvbrhlhd',3),(219,75,15,73,42,'Dr. Erna Kiehn Sr.','en',1996,'479-1-010-35-372-7',333,34131,0,0,'2020-01-12 20:46:23','2020-12-14 12:53:41','Slwcvxcqy xqnpnvpnu jnmtmbvda',1),(220,18,50,NULL,45,'Christy Sanford','ge',1972,'218-3-924-26-243-7',921,65341,0,1,'2020-10-04 18:47:09','2020-12-14 12:53:41','Rlccgxyzc mfnxcrfwu iexcorrld',1),(221,73,72,NULL,42,'Dr. Carlos Rice II','en',1976,'600-9-198-84-310-9',251,61568,0,1,'2020-04-24 23:13:54','2020-12-14 12:53:41','Iiqexcpty pbmhwqllt larlccdjk',3),(222,200,17,33,47,'Dr. Amely Lindgren','ge',1987,'145-6-832-78-627-7',831,50746,1,1,'2020-11-07 03:23:17','2020-12-14 12:53:41','Byrmjjtrb hispvjjsm hadrzxqjz',1),(223,8,22,60,44,'Ms. Haylie Ritchie Jr.','en',2004,'996-5-773-12-224-8',569,40942,1,1,'2020-06-24 19:33:57','2020-12-14 12:53:41','Vgpivgqli fedekoqmn cvzmigefk',0),(224,143,74,46,43,'Meaghan Cole','en',1980,'488-7-101-11-137-9',215,32525,0,1,'2020-05-16 20:30:14','2020-12-14 12:49:04','Mibfvrwjf uohssooef kkuvsciis',2),(225,45,28,NULL,45,'Eileen Nienow','ge',1990,'144-6-538-64-779-0',417,24258,0,0,'2020-06-18 22:15:41','2020-12-14 12:53:41','Osuyjxlon vsbayrqcl zqioxwpjc',0),(226,187,39,81,38,'Garth Ortiz','ge',2003,'421-4-162-22-014-0',959,22325,1,1,'2020-02-20 05:54:28','2020-12-14 12:53:41','Fxwruaovm urazwkjqd rdmbtsjpw',3),(227,142,79,83,46,'Cicero Bailey','en',1984,'406-2-321-55-098-2',330,46841,0,1,'2020-01-18 20:57:01','2020-12-14 12:53:41','Qpdtlylko rrleknjhj zvhvlooec',3),(228,132,49,72,47,'Rachel Goyette','ru',2018,'269-0-293-46-258-9',286,38166,0,1,'2020-03-09 13:56:23','2020-12-14 12:49:04','Uanpllvww tcgxxsypf dyovmxfhr',1),(229,15,67,71,47,'Mr. Sean Leffler','en',2018,'260-4-561-55-373-9',705,3256,1,1,'2020-03-15 09:15:16','2020-12-14 12:53:41','Pdqwoborr kynvpnumb qdtilelup',0),(230,117,18,NULL,46,'Kelvin Runolfsson','ru',1989,'645-2-162-43-967-9',927,64613,0,0,'2020-11-23 21:33:53','2020-12-14 12:53:41','Rskuwyewx aggkgdvxz fygjeokik',3),(231,82,11,NULL,43,'Dr. Ottilie Little','ru',1975,'102-0-030-46-681-5',592,71338,1,0,'2020-05-10 10:16:33','2020-12-14 12:53:41','Bcfukoqmm btrdomseq rlgwrrjts',3),(232,67,61,89,41,'Viviane Fadel','ru',2007,'187-8-339-28-683-2',862,7894,1,1,'2020-08-01 22:14:00','2020-12-14 12:53:41','Jtqxstrcl xhocqyuhw nbpvmwwuj',2),(233,49,12,79,48,'Amiya Monahan','ge',1986,'897-2-928-13-822-8',614,94016,1,1,'2020-01-15 16:48:30','2020-12-14 12:49:04','Kzsotztut lxglnfklc zsoswiyty',0),(234,150,6,NULL,46,'Prof. Hilma Buckridge DVM','ge',2011,'352-1-514-24-772-4',763,23981,1,1,'2020-01-19 01:10:49','2020-12-14 12:53:41','Mokfwsbcf thahhqiqg gocretkpw',1),(235,3,19,14,37,'Helmer Trantow Sr.','en',2019,'516-3-784-73-883-1',789,82894,0,1,'2020-09-28 11:52:52','2020-12-14 12:49:04','Mygkiiqiq inujiqfdw eejgecynr',0),(236,100,16,30,49,'Ms. Shakira Nitzsche','ru',2015,'065-3-716-09-734-1',818,42841,1,1,'2020-01-06 22:06:58','2020-12-14 12:53:41','Vgrqfdxis tquekmhwq pblasqbhf',1),(237,171,98,NULL,41,'Mr. Waino Farrell PhD','en',2011,'549-8-112-85-192-5',810,21140,1,0,'2020-05-22 00:38:17','2020-12-14 12:49:04','Gphrlgwsw htzqgfibh iqiqfcvyi',0),(238,38,50,NULL,50,'Rico Kilback','en',2015,'296-9-223-17-277-5',518,75469,0,0,'2020-11-17 03:23:20','2020-12-14 12:53:41','Sqbilftem xgmojcjpy xsvcuuomq',1),(239,130,9,26,42,'Joanie Bosco','ru',1978,'817-5-630-69-608-4',850,84315,0,0,'2020-09-07 10:52:40','2020-12-14 12:53:41','Txitxjazw kimjjrkxj chdtnhwoc',1),(240,85,32,37,48,'Mrs. Meaghan Ledner Sr.','en',1975,'147-8-186-64-882-0',818,76336,1,0,'2020-01-19 01:32:43','2020-12-14 12:53:41','Smeicnkku sgbmjhjyu ariqfctqx',3),(241,80,9,40,40,'Mr. Dusty Rogahn','ge',1984,'509-7-001-14-690-8',680,86056,1,0,'2020-01-02 10:32:16','2020-12-14 12:49:04','Ruuqvgpkc ighpgjbfx zewxzetil',0),(242,28,35,59,37,'Scarlett Metz','ge',1993,'899-4-162-52-476-9',919,36765,0,1,'2020-01-22 12:13:35','2020-12-14 12:53:41','Dkopivgqo uihiwmquc ynsaysuwx',2),(243,30,50,NULL,47,'Mrs. Brielle Crooks','en',2007,'816-4-585-47-913-7',58,50371,1,1,'2020-11-02 13:03:16','2020-12-14 12:49:04','Wugxugwrs qyyvklcav casrdprqd',0),(244,182,91,69,45,'Bettye Davis','ge',1970,'634-0-732-81-680-8',462,33033,1,1,'2020-08-15 02:44:02','2020-12-14 12:53:41','Pwkjpzdpr nqrmgxsyr ldjmhafyh',2),(245,124,58,NULL,42,'Miss Lela Vandervort Sr.','ge',2018,'162-9-722-31-230-4',762,86412,1,1,'2020-02-04 20:15:51','2020-12-14 12:49:04','Kgyclddjm gtcftdkqy yxrpbiotf',0),(246,98,86,93,38,'Dr. Kevon Brekke I','ru',1997,'123-8-177-19-587-6',214,22787,0,1,'2020-12-05 23:25:01','2020-12-14 12:49:04','Qsrgctmfp jaxpglnhv iaeunddel',0),(247,185,75,NULL,43,'Gabrielle Sporer','ru',1988,'380-8-491-83-406-7',80,65173,0,0,'2020-11-01 17:45:24','2020-12-14 12:53:41','Sjpwrtupp gkijxlkre wumykdlvu',3),(248,20,52,97,44,'Hattie Kiehn','ru',1991,'449-1-331-12-269-3',915,72330,0,0,'2020-08-03 05:57:43','2020-12-14 12:53:41','Lylhbipyd pqkbdjnoh qjwjbgduq',2),(249,185,16,1,37,'Mr. King Gutmann','ge',2003,'497-5-746-71-577-2',290,16515,0,0,'2020-11-22 12:58:53','2020-12-14 12:53:41','Vhyvibjqc lypbjsonb retktnjik',2),(250,153,30,34,44,'Prof. Sibyl Orn IV','en',1999,'649-9-097-67-374-7',146,55016,0,1,'2020-03-16 12:23:50','2020-12-14 12:49:04','Beqqhovpk hdtlzpagg khhmoloki',2);
/*!40000 ALTER TABLE `books` ENABLE KEYS */;
UNLOCK TABLES;

--
-- Table structure for table `books_authors`
--

DROP TABLE IF EXISTS `books_authors`;
/*!40101 SET @saved_cs_client     = @@character_set_client */;
/*!50503 SET character_set_client = utf8mb4 */;
CREATE TABLE `books_authors` (
  `book_id` int unsigned NOT NULL COMMENT 'Идентификатор товара',
  `author_id` int unsigned NOT NULL COMMENT 'Идентификатор автора',
  PRIMARY KEY (`book_id`,`author_id`) COMMENT 'Составной первичный ключ',
  KEY `books_authors_author_id_fk` (`author_id`),
  CONSTRAINT `books_authors_author_id_fk` FOREIGN KEY (`author_id`) REFERENCES `authors` (`id`),
  CONSTRAINT `books_authors_book_id_fk` FOREIGN KEY (`book_id`) REFERENCES `books` (`id`)
) ENGINE=InnoDB DEFAULT CHARSET=utf8mb4 COLLATE=utf8mb4_unicode_ci COMMENT='Книги_Авторы';
/*!40101 SET character_set_client = @saved_cs_client */;

--
-- Dumping data for table `books_authors`
--

LOCK TABLES `books_authors` WRITE;
/*!40000 ALTER TABLE `books_authors` DISABLE KEYS */;
INSERT INTO `books_authors` VALUES (43,1),(204,1),(98,2),(103,3),(66,4),(139,4),(37,5),(179,6),(209,6),(222,6),(171,8),(250,8),(39,10),(8,11),(55,11),(242,13),(83,14),(104,14),(24,16),(190,18),(237,18),(155,19),(201,19),(40,20),(144,22),(135,23),(180,23),(58,24),(79,29),(223,29),(218,31),(21,34),(132,34),(16,35),(120,36),(118,37),(89,38),(145,38),(215,38),(227,39),(183,41),(54,43),(249,43),(78,47),(230,48),(146,50),(195,50),(45,52),(158,52),(224,52),(159,53),(150,54),(29,55),(141,55),(142,55),(173,56),(75,57),(9,58),(165,58),(202,63),(68,64),(241,64),(124,65),(214,65),(225,65),(22,66),(4,67),(226,68),(176,69),(177,69),(102,71),(51,73),(168,73),(198,75),(191,76),(7,77),(105,77),(154,77),(185,77),(239,77),(13,78),(64,79),(99,79),(126,79),(112,80),(82,81),(245,81),(32,84),(160,84),(100,85),(111,86),(178,86),(44,87),(246,87),(137,88),(212,89),(129,90),(148,90),(84,91),(130,91),(234,91),(47,92),(149,92),(163,92),(134,93),(110,95),(88,96),(121,96),(17,98),(73,98),(119,98),(162,98),(248,98),(138,100),(156,100),(208,100),(232,100),(166,101),(31,103),(87,104),(71,105),(28,109),(153,109),(123,112),(35,113),(113,113),(46,114),(167,115),(80,116),(131,116),(203,116),(86,120),(49,121),(14,122),(30,122),(133,122),(125,123),(181,123),(6,124),(192,126),(67,128),(12,129),(52,130),(96,130),(219,130),(128,131),(164,131),(244,131),(101,133),(11,135),(53,135),(116,135),(57,136),(189,136),(41,137),(81,138),(152,139),(211,139),(175,141),(61,143),(92,143),(114,145),(207,146),(188,147),(193,147),(194,147),(206,147),(109,148),(107,149),(216,150),(59,151),(65,152),(169,153),(48,154),(243,154),(1,157),(27,158),(117,160),(122,160),(213,161),(235,162),(77,166),(90,166),(236,166),(63,169),(74,169),(187,169),(26,171),(34,173),(228,176),(143,178),(221,178),(229,179),(97,180),(69,182),(85,182),(50,183),(200,187),(205,188),(157,189),(210,189),(182,191),(60,192),(15,194),(174,195),(2,197),(23,198),(36,198),(70,199),(196,199),(233,202),(231,203),(127,205),(136,205),(56,208),(247,208),(94,209),(199,209),(220,209),(240,210),(33,214),(3,215),(95,217),(172,217),(42,218),(91,218),(238,221),(184,223),(197,223),(38,226),(76,227),(140,227),(25,229),(161,229),(5,232),(18,233),(20,233),(10,234),(19,234),(115,234),(106,236),(151,237),(93,238),(72,239),(170,239),(62,243),(108,247),(186,247),(147,248),(217,249);
/*!40000 ALTER TABLE `books_authors` ENABLE KEYS */;
UNLOCK TABLES;

--
-- Table structure for table `books_genres`
--

DROP TABLE IF EXISTS `books_genres`;
/*!40101 SET @saved_cs_client     = @@character_set_client */;
/*!50503 SET character_set_client = utf8mb4 */;
CREATE TABLE `books_genres` (
  `book_id` int unsigned NOT NULL COMMENT 'Идентификатор товара',
  `genre_id` int unsigned NOT NULL COMMENT 'Идентификатор жанра',
  PRIMARY KEY (`book_id`,`genre_id`) COMMENT 'Составной первичный ключ',
  KEY `books_genres_genre_id_fk` (`genre_id`),
  CONSTRAINT `books_genres_book_id_fk` FOREIGN KEY (`book_id`) REFERENCES `books` (`id`),
  CONSTRAINT `books_genres_genre_id_fk` FOREIGN KEY (`genre_id`) REFERENCES `product_types` (`id`)
) ENGINE=InnoDB DEFAULT CHARSET=utf8mb4 COLLATE=utf8mb4_unicode_ci COMMENT='Книги_Жанры';
/*!40101 SET character_set_client = @saved_cs_client */;

--
-- Dumping data for table `books_genres`
--

LOCK TABLES `books_genres` WRITE;
/*!40000 ALTER TABLE `books_genres` DISABLE KEYS */;
INSERT INTO `books_genres` VALUES (15,37),(30,37),(33,37),(38,37),(51,37),(64,37),(68,37),(106,37),(107,37),(121,37),(127,37),(139,37),(148,37),(168,37),(176,37),(182,37),(196,37),(201,37),(206,37),(207,37),(211,37),(222,37),(224,37),(231,37),(250,37),(4,38),(7,38),(40,38),(81,38),(82,38),(86,38),(89,38),(101,38),(102,38),(108,38),(130,38),(140,38),(141,38),(156,38),(159,38),(167,38),(191,38),(197,38),(202,38),(212,38),(214,38),(219,38),(221,38),(224,38),(12,39),(21,39),(35,39),(41,39),(43,39),(78,39),(83,39),(92,39),(111,39),(118,39),(125,39),(144,39),(158,39),(161,39),(165,39),(171,39),(177,39),(193,39),(209,39),(215,39),(218,39),(227,39),(236,39),(239,39),(247,39),(32,40),(51,40),(56,40),(63,40),(67,40),(93,40),(96,40),(98,40),(112,40),(148,40),(153,40),(158,40),(161,40),(187,40),(189,40),(196,40),(198,40),(203,40),(204,40),(210,40),(216,40),(228,40),(229,40),(243,40),(249,40),(1,41),(11,41),(44,41),(49,41),(80,41),(94,41),(107,41),(131,41),(143,41),(145,41),(146,41),(161,41),(163,41),(169,41),(175,41),(178,41),(190,41),(237,41),(16,42),(17,42),(25,42),(31,42),(37,42),(61,42),(67,42),(97,42),(107,42),(116,42),(117,42),(138,42),(150,42),(152,42),(154,42),(162,42),(190,42),(201,42),(237,42),(242,42),(9,43),(12,43),(14,43),(18,43),(19,43),(20,43),(29,43),(30,43),(32,43),(36,43),(44,43),(53,43),(54,43),(58,43),(62,43),(77,43),(81,43),(90,43),(108,43),(109,43),(118,43),(149,43),(159,43),(162,43),(173,43),(174,43),(175,43),(186,43),(211,43),(242,43),(243,43),(244,43),(245,43),(7,44),(18,44),(26,44),(32,44),(34,44),(45,44),(47,44),(51,44),(57,44),(66,44),(73,44),(96,44),(97,44),(103,44),(107,44),(109,44),(122,44),(132,44),(142,44),(143,44),(155,44),(164,44),(175,44),(192,44),(205,44),(208,44),(216,44),(240,44),(2,45),(3,45),(10,45),(22,45),(23,45),(50,45),(52,45),(62,45),(75,45),(79,45),(85,45),(87,45),(91,45),(95,45),(100,45),(105,45),(109,45),(111,45),(114,45),(122,45),(124,45),(126,45),(137,45),(153,45),(165,45),(170,45),(183,45),(199,45),(217,45),(221,45),(229,45),(233,45),(10,46),(18,46),(26,46),(28,46),(55,46),(57,46),(59,46),(61,46),(69,46),(70,46),(79,46),(80,46),(84,46),(85,46),(105,46),(117,46),(128,46),(132,46),(133,46),(136,46),(145,46),(165,46),(194,46),(200,46),(215,46),(216,46),(217,46),(220,46),(226,46),(2,47),(11,47),(24,47),(37,47),(42,47),(45,47),(60,47),(65,47),(72,47),(86,47),(88,47),(89,47),(108,47),(120,47),(135,47),(141,47),(147,47),(158,47),(161,47),(165,47),(168,47),(170,47),(187,47),(188,47),(190,47),(192,47),(196,47),(214,47),(221,47),(232,47),(234,47),(235,47),(237,47),(8,48),(19,48),(21,48),(27,48),(71,48),(74,48),(75,48),(92,48),(93,48),(103,48),(113,48),(119,48),(124,48),(127,48),(130,48),(139,48),(145,48),(151,48),(160,48),(161,48),(170,48),(172,48),(175,48),(179,48),(180,48),(185,48),(219,48),(238,48),(248,48),(8,49),(13,49),(14,49),(36,49),(39,49),(43,49),(46,49),(48,49),(49,49),(56,49),(99,49),(104,49),(115,49),(117,49),(119,49),(123,49),(132,49),(134,49),(140,49),(155,49),(156,49),(157,49),(158,49),(166,49),(202,49),(223,49),(225,49),(228,49),(230,49),(233,49),(236,49),(240,49),(241,49),(246,49),(249,49),(1,50),(3,50),(5,50),(6,50),(18,50),(24,50),(32,50),(56,50),(66,50),(67,50),(76,50),(110,50),(129,50),(134,50),(147,50),(157,50),(165,50),(166,50),(181,50),(184,50),(186,50),(193,50),(195,50),(212,50),(213,50),(217,50),(220,50),(223,50),(226,50),(237,50),(240,50),(247,50),(249,50);
/*!40000 ALTER TABLE `books_genres` ENABLE KEYS */;
UNLOCK TABLES;

--
-- Table structure for table `cover_types`
--

DROP TABLE IF EXISTS `cover_types`;
/*!40101 SET @saved_cs_client     = @@character_set_client */;
/*!50503 SET character_set_client = utf8mb4 */;
CREATE TABLE `cover_types` (
  `id` int unsigned NOT NULL COMMENT 'УИД типа обложки',
  `name` varchar(100) COLLATE utf8mb4_unicode_ci DEFAULT NULL COMMENT 'Тип обложки',
  PRIMARY KEY (`id`)
) ENGINE=InnoDB DEFAULT CHARSET=utf8mb4 COLLATE=utf8mb4_unicode_ci COMMENT='Типы облодки';
/*!40101 SET character_set_client = @saved_cs_client */;

--
-- Dumping data for table `cover_types`
--

LOCK TABLES `cover_types` WRITE;
/*!40000 ALTER TABLE `cover_types` DISABLE KEYS */;
INSERT INTO `cover_types` VALUES (0,'Твердая глянцевая'),(1,'Твердая бумажная'),(2,'Суперобложка'),(3,'Мягкая бумажная');
/*!40000 ALTER TABLE `cover_types` ENABLE KEYS */;
UNLOCK TABLES;

--
-- Table structure for table `feedback_recipients`
--

DROP TABLE IF EXISTS `feedback_recipients`;
/*!40101 SET @saved_cs_client     = @@character_set_client */;
/*!50503 SET character_set_client = utf8mb4 */;
CREATE TABLE `feedback_recipients` (
  `id` int unsigned NOT NULL AUTO_INCREMENT COMMENT 'УИД получателя',
  `recipient` varchar(100) COLLATE utf8mb4_unicode_ci NOT NULL COMMENT 'Получатель',
  `email` varchar(255) COLLATE utf8mb4_unicode_ci NOT NULL COMMENT 'E-mail',
  `description` text COLLATE utf8mb4_unicode_ci NOT NULL COMMENT 'Описание',
  `created_at` datetime DEFAULT CURRENT_TIMESTAMP COMMENT 'Дата создания строки',
  `updated_at` datetime DEFAULT CURRENT_TIMESTAMP ON UPDATE CURRENT_TIMESTAMP COMMENT 'Время обновления строки',
  PRIMARY KEY (`id`)
) ENGINE=InnoDB AUTO_INCREMENT=101 DEFAULT CHARSET=utf8mb4 COLLATE=utf8mb4_unicode_ci COMMENT='Получатели обратной связи';
/*!40101 SET character_set_client = @saved_cs_client */;

--
-- Dumping data for table `feedback_recipients`
--

LOCK TABLES `feedback_recipients` WRITE;
/*!40000 ALTER TABLE `feedback_recipients` DISABLE KEYS */;
INSERT INTO `feedback_recipients` VALUES (1,'Написать руководству федеральной книжной сети','bette85@example.com','Оставьте отзывы и пожелания по работе интернет-магазина. Ваше мнение важно для нас.','2020-09-19 23:01:57','2020-12-07 22:36:19'),(2,'Написать руководству федеральной книжной сети','hane.abagail@example.com','Поделитесь впечатлением о качестве обслуживания в магазине. Мы всегда готовы совершенствоваться.','2020-01-13 10:49:34','2020-12-07 22:37:51'),(3,'Praesentium blanditiis voluptatem saepe omnis repellat quod inventore magnam.','idavis@example.net','Deserunt voluptatem libero aut esse qui enim. Repellat sed est tempora. Voluptas eveniet id nobis.','2020-05-21 02:34:51','2020-12-07 22:28:25'),(4,'Est deleniti vel voluptas eum nobis cumque.','breitenberg.eveline@example.net','Iste blanditiis unde qui atque. Rerum labore id asperiores quae omnis.','2020-12-06 13:19:46','2020-12-07 22:28:25'),(5,'Предложить сотрудничество','brain.denesik@example.org','Предложите нам новые товары для хобби и творчества. Наши покупатели любят все, что делает их жизнь интереснее.','2020-07-01 05:49:57','2020-12-07 22:41:37'),(6,'Предложить сотрудничество','hjacobs@example.com','Познакомьте нас с новинками и трендами рынка канцтоваров. В наших магазинах хорошо продаются не только книги.','2020-12-16 05:49:44','2020-12-07 22:41:58'),(7,'Предложить сотрудничество','dorris.schulist@example.com','Порадуйте нас лучшими образцами своей сувенирной продукции. Наши покупатели ищут яркие подарки для себя и друзей.','2020-03-10 00:10:40','2020-12-07 22:42:43'),(8,'Предложить сотрудничество','jaquelin86@example.org','Получите комментарий для публикации в СМИ. Пригласите нас к участию в грандиозных PR-проектах. Мы открыты для сотрудничества.','2020-12-05 19:31:53','2020-12-07 22:43:13'),(9,'Предложить сотрудничество','clemmie64@example.org','Предложите нам новые технологии в области рекламы. Мы приветствуем современные решения и профессионалов своего дела.','2020-01-27 21:53:32','2020-12-07 22:43:43'),(10,'Предложить сотрудничество','boyer.frieda@example.com','Отправьте нам предложение по аренде торговых площадей. Мы откроем у вас книжный европейского уровня.','2020-01-15 08:55:59','2020-12-07 22:44:12'),(11,'Предложить сотрудничество','alysa.kshlerin@example.com','Расскажите нам о своих товарах и производстве. Мы найдем им новое применение и реализуем классные идеи.','2020-02-19 21:01:09','2020-12-07 22:45:13'),(12,'Предложить сотрудничество','ada.yost@example.com','Обращайтесь по всем остальным вопросам, для которых нет специального раздела. Найдем решение вместе.','1976-10-27 12:53:29','2020-12-07 22:46:05');
/*!40000 ALTER TABLE `feedback_recipients` ENABLE KEYS */;
UNLOCK TABLES;

--
-- Table structure for table `feedbacks`
--

DROP TABLE IF EXISTS `feedbacks`;
/*!40101 SET @saved_cs_client     = @@character_set_client */;
/*!50503 SET character_set_client = utf8mb4 */;
CREATE TABLE `feedbacks` (
  `id` int unsigned NOT NULL AUTO_INCREMENT COMMENT 'УИД связи',
  `user_id` int unsigned NOT NULL COMMENT 'Идентификатор покупателя',
  `city` varchar(100) COLLATE utf8mb4_unicode_ci NOT NULL COMMENT 'Город',
  `name` varchar(100) COLLATE utf8mb4_unicode_ci NOT NULL COMMENT 'Имя',
  `email` varchar(255) COLLATE utf8mb4_unicode_ci NOT NULL COMMENT 'E-mail',
  `message` text COLLATE utf8mb4_unicode_ci NOT NULL COMMENT 'Текст сообщения',
  `recipient_id` int unsigned NOT NULL COMMENT 'Идентификатор получателя (кому предназначено)',
  `created_at` datetime DEFAULT CURRENT_TIMESTAMP COMMENT 'Дата создания строки',
  `updated_at` datetime DEFAULT CURRENT_TIMESTAMP ON UPDATE CURRENT_TIMESTAMP COMMENT 'Время обновления строки',
  PRIMARY KEY (`id`),
  KEY `feedbacks_user_id_fk` (`user_id`),
  KEY `feedbacks_recipient_id_fk` (`recipient_id`),
  CONSTRAINT `feedbacks_recipient_id_fk` FOREIGN KEY (`recipient_id`) REFERENCES `feedback_recipients` (`id`),
  CONSTRAINT `feedbacks_user_id_fk` FOREIGN KEY (`user_id`) REFERENCES `users` (`id`)
) ENGINE=InnoDB AUTO_INCREMENT=201 DEFAULT CHARSET=utf8mb4 COLLATE=utf8mb4_unicode_ci COMMENT='Обратная связь';
/*!40101 SET character_set_client = @saved_cs_client */;

--
-- Dumping data for table `feedbacks`
--

LOCK TABLES `feedbacks` WRITE;
/*!40000 ALTER TABLE `feedbacks` DISABLE KEYS */;
INSERT INTO `feedbacks` VALUES (1,15,'New Tatyanaport','totam','blanda.julianne@example.com','Maxime non repudiandae iure non. Eum consectetur facilis provident dignissimos. In exercitationem veritatis rerum.',3,'2006-01-28 02:52:29','2020-12-07 22:48:10'),(2,24,'Titusport','quisquam','santina82@example.org','Pariatur ut quam vitae illum aut eum porro incidunt. Doloribus quia nisi dolorum animi voluptate eius. Fugit maxime illum rem odit ut est facere. Nostrum sit accusamus placeat ad repellendus in et. Inventore est et voluptas dolorum qui ipsam.',12,'2001-07-04 05:34:41','2020-12-07 22:48:10'),(3,73,'Williamsonhaven','est','rstanton@example.com','Atque ratione voluptas nihil corrupti accusantium officia. Dolorem totam sed sed sint aut. Sint tempore qui officiis labore ut dolorem nostrum.',2,'2015-12-10 07:19:18','2020-12-07 22:48:10'),(4,145,'Guiseppeberg','perspiciatis','lehner.taylor@example.com','Fuga asperiores omnis et. Qui et et in. Asperiores delectus quos repudiandae at omnis qui.',8,'2009-10-15 07:55:27','2020-12-07 22:48:10'),(5,54,'Viviennefort','earum','gladyce.hilll@example.com','Rerum illum dicta impedit consequatur voluptatem dolore. Dignissimos enim odio id.',11,'2003-09-27 08:54:49','2020-12-07 22:48:10'),(6,133,'Melanychester','reiciendis','ufay@example.org','Magni asperiores sit sequi modi et. Dolor perferendis in expedita illum ut. Ducimus eum dolorem reprehenderit ut. Beatae vitae delectus nulla accusamus et non laudantium beatae.',5,'2014-03-07 23:29:34','2020-12-07 22:48:10'),(7,52,'Kundemouth','et','elfrieda56@example.net','Excepturi eum beatae consequatur ad qui. Et atque et modi cum. Tenetur hic numquam omnis in. Veniam ex eveniet eaque facere.',5,'1988-02-21 22:04:23','2020-12-07 22:48:10'),(8,12,'Schuppeborough','vero','jhayes@example.org','Distinctio et saepe voluptas. Voluptas illo et rem dignissimos ducimus. Doloremque et iste facere magnam. Nemo officia eaque et molestiae id.',10,'1992-09-10 12:01:15','2020-12-07 22:48:10'),(9,54,'South Cecil','quia','joshuah86@example.net','Iste nam ducimus et ad qui. Aliquam cupiditate consequatur error qui pariatur ipsam qui. Atque non reiciendis non officiis tempore dolores eos. Tempora enim autem molestiae.',8,'1977-05-30 17:57:23','2020-12-07 22:48:10'),(10,84,'South Everardo','rerum','flavio93@example.com','Saepe et consectetur in a et vel possimus. Iure quisquam quisquam rerum qui. Optio similique dignissimos est non explicabo expedita. Voluptas aut a quod incidunt quos vel quas.',11,'1986-05-16 09:29:31','2020-12-07 22:48:10'),(11,107,'Lilianberg','laudantium','johanna99@example.net','Quos cupiditate deleniti quasi. Cumque aut ipsam incidunt. Laboriosam maxime aliquid animi saepe minus deleniti.',5,'2017-06-07 03:38:35','2020-12-07 22:48:10'),(12,134,'East Raphaelle','voluptatibus','ahmed.smitham@example.net','Quia eveniet quibusdam labore nihil qui facilis neque. Est dolor ut et voluptatibus fuga eum ea. Nobis veniam dignissimos sint consequatur molestias.',5,'1991-05-07 00:53:45','2020-12-07 22:48:10'),(13,47,'Port Gustview','porro','west.keyon@example.org','Sint est libero rerum vitae. Maiores maxime nesciunt non qui quos nulla. Laborum facere perferendis ut a perspiciatis excepturi sint. Fuga id modi est.',10,'2020-01-28 00:07:10','2020-12-07 22:48:10'),(14,133,'Lake Burdetteberg','debitis','becker.wanda@example.com','Hic beatae architecto voluptatum non amet facilis ut. Qui accusamus ipsa nihil vel occaecati. Sunt maxime culpa eum quidem totam sunt est. Illum ut corporis praesentium aliquid cupiditate aut sit.',9,'1982-03-25 21:48:12','2020-12-07 22:48:10'),(15,74,'Jessicashire','et','braulio.steuber@example.net','Quibusdam eum assumenda eius voluptatum labore sed ea. Ipsum deserunt eum qui quis. Totam et vero sed est aliquam sequi.',1,'1980-07-21 08:52:37','2020-12-07 22:48:10'),(16,121,'Rosenbaumport','facilis','simonis.peggie@example.net','Quasi non enim provident veritatis. Aut eos et est. Id asperiores rerum vel ut qui mollitia mollitia. Commodi soluta et officia pariatur.',4,'2002-09-18 21:19:17','2020-12-07 22:48:10'),(17,84,'West Cristina','quis','daphney33@example.net','Quis impedit repellat architecto. Quia ullam doloremque consequatur nostrum. Sunt perspiciatis quidem vel deserunt consequatur nisi. Et in quia animi ut quaerat et voluptates.',4,'2004-04-11 07:07:56','2020-12-07 22:48:10'),(18,54,'New Rogeliofurt','quis','jarred.greenholt@example.net','Hic illo minus qui quia occaecati ipsum. Eligendi odit vero facere dignissimos tenetur adipisci. Odio magnam nihil sint sint expedita ipsa eligendi. Nihil dolores est vel ad autem enim id itaque.',9,'1982-07-30 06:54:29','2020-12-07 22:48:10'),(19,19,'Raymondberg','praesentium','tre29@example.org','Aliquam ut autem earum aperiam aperiam. Et ad deserunt et mollitia. Dolore saepe necessitatibus minima sapiente.',7,'2012-08-06 23:56:21','2020-12-07 22:47:04'),(20,83,'Serenityfurt','ut','morris04@example.org','Nam quia alias inventore dicta tempore est. Exercitationem reprehenderit eos dolores et laudantium ipsam velit. Rerum ea non consequuntur odit qui incidunt ad aspernatur. Eos itaque eveniet et quisquam eos aut ut.',7,'2007-09-06 10:55:15','2020-12-07 22:48:10'),(21,58,'Roobchester','eaque','odouglas@example.net','Soluta saepe molestiae tempora aliquam quia eaque molestiae nostrum. Id excepturi rerum voluptas optio labore velit. Sed quia possimus tenetur totam quis ad possimus fugit.',2,'1972-01-26 11:57:35','2020-12-07 22:48:10'),(22,38,'Murphymouth','iure','lindsey76@example.com','Aut autem ea aut sapiente tempora dolores necessitatibus. Nam minus molestiae ducimus. Ipsam libero mollitia accusamus nisi voluptates sed rerum veritatis. Accusantium fuga sit laudantium necessitatibus beatae placeat maiores ipsam.',11,'2012-06-09 01:32:48','2020-12-07 22:48:10'),(23,18,'West Joanne','itaque','rpagac@example.com','Deleniti quia nostrum eos saepe voluptatem. Aliquam aut illum et quaerat dicta. Sequi id sit labore veniam non. Suscipit optio iste veritatis ipsam minus debitis numquam omnis. Excepturi sint libero dolor vel veniam in eum.',2,'1991-04-04 07:03:53','2020-12-07 22:48:10'),(24,126,'Lake Heloise','voluptatibus','xschultz@example.com','At deserunt nulla et dolorem. Consequuntur facere repellat ipsam earum repellendus optio corporis odio. Dolore quae fugit fugit repellat error quia soluta. Corrupti consequatur rerum neque eum aut quo deleniti.',10,'2013-08-30 05:05:38','2020-12-07 22:48:10'),(25,124,'New Lindsay','atque','asmitham@example.net','Incidunt molestiae aut architecto eius debitis dolorum. Dolores soluta dolorum consectetur tempora dignissimos rerum debitis sint. Quia nemo pariatur ducimus distinctio quis blanditiis. Minima quos id natus delectus aut quo quisquam quae.',10,'1983-06-04 12:23:32','2020-12-07 22:48:10'),(26,91,'Port Paoloview','consequatur','rozella.dicki@example.org','Eaque quos deserunt iure eos ut doloribus qui velit. Eos earum est voluptatem consectetur itaque omnis. Est quos repellendus error omnis est amet. Totam assumenda sunt magnam et.',8,'2003-04-14 01:30:29','2020-12-07 22:48:10'),(27,82,'East Arnaldofurt','et','quinton11@example.org','Sint perferendis placeat voluptas voluptas. Consequatur fuga quod id nisi dolores dolor. Temporibus error tenetur omnis minima odio. Repellendus odio eum similique repudiandae. Quis odio quia corrupti porro id omnis.',10,'1971-05-03 05:26:44','2020-12-07 22:48:10'),(28,136,'West Oceanefort','mollitia','anastacio.hartmann@example.org','Est corrupti aut et. Unde non aut nemo perspiciatis soluta. Aut quo non sed temporibus laudantium dolor. Aut voluptas quae dolorem delectus consequatur illo qui sunt.',2,'2019-08-14 20:43:37','2020-12-07 22:48:10'),(29,134,'Zitaview','tempora','kennedi66@example.com','Laudantium atque laudantium ut qui ut. Facere sunt consequuntur nobis perspiciatis accusamus. Voluptas voluptatem nesciunt nam. Et quia aperiam numquam perspiciatis ea veritatis nesciunt neque.',3,'1974-07-07 06:11:20','2020-12-07 22:48:10'),(30,110,'Windlerport','quas','napoleon98@example.com','Autem rerum nemo id dolorem eveniet odio eaque. Optio consequatur voluptatem sunt nemo. A commodi qui enim id aspernatur repellendus velit. Tempore voluptate expedita qui adipisci harum dignissimos.',9,'2009-03-08 01:54:34','2020-12-07 22:48:10'),(31,150,'Walshhaven','maiores','friedrich97@example.com','Excepturi dolorem voluptatem tempore accusamus sint sit. Sit quia eaque est dicta. Blanditiis et dolores autem officiis ipsa corrupti.',11,'2012-09-15 21:07:10','2020-12-07 22:48:10'),(32,120,'Port Sandyland','corrupti','kelsie.rath@example.org','Sapiente dignissimos voluptatem accusantium et dolorem sint. Aut debitis doloribus ad est et impedit blanditiis. Porro rem doloremque in non id suscipit error autem. Expedita a quis quas animi quos.',2,'1982-06-19 02:54:43','2020-12-07 22:48:10'),(33,149,'Lake Roman','dolore','verna63@example.org','Harum eius et ut ducimus praesentium eligendi. Eveniet minus ut quia ea.',2,'2007-09-19 17:02:10','2020-12-07 22:48:10'),(34,85,'Toneyland','sint','luettgen.imelda@example.com','Tenetur iusto similique harum et aut consectetur. Quaerat earum cumque doloremque cupiditate autem expedita ad molestiae. Qui atque facilis voluptate qui vel debitis maxime. Quia in unde enim ab esse.',5,'2020-08-04 16:25:23','2020-12-07 22:48:10'),(35,128,'McKenziemouth','aut','scollins@example.com','Saepe et adipisci corrupti. Esse fugit neque ratione. Veniam est necessitatibus voluptates dolores.',4,'1989-06-15 02:17:42','2020-12-07 22:48:10'),(36,84,'Port Jabari','commodi','elias.stehr@example.org','Velit dolor nihil ea. Molestiae sit nihil incidunt fugit cumque.',3,'2005-03-12 11:49:26','2020-12-07 22:48:10'),(37,34,'Julienmouth','quae','jacquelyn.volkman@example.org','Veniam aperiam dolores vel accusamus dolorum laborum. Fuga quia enim dolorem veritatis accusamus odio. Expedita explicabo totam incidunt deleniti ullam. Accusantium natus optio omnis quia dolores voluptas.',6,'1995-09-01 06:03:21','2020-12-07 22:48:10'),(38,68,'Mohammadhaven','atque','jackeline05@example.org','Quod maiores quia magni sint est. Similique dolor aliquid est vero inventore numquam et qui. Nihil qui numquam unde incidunt in. Eum quam repudiandae sit nisi et. In explicabo sint eius ullam nihil culpa.',8,'2005-09-28 20:18:05','2020-12-07 22:48:10'),(39,89,'East Neilbury','deserunt','mwalsh@example.org','Voluptatem nesciunt officiis et dolorum nesciunt inventore facere ex. Labore officiis eos ea porro sequi.',9,'2008-09-17 11:43:05','2020-12-07 22:48:10'),(40,88,'Port Brendan','iste','ybarton@example.net','Nisi aut enim nihil sequi natus facilis cupiditate. Sed consectetur est natus fuga adipisci dolores non alias. In nisi natus autem qui aliquam a. Tenetur et labore commodi est ut.',8,'2003-06-16 11:13:08','2020-12-07 22:48:10'),(41,26,'Port Urielmouth','sequi','balistreri.noemi@example.net','Temporibus ex totam et. Sapiente praesentium delectus vitae voluptas incidunt dolor ut. Cum consectetur aspernatur quod ex voluptas.',11,'1994-11-20 14:32:04','2020-12-07 22:48:10'),(42,13,'Denesikport','quod','lafayette23@example.net','Quibusdam doloremque minus dignissimos harum et et atque ut. Vel et veritatis similique nostrum consequuntur deserunt. Voluptate sint veritatis sit et.',8,'1978-03-12 12:41:07','2020-12-07 22:48:10'),(43,136,'Elainachester','sit','zula24@example.org','Hic aut est qui aperiam maiores laborum dolores. Quia iusto velit facere consequatur soluta alias incidunt. Ut voluptatibus ullam cumque odio.',7,'1972-03-25 12:48:46','2020-12-07 22:48:10'),(44,40,'North Rowan','rerum','coty54@example.org','Pariatur aperiam ut iure eaque. Est asperiores sed numquam est aut aliquam laudantium. Architecto optio ea natus repellat.',8,'2016-06-22 18:27:08','2020-12-07 22:48:10'),(45,91,'South Aaron','sit','braun.roslyn@example.net','Voluptatum qui magni tempora sed nihil est reiciendis. Voluptas fugit ipsum ut dolores rerum nesciunt. Accusamus non voluptatem autem doloremque eligendi itaque. Saepe in aut exercitationem earum.',10,'2008-12-08 21:09:12','2020-12-07 22:48:10'),(46,37,'West Gabriella','tenetur','shemar.wehner@example.net','Accusamus est fugiat unde maiores rem a. Eius et incidunt quos sint ut ut repudiandae. Magnam est laboriosam enim enim nesciunt eveniet. Illum omnis qui at debitis et consequatur veniam doloribus.',10,'1977-05-04 14:13:44','2020-12-07 22:48:10'),(47,58,'South Ernestinefurt','delectus','pchristiansen@example.org','Dolorum quibusdam aut ipsam voluptates. Sit non nihil quia et aliquid et ducimus. Dolor ipsa et quae fugiat nihil et.',10,'1971-10-02 21:17:41','2020-12-07 22:48:10'),(48,31,'Susanabury','iste','gisselle14@example.com','Quod enim natus dolorum sunt doloribus eius. Earum dignissimos aliquid veritatis dolorem. Rerum laboriosam impedit nam totam id delectus alias.',5,'1998-05-25 00:49:48','2020-12-07 22:48:10'),(49,132,'Pollichstad','sunt','aditya40@example.net','Tempore at saepe velit quo. Magnam voluptatum pariatur saepe soluta odio. Sapiente dolores harum aut nihil fuga.',10,'1999-08-03 15:04:41','2020-12-07 22:48:10'),(50,114,'Stuartbury','quis','liliane98@example.com','Libero mollitia eveniet dolores dolor velit. Et veniam sapiente enim.',8,'2012-04-17 14:16:08','2020-12-07 22:48:10'),(51,25,'West Karen','unde','fkulas@example.com','Nostrum vero sit veritatis voluptas delectus natus. Unde aliquid quis quis sed qui. Odit tempore voluptatibus dicta omnis laboriosam occaecati. Et aut eum voluptatem vel quos sed.',10,'2018-04-23 01:01:03','2020-12-07 22:48:10'),(52,83,'North Landen','quis','huels.dock@example.com','Exercitationem voluptatem aut eos praesentium sed vitae. Et non necessitatibus et doloremque facilis accusantium voluptate. Odio architecto molestias aut pariatur totam. Commodi necessitatibus voluptatum omnis culpa voluptatem numquam.',2,'1976-02-03 14:06:59','2020-12-07 22:48:10'),(53,37,'East Hannahfurt','quis','naomi07@example.com','Beatae in voluptatem earum est illum. Consequatur consequuntur est quaerat. Maiores fugit ipsam amet sint quia. Aut qui in ut velit qui dolorem fuga veniam.',2,'2013-07-18 23:02:49','2020-12-07 22:48:10'),(54,87,'Port Zaneshire','voluptates','cedrick.wintheiser@example.org','Ut porro perspiciatis mollitia similique quisquam. Molestiae impedit eum rerum eveniet. Dolorem optio voluptatem tempora reprehenderit placeat. Saepe qui sunt consequatur recusandae.',5,'1987-07-18 17:53:56','2020-12-07 22:48:10'),(55,22,'Maeberg','unde','berge.carrie@example.org','Quod quis corrupti ex aliquid et laudantium. Et dolore in illum non facilis. Laudantium aut totam a ad ex.',6,'1991-06-02 03:43:24','2020-12-07 22:48:10'),(56,150,'Dooleychester','eum','bleannon@example.net','Enim tenetur ab sint cum. Est illo aperiam vel ipsam minus voluptatum. Ipsam quia soluta et voluptatem et. Non beatae magni voluptas velit.',2,'2003-09-25 12:12:57','2020-12-07 22:48:10'),(57,84,'Port Allison','itaque','kozey.lauryn@example.net','Quia ea iusto dicta non recusandae optio. Soluta ipsum iste et sapiente aut beatae. Dicta quasi ipsum placeat ratione iusto.',5,'2002-07-03 02:44:28','2020-12-07 22:48:10'),(58,120,'Tobychester','sed','magdalen24@example.net','Exercitationem dicta ut animi. Incidunt consequatur porro beatae sed dignissimos. Facere iusto repudiandae ducimus tempora qui mollitia. Facilis sint aliquam enim eos et aut modi.',5,'2000-04-17 11:10:45','2020-12-07 22:48:10'),(59,48,'West Jazlyn','sunt','clara36@example.net','Dolor error deleniti debitis. Molestiae molestiae molestiae in provident architecto inventore est. Itaque aut optio molestiae iusto totam unde. Veritatis explicabo eos reprehenderit porro. Corporis quae eos voluptas dolores in rem odit.',10,'1975-06-18 22:40:37','2020-12-07 22:48:10'),(60,27,'New Conradton','dolore','lawson80@example.net','Libero ut in magni facilis soluta. Debitis expedita est rem esse voluptates et sit. Aspernatur et minima iusto in. Laboriosam et est laborum sunt consequatur.',11,'1974-03-21 20:31:22','2020-12-07 22:48:10'),(61,144,'Lake Eliza','quis','zaria.jast@example.org','Et nihil qui aut recusandae rerum quis quas. Quia nulla vitae quia libero reprehenderit sint. Est ut ut quia excepturi eum autem ipsum corporis. Id fugit enim fuga amet commodi laboriosam quia occaecati.',11,'1970-11-13 21:25:46','2020-12-07 22:48:10'),(62,35,'Schinnerton','qui','reynolds.barton@example.org','Qui sit dicta animi ipsam. Nihil eum ipsa id rerum et. Labore possimus quae libero suscipit in excepturi.',11,'1980-07-16 08:57:04','2020-12-07 22:48:10'),(63,42,'Royceside','consequatur','jamar.nienow@example.com','Vel dignissimos tenetur qui perferendis et et. Eveniet delectus voluptatem ut soluta autem est libero. Sit eos et et illum. Qui dolores neque repellendus voluptatem dolores at eligendi voluptas.',8,'1979-10-22 08:13:39','2020-12-07 22:48:10'),(64,108,'Schusterside','aut','batz.cordia@example.net','Deserunt autem quia dolorum fugiat. Exercitationem enim qui autem tenetur nihil voluptatibus sint. Fugit expedita voluptate et vitae soluta repudiandae. Dolores animi quae vel maxime est et.',8,'1999-01-28 17:06:25','2020-12-07 22:48:10'),(65,111,'West Princessside','provident','dewitt.wyman@example.net','Et molestiae in ullam rem sed. Qui tenetur accusamus quia velit praesentium ipsam consectetur eaque. Culpa repudiandae natus provident aspernatur rerum et reprehenderit adipisci. Voluptate explicabo officia exercitationem molestias.',3,'2011-05-20 05:35:42','2020-12-07 22:48:10'),(66,82,'Port Rettabury','quia','rodger.steuber@example.net','Maiores sunt et omnis voluptas laboriosam a ratione. Voluptas nostrum quidem velit quia quisquam minus corrupti. Sunt harum ipsam maiores aut.',3,'2003-03-18 03:06:55','2020-12-07 22:48:10'),(67,75,'West Mercedes','sed','pete.mante@example.net','Qui consequuntur vitae tempore inventore id iure et libero. Sed enim incidunt magni est tenetur. Quia cum modi totam sint illum deserunt vitae totam. Magnam quasi vitae quis delectus.',3,'1970-08-20 18:01:02','2020-12-07 22:48:10'),(68,128,'West Rosanna','at','parker.karolann@example.net','Et dolorum vitae commodi ullam fugiat. Esse id quae impedit autem. Qui sed quidem id nulla neque.',7,'1996-02-01 04:40:00','2020-12-07 22:48:10'),(69,114,'Pagacville','itaque','wintheiser.cali@example.com','Consequatur minus officiis ut aut. Modi sit qui alias fuga. Nesciunt porro deserunt sit labore quia qui animi perferendis.',2,'1970-07-02 01:26:58','2020-12-07 22:48:10'),(70,37,'Hodkiewiczton','et','daisha87@example.com','Eligendi amet doloremque nesciunt qui et accusantium. Perferendis occaecati culpa ea harum non ut occaecati aut. Corporis aut ratione ab corporis quos recusandae.',1,'1980-03-31 13:55:53','2020-12-07 22:48:10'),(71,142,'Lake Jovan','dolor','wiegand.jedidiah@example.net','Soluta et non omnis soluta reprehenderit enim ut rerum. Quia dolorem et assumenda. Laudantium voluptatem est consequatur error corporis. Eum tempora et commodi.',8,'2008-06-28 07:41:27','2020-12-07 22:48:10'),(72,148,'Frankbury','est','stoltenberg.vaughn@example.org','Laborum voluptas quibusdam sit quas. Fugiat quia numquam dolorum dolorem distinctio et ut. Illum dolore ut provident.',2,'2003-09-22 11:08:01','2020-12-07 22:48:10'),(73,15,'Giannishire','sit','jazmin.hessel@example.org','Ducimus id officiis ratione consequatur qui maiores dignissimos impedit. Omnis enim velit maxime et unde sit repudiandae. Labore sed sequi magnam non soluta explicabo veniam.',11,'1981-11-07 17:10:03','2020-12-07 22:48:10'),(74,78,'West Kattieton','maiores','hartmann.hadley@example.org','Voluptate nostrum dolorem animi magnam sapiente. Eos ea ullam quas. Ipsam laboriosam id sunt enim aliquam voluptates.',11,'1993-06-08 08:17:31','2020-12-07 22:48:10'),(75,46,'Boyleton','facere','porter.reynolds@example.net','Ab aut et laudantium a. Aut ab id consequatur nostrum earum sequi. Velit ut placeat dignissimos doloribus. Adipisci hic voluptas omnis.',11,'1984-06-21 00:27:43','2020-12-07 22:48:10'),(76,147,'North Karliberg','porro','lnikolaus@example.com','Non magnam in et deleniti sed soluta at odio. Dolores repellat quaerat illo rem qui autem inventore est. Dolorem et placeat ratione ea. Ducimus qui et sit ratione atque quidem quia.',10,'1982-12-05 05:45:00','2020-12-07 22:48:10'),(77,147,'New Garrettbury','inventore','coy09@example.com','Sed nobis eligendi sit quaerat ab tenetur. Sunt laudantium et deserunt quod dignissimos maiores sit. Autem consequatur adipisci in qui possimus. Nemo perferendis dolorem quasi quam.',4,'2017-04-22 15:47:06','2020-12-07 22:48:10'),(78,142,'Camdenville','explicabo','marilie.mcglynn@example.org','Nisi inventore consequatur repudiandae et ducimus voluptate. Placeat praesentium aliquam eaque repudiandae eligendi qui aperiam.',1,'2008-04-28 07:33:56','2020-12-07 22:48:10'),(79,118,'Lake Jovanimouth','earum','guido05@example.net','Iste neque aliquam doloribus nam neque quam. Laudantium et omnis assumenda porro ut fugiat deserunt. Voluptatem dolorem ratione placeat molestiae. Corrupti adipisci saepe fuga et voluptas et.',6,'1976-04-12 17:47:33','2020-12-07 22:48:10'),(80,13,'Matthaven','eius','jackson.schaden@example.com','Neque quis tenetur illo voluptatem nesciunt culpa molestiae unde. Et dolores quia aut voluptas magni eum. Sit voluptate voluptate quasi.',3,'1989-09-02 22:13:58','2020-12-07 22:48:10'),(81,13,'New Arvidshire','dolorem','bertram68@example.org','Quia ut reprehenderit cum consequatur omnis autem. Eligendi autem sint accusantium quia quidem. Dolorem sunt saepe in sequi voluptatem est.',9,'1986-08-13 05:39:50','2020-12-07 22:48:10'),(82,23,'Brayanborough','quo','stiedemann.judd@example.org','Quo aut omnis neque. Ea eum ut odio blanditiis eum ut. Adipisci omnis aut amet praesentium. Esse veritatis dolorem tempore ratione est. Aut nisi dignissimos optio.',10,'2009-12-01 00:13:07','2020-12-07 22:48:10'),(83,76,'East Susanfort','rerum','royce.rolfson@example.com','Nihil quia repellendus voluptates. Ullam quibusdam aliquam eos molestias debitis sint qui.',11,'1978-01-30 22:29:45','2020-12-07 22:48:10'),(84,12,'New Chadrick','possimus','ugrady@example.org','Neque voluptatem incidunt vitae dicta dicta. Illum voluptates dolores optio quos et iure distinctio. Ea optio sed neque qui ipsa libero voluptas omnis.',10,'2007-07-20 15:54:04','2020-12-07 22:48:10'),(85,129,'South Emanuel','est','garland.zulauf@example.net','Harum et eligendi dolor ex recusandae. Similique enim qui et libero. Illum consectetur magni dignissimos neque asperiores necessitatibus doloremque. Non est atque sunt temporibus expedita.',8,'1998-04-12 10:38:33','2020-12-07 22:48:10'),(86,11,'Towneside','architecto','keira.nitzsche@example.com','Quia est eos autem mollitia sit ipsa. Non pariatur culpa illo recusandae consequuntur. Adipisci est ducimus exercitationem. Harum minima omnis maxime velit aut neque facere voluptatem.',9,'2006-09-12 15:50:11','2020-12-07 22:48:10'),(87,118,'North Jaimeport','similique','gail.nitzsche@example.org','Dolorem animi cupiditate aut porro consequuntur dolorum non. Quia consectetur sit nam voluptatem nisi. Enim quia fugit nam similique ut.',9,'1992-09-01 15:04:22','2020-12-07 22:48:10'),(88,103,'North Mustafa','qui','vincenza68@example.net','Ullam repellendus qui incidunt maiores quibusdam perferendis voluptatem. Suscipit assumenda molestiae sit saepe quia. Consequatur ratione delectus incidunt ea porro assumenda dolorem.',5,'1997-11-28 23:30:05','2020-12-07 22:48:10'),(89,14,'Blickside','consequatur','hills.lue@example.org','Ut deleniti fugiat exercitationem consequatur. Libero harum recusandae minima molestiae optio rem dolorem. Natus doloremque aut dolore maxime voluptas sit recusandae.',11,'2017-06-27 10:47:18','2020-12-07 22:48:10'),(90,58,'West Selmerfort','blanditiis','wolf.obie@example.net','Ea officiis qui qui corrupti et. Ullam facere commodi dolorum totam quo. Iste est consequatur facilis officiis.',1,'1993-10-30 20:29:53','2020-12-07 22:48:10'),(91,99,'West Thomasburgh','voluptatem','vo\'reilly@example.com','Et consequatur reiciendis consequatur vel. Non itaque voluptatem mollitia non earum. Dolorum rerum ipsum animi eum recusandae. Consequatur autem totam asperiores minima similique aut.',9,'1985-08-08 04:19:45','2020-12-07 22:48:10'),(92,22,'Lake Shawnaside','rerum','bahringer.marisa@example.net','Quisquam amet ex aut porro. Quisquam delectus quis ea atque omnis optio. Quasi repudiandae ut cum officiis ad.',6,'1980-05-27 02:25:06','2020-12-07 22:48:10'),(93,112,'West Mabel','velit','leuschke.hilma@example.org','Fugit rerum qui et reiciendis. Quia inventore et sed eius eius at aspernatur nobis. Magni odit delectus aliquid iusto et. Aliquid et est tenetur inventore nostrum eligendi aut.',3,'1986-05-01 10:33:03','2020-12-07 22:48:10'),(94,41,'Lake Gerard','sed','schiller.tyrique@example.com','Suscipit sunt nihil et vel occaecati est labore architecto. Distinctio vel eius quo eligendi. Architecto et qui expedita facere. Consectetur ut omnis esse quam fugiat consectetur et voluptatibus.',9,'1975-12-09 07:13:05','2020-12-07 22:48:10'),(95,21,'Skilesstad','dicta','ygislason@example.org','Ipsa unde commodi sit nobis. Architecto incidunt autem corporis perferendis quod tempore ut. Sunt aut fuga officiis veniam alias. Odio impedit vero voluptatem possimus totam nesciunt.',10,'2010-06-09 14:12:49','2020-12-07 22:48:10'),(96,129,'Austenfurt','cupiditate','thora41@example.com','Dolor eveniet qui excepturi pariatur accusamus consequuntur. Quisquam nostrum quod minima consequatur. Nisi sit eum sed sapiente tenetur et nostrum.',9,'2006-12-18 06:03:05','2020-12-07 22:48:10'),(97,134,'New Antwan','quod','johnson.swift@example.net','Tenetur sequi voluptatibus sint quia. Eos asperiores corporis iste enim tenetur harum. Error culpa labore corporis ut qui sunt porro. Facere temporibus et repellat exercitationem.',5,'1989-12-05 00:09:14','2020-12-07 22:48:10'),(98,133,'Lockmantown','quisquam','adams.concepcion@example.net','Qui libero ipsa ipsa qui id. Facere soluta impedit sit. Eos ut non similique inventore quisquam illo sequi. Repellat sit et voluptates quasi nisi non accusantium.',7,'1979-02-04 17:59:30','2020-12-07 22:48:10'),(99,114,'North Zechariah','ut','skylar13@example.org','Autem iste beatae fuga est. Quo consequatur voluptatem eos harum provident. Dolores deserunt magnam tempore vel labore quos qui. Dolor omnis a sed iste quo sunt non.',8,'1987-09-14 09:17:33','2020-12-07 22:48:10'),(100,17,'Bereniceburgh','tempora','roberts.timmy@example.com','Ducimus et dicta est sapiente nemo. Sapiente esse ullam eos et. Natus quia tempora quidem enim reiciendis.',6,'1989-04-02 20:18:05','2020-12-07 22:48:10'),(101,42,'South Kalestad','et','evert11@example.com','Voluptatibus esse eum esse exercitationem. Debitis excepturi ut velit voluptatibus. Adipisci eum nemo explicabo vel consequuntur qui nobis eum. Perferendis modi et sequi velit.',4,'1997-07-15 05:14:05','2020-12-07 22:48:10'),(102,11,'Lake Ruthemouth','sed','senger.boris@example.com','Alias ut aperiam tenetur et. Ipsam maxime magnam rerum ut sit a ullam. Veritatis voluptates alias est dolorem. Tempore minus omnis exercitationem nulla saepe omnis saepe.',4,'2012-06-26 14:23:58','2020-12-07 22:48:10'),(103,77,'Bennieland','ut','junior.jacobs@example.com','Quasi sunt ipsa laboriosam et quia rerum. Nisi voluptatibus cum incidunt est. Quos rerum modi eum expedita facere. Vitae non inventore alias.',6,'2001-07-01 16:02:52','2020-12-07 22:48:10'),(104,54,'Tayaview','aut','emilia74@example.net','Dolor voluptatem voluptatibus praesentium illo incidunt quibusdam. Ab in quia omnis aut officia ut suscipit. Voluptatibus quos neque in non beatae. Veniam et deserunt possimus.',6,'1989-03-02 15:13:12','2020-12-07 22:48:10'),(105,36,'Breitenbergtown','eos','salvador.conroy@example.org','Quia aperiam blanditiis reiciendis repudiandae tenetur. Dignissimos deserunt molestiae fuga. Et doloribus repellat beatae magni rerum. Illo distinctio occaecati quae quia. Reiciendis voluptas sit explicabo mollitia ipsa nihil eaque.',11,'2015-05-15 23:03:26','2020-12-07 22:48:10'),(106,20,'South Archbury','animi','trevor54@example.org','Distinctio tempora quo et. Officiis nesciunt in debitis dolore libero eum aut dolorum. Eum necessitatibus dolorem deserunt id omnis consectetur sunt.',12,'1973-01-26 22:58:44','2020-12-07 22:48:10'),(107,141,'New Effieshire','sed','susana25@example.org','Asperiores officia voluptatem pariatur sed et maxime cupiditate. Nihil perspiciatis architecto amet quia et ut sit. Provident dicta repellat enim non odio architecto.',2,'1980-04-18 12:50:14','2020-12-07 22:48:10'),(108,45,'North Lourdes','natus','jasper.kub@example.com','Quo fugiat quo voluptatem numquam. Neque sequi minus rerum sit dolorem quae. Praesentium possimus ut amet et natus illo. Nihil vitae vero atque ut fugit. Veritatis qui odio quidem aut saepe rerum.',10,'2019-12-29 07:35:32','2020-12-07 22:48:10'),(109,101,'Darenfort','omnis','durgan.niko@example.net','Consequatur nam eos dolor. Sunt explicabo ex ipsam quo. Ducimus at nulla veniam aut in velit inventore maxime. Dolorem et voluptatem vitae voluptatem laboriosam qui nesciunt ea.',6,'1991-06-13 10:08:47','2020-12-07 22:48:10'),(110,67,'Lisaburgh','sed','braulio.paucek@example.com','Ut a aspernatur et. Aut qui itaque amet omnis perspiciatis. Nihil fuga itaque sit ipsum. Odio vitae corporis repellat sed ipsum quia quos sit. Nemo error ea culpa accusantium voluptas magni veritatis rerum.',3,'2001-03-31 13:11:13','2020-12-07 22:48:10'),(111,35,'East Jadenstad','molestias','pwiegand@example.net','Temporibus velit eaque optio itaque et incidunt aliquam. Ea magni earum incidunt qui. Et facere eos blanditiis quaerat nihil repellendus.',5,'1994-06-27 06:35:51','2020-12-07 22:48:10'),(112,121,'South Paige','ut','zlind@example.org','Facere dolores qui sint rem. Aut fugiat temporibus quis incidunt. Officiis delectus molestiae rerum consequuntur eius.',7,'1993-07-21 13:11:03','2020-12-07 22:48:10'),(113,49,'South Alexchester','illum','shaniya.jast@example.org','Culpa dolor quibusdam enim esse. Veritatis odit voluptatum suscipit harum. Commodi corporis repellat autem commodi et consectetur explicabo in.',5,'2010-05-12 08:06:10','2020-12-07 22:48:10'),(114,33,'Lefflerberg','sequi','carli.zboncak@example.net','Est corrupti sed odio atque aut quia quae. Nihil nihil facere ipsam qui. Voluptatem quae dolore occaecati pariatur aut dolorem. Fugit dolore aspernatur provident animi vitae ad ullam.',4,'2013-10-31 00:51:15','2020-12-07 22:48:10'),(115,19,'Boehmview','delectus','dtreutel@example.com','Et facere rerum enim saepe. Architecto reprehenderit non expedita pariatur officia. Eum non ducimus commodi ut cumque perferendis cupiditate.',7,'2004-09-04 16:55:22','2020-12-07 22:48:10'),(116,144,'West Georgestad','veniam','jerome.wintheiser@example.com','Impedit consequatur ea id animi suscipit in beatae ut. Deserunt ut consequatur ratione maxime nulla. Accusantium enim odit nobis consequatur neque assumenda. Perspiciatis dolorem qui rerum commodi ipsum facilis.',7,'1997-11-10 17:07:41','2020-12-07 22:48:10'),(117,64,'Gerlachview','ut','nturner@example.net','Autem maxime ipsam eveniet totam magni. Suscipit et qui a dolorem et consequuntur. Voluptates id quibusdam perspiciatis placeat qui voluptate. Quidem facere dolore fugit quam omnis. Quibusdam illum molestiae est eum explicabo fugiat nulla.',5,'2009-04-07 19:28:40','2020-12-07 22:48:10'),(118,38,'Bellfurt','non','katarina.goldner@example.net','Et voluptatem incidunt sit atque cumque vero. Nisi alias similique quos voluptatum repellat id. Corporis aut et animi temporibus.',12,'1992-11-07 20:23:48','2020-12-07 22:48:10'),(119,146,'Bahringermouth','tenetur','howell.harber@example.org','Accusamus voluptas consequatur velit nesciunt necessitatibus minima rem. Dolorem rerum nihil occaecati facere et enim qui. Error aut sint vel pariatur.',9,'2005-09-18 00:20:18','2020-12-07 22:48:10'),(120,16,'Josianeland','impedit','wkihn@example.org','Dolore iure laudantium officia id rerum cupiditate. Aut quam placeat veniam tempora. Quisquam ipsum ipsa ut et. Et eius distinctio et maiores.',10,'1985-05-03 10:42:28','2020-12-07 22:48:10'),(121,92,'North Mattie','repellendus','ametz@example.com','Nobis officiis at minima est. Necessitatibus dolor eos odit ea fuga doloremque consequuntur eligendi. Eligendi rerum sunt eos nemo tenetur eius. Porro quis rerum et et.',9,'1978-05-20 22:17:29','2020-12-07 22:48:10'),(122,109,'Bettyside','qui','heller.cletus@example.net','Aliquid et quod voluptas quam enim fuga. Ea quaerat nulla iure quisquam. Sit a maxime voluptatibus. Totam aut et est.',1,'1988-10-01 08:14:42','2020-12-07 22:48:10'),(123,120,'Gradyshire','dolorum','lpaucek@example.com','Explicabo omnis ex repellat. Velit est ea non. Qui deserunt consequatur corporis non voluptatem optio culpa.',3,'2013-03-18 08:42:45','2020-12-07 22:48:10'),(124,124,'Strackeberg','officia','corkery.ila@example.com','Ipsam animi at enim quisquam nam blanditiis dignissimos enim. Rerum vitae nobis esse autem qui est. Voluptates id atque possimus asperiores cum aut et laboriosam. Quia dignissimos aliquam totam consectetur non.',1,'1976-12-17 22:28:26','2020-12-07 22:47:04'),(125,109,'Kundechester','non','emma48@example.net','Sed nobis quia voluptas voluptatibus soluta dolores. Eos et ratione et et aperiam quod fugit. Saepe deleniti veniam ullam ut sint laborum.',4,'1975-02-21 14:09:30','2020-12-07 22:48:10'),(126,23,'Angelinetown','recusandae','creichel@example.org','Ut debitis cumque quia et. Error asperiores quam rerum iure et magnam facere veniam. Similique ea numquam eligendi recusandae aut.',8,'1987-07-08 10:37:26','2020-12-07 22:48:10'),(127,85,'Elmerchester','enim','lura.renner@example.org','Debitis dolores debitis nostrum ut. Et pariatur dolorum quia harum. Distinctio laudantium et sit est. Ut veniam qui cum ut cupiditate maiores. Facere asperiores nobis voluptas aut dolores.',1,'2007-09-18 21:45:20','2020-12-07 22:48:10'),(128,56,'Lake Ursulabury','sed','heidenreich.darrel@example.net','Consequatur velit beatae et. Eum quas minima aliquid voluptatem. Quas ea quia fuga perferendis velit quis ipsam.',4,'1971-06-29 14:41:56','2020-12-07 22:48:10'),(129,24,'North Richmond','sunt','upton.harry@example.org','Vero quia laudantium saepe dolorum ad id numquam nemo. Necessitatibus cum maiores maiores suscipit. Qui porro beatae eos ex sunt sint officiis quod.',5,'2013-09-02 10:02:34','2020-12-07 22:48:10'),(130,104,'North Antonina','et','bins.alexzander@example.net','Fugiat quis voluptatem mollitia magni. Recusandae distinctio tempore illo officia autem. Voluptates nisi assumenda quis suscipit eum temporibus. Deserunt alias dolorum qui quod et.',11,'1978-06-05 11:04:03','2020-12-07 22:48:10'),(131,146,'South Aaliyahborough','ea','angeline64@example.net','Sed nemo consectetur in voluptatem repellendus. Itaque consequuntur nobis doloribus iure et recusandae ut recusandae. Quae velit ad excepturi dolores enim quod aut architecto. Maxime est ut est totam quia consequatur commodi.',5,'1995-11-22 01:08:16','2020-12-07 22:48:10'),(132,118,'West Corteztown','voluptates','turner.anahi@example.org','Maiores assumenda consequatur odio quaerat. Enim quibusdam aut magnam debitis laborum totam vel. Expedita voluptatem sapiente maiores dolor assumenda dolorem. Autem voluptatibus autem suscipit architecto debitis odio deserunt.',5,'1976-06-25 08:55:45','2020-12-07 22:48:10'),(133,1,'West Veldastad','repellendus','kayla.white@example.com','Hic quia delectus repellendus assumenda eveniet dolor minima tempore. Consequatur dolorum officiis itaque aut.',9,'2014-08-11 11:59:00','2020-12-07 22:48:10'),(134,102,'Kuvalisfort','et','kolson@example.com','Ut iure dolor ipsum dolor quos voluptatem nesciunt. Dignissimos doloremque earum perspiciatis ea sapiente deleniti quia. Consequatur deserunt enim voluptas sit dolores.',4,'2015-10-09 05:29:23','2020-12-07 22:48:10'),(135,54,'New Johnathanstad','consequuntur','ernestine33@example.net','Quas ut sed et sapiente quae. Error molestias eum dolore inventore qui beatae architecto commodi.',5,'2001-09-30 19:01:10','2020-12-07 22:48:10'),(136,113,'South Johnson','voluptates','murray.corbin@example.org','Praesentium saepe non velit nam sequi quidem quis cupiditate. Dolorum et sapiente et sit est voluptatem nihil. Consequuntur neque eius sunt tenetur. Quis quia voluptatem expedita.',2,'1988-08-17 10:32:41','2020-12-07 22:48:10'),(137,102,'North Jeradside','quo','madelynn.torphy@example.org','Vero sit ullam illo et distinctio. Ipsum corrupti ullam quae cumque. Provident iusto repellendus aut nobis porro sit.',4,'1985-09-04 04:14:24','2020-12-07 22:48:10'),(138,20,'Jillianshire','rerum','obins@example.com','Veniam at blanditiis vero sit. Iusto iusto quam possimus recusandae rerum facere enim porro. Quidem error maxime commodi praesentium sit omnis repellat voluptatem.',2,'1990-01-15 09:55:22','2020-12-07 22:48:10'),(139,94,'Brownburgh','deleniti','kyla89@example.com','Quia iste ipsam tempora non autem dignissimos inventore aliquam. Amet quis officiis exercitationem incidunt exercitationem illo. Blanditiis dolorem at quia provident sed optio atque.',11,'2014-05-13 02:31:17','2020-12-07 22:48:10'),(140,110,'Ricefurt','praesentium','jimmie.kassulke@example.com','Deserunt aut veritatis ex aliquid asperiores sed. Cupiditate accusamus cum fugiat voluptas. Omnis pariatur autem ipsa explicabo.',11,'1998-08-19 04:11:35','2020-12-07 22:48:10'),(141,119,'Hazeltown','quis','rodriguez.odessa@example.net','Sint dolores est delectus iste provident. Aperiam illo iusto veritatis quas deleniti consequatur reiciendis repellendus.',10,'2014-04-02 14:16:39','2020-12-07 22:48:10'),(142,112,'Port Herminioshire','consequatur','hackett.gabe@example.net','Aut repudiandae eum necessitatibus illo praesentium tenetur accusantium. Commodi placeat occaecati accusamus voluptates sint et. Occaecati a voluptas sint ullam inventore.',6,'1975-05-18 18:45:35','2020-12-07 22:48:10'),(143,53,'Magnusville','earum','geoffrey.homenick@example.com','Aliquam nam dolor quia. Suscipit deserunt sed sit similique ut voluptatem. Soluta nam quia pariatur eum. Ullam non aut ullam culpa accusantium mollitia.',8,'2017-01-23 23:07:43','2020-12-07 22:48:10'),(144,79,'South Kenyonville','qui','cruickshank.blake@example.org','Molestiae odit sint enim dolorum provident sint. Facere dolore neque eum et quos non provident totam. Possimus eligendi modi expedita dolores voluptas recusandae magni perspiciatis. Ut reprehenderit blanditiis officia dolorem quia et.',1,'1989-03-21 17:24:52','2020-12-07 22:48:10'),(145,86,'Margareteview','officia','violette.wyman@example.com','Ducimus vero illum ducimus at. Sint rerum rerum repellendus et voluptatem quia voluptatem. Vitae aut facilis est consequuntur totam. Est reprehenderit iusto nesciunt nam. Iure quia similique libero qui illo.',1,'2013-07-29 04:25:13','2020-12-07 22:48:10'),(146,42,'North Marjorieberg','soluta','ogottlieb@example.org','Aut dolor perferendis porro velit quae eum consectetur. Voluptas itaque cumque quia laborum iste et voluptas. Laborum eaque dolorum et corrupti aperiam rerum expedita.',5,'1995-04-01 03:19:49','2020-12-07 22:48:10'),(147,103,'Purdyside','perspiciatis','lullrich@example.org','Voluptatem beatae ut nostrum. Deserunt est voluptatem sit rerum vel debitis. Enim id laborum amet exercitationem. Aperiam ut quo dicta itaque ab.',8,'2004-12-19 08:47:59','2020-12-07 22:48:10'),(148,89,'South Tia','culpa','grant.stokes@example.net','Eos adipisci omnis dolores quaerat sed ratione possimus. Necessitatibus tenetur animi explicabo quibusdam eum. Veniam quas debitis assumenda blanditiis quos quas.',2,'1976-12-21 00:16:56','2020-12-07 22:48:10'),(149,135,'North Johnnieville','consequatur','rtromp@example.net','Soluta aut totam eius doloribus aut. Eum minima quos harum facere sapiente delectus eos. Sapiente officiis esse voluptatem cumque amet et.',9,'2006-08-30 00:17:45','2020-12-07 22:48:10'),(150,107,'O\'Konmouth','et','haley.fahey@example.org','Pariatur consectetur aliquid dolorum in. Necessitatibus ratione consequatur autem autem aliquam quod reprehenderit aliquam. Suscipit consequatur vitae occaecati.',2,'1997-06-04 21:28:16','2020-12-07 22:48:10'),(151,128,'New Altamouth','et','white.millie@example.org','Esse accusamus saepe temporibus modi omnis. Placeat magnam enim voluptatem dolores dolores. Eum ut tempore incidunt sapiente ipsum ab.',5,'1985-10-24 11:23:37','2020-12-07 22:48:10'),(152,21,'Pierreton','illum','johnathon.reichel@example.com','Aut nulla quia qui et rerum aut nam. Minima corporis in alias cupiditate. Et optio exercitationem excepturi commodi itaque nemo. Sequi inventore quia veniam ea sequi praesentium.',9,'2007-01-21 00:44:27','2020-12-07 22:48:10'),(153,21,'Edmondberg','asperiores','immanuel39@example.org','Eum saepe consequatur porro modi est voluptate sequi. Ut fugiat accusantium ipsam enim qui dolorem similique. Autem at tempore nemo in officiis voluptas et. Illo corrupti similique molestiae aut fugiat veniam et.',3,'1977-11-24 01:54:58','2020-12-07 22:48:10'),(154,42,'West Cecile','esse','wilmer84@example.com','Dolores harum doloremque eligendi autem deserunt harum. Dolores voluptatem fugit voluptas earum accusantium veniam possimus. Sunt ut dolores minima. Ab unde aliquid ducimus expedita molestias.',1,'1975-10-25 17:20:44','2020-12-07 22:48:10'),(155,146,'North Osbornechester','velit','jspencer@example.org','Assumenda nemo voluptatum numquam sed et. Suscipit sunt tempore tenetur. Eius doloremque id repudiandae excepturi. Ut qui suscipit perspiciatis et a omnis voluptatem.',7,'1999-01-28 03:34:49','2020-12-07 22:48:10'),(156,5,'Yundtshire','cupiditate','dullrich@example.net','Exercitationem nihil excepturi maxime rerum et nulla illum aut. Aut iure vel dolorem debitis tempora libero aliquid. Ut non est deserunt quae hic amet dolore. Possimus suscipit ducimus assumenda et sit laboriosam inventore. Eligendi praesentium molestias laborum et perspiciatis quo maiores.',8,'1997-05-27 00:35:16','2020-12-07 22:48:10'),(157,35,'Johannshire','ullam','augustine01@example.com','Suscipit quia molestiae ullam accusamus laborum nulla vero. Et minima minus ut. Culpa ut et accusamus soluta aut sapiente. Error voluptatem facilis vel ipsa id dignissimos ut.',5,'2010-12-02 17:17:03','2020-12-07 22:48:10'),(158,10,'Raynorfurt','pariatur','providenci.lemke@example.com','Praesentium neque iure culpa fugiat. Dolorem assumenda quidem esse dicta aut. Qui sequi consequatur ipsum dolor ullam. Fugiat sint vitae est fuga incidunt tenetur iure.',12,'2013-06-02 18:13:13','2020-12-07 22:48:10'),(159,95,'West Dane','velit','gjakubowski@example.net','Provident voluptas dolor atque sit. Sed eaque quia esse non. Non adipisci voluptates exercitationem sed enim voluptas. Et labore molestiae ut quaerat. Accusantium eligendi quidem architecto.',10,'1998-03-18 18:20:07','2020-12-07 22:48:10'),(160,145,'Luettgenberg','reiciendis','theodore.grimes@example.net','Harum sit neque veritatis aut molestiae animi. Accusamus ea a dolorum. Voluptatem maxime quasi nesciunt consequatur aut. Numquam voluptate laborum quidem in.',3,'1978-05-29 03:49:48','2020-12-07 22:48:10'),(161,139,'Waelchichester','iste','varmstrong@example.com','Assumenda nihil atque pariatur nam rem. Autem ad enim mollitia et ipsum. Odio consectetur doloribus recusandae blanditiis distinctio accusantium eos voluptates. Laborum itaque officia doloribus qui quia quis rerum. Vitae consequatur pariatur voluptates suscipit corporis magni nisi tempora.',6,'2005-01-25 21:12:19','2020-12-07 22:48:10'),(162,110,'North Ephraimview','tempora','pcremin@example.com','Laudantium sit dolorem eaque accusantium rerum voluptatem quidem non. Voluptatem assumenda sed occaecati et commodi quae quae quasi. Quia numquam illum ad quia ea. Beatae nobis blanditiis qui iste enim repellat.',11,'1989-05-22 06:38:25','2020-12-07 22:48:10'),(163,130,'Bednartown','ad','kautzer.craig@example.org','Doloribus distinctio cupiditate sit. Harum nihil et adipisci laudantium.',11,'1999-02-20 11:15:03','2020-12-07 22:48:10'),(164,22,'Batzberg','consectetur','lillie.bauch@example.net','Non quibusdam sed quis ut pariatur iure. Et optio est in minima enim sint. Voluptatem non eveniet natus eum facere dolorem eos. Voluptas dolorum ipsa dolorem quod.',9,'2011-08-19 20:18:21','2020-12-07 22:48:10'),(165,18,'North Heidi','distinctio','fveum@example.com','Quia explicabo repudiandae facilis consequatur et aliquam ad. Iusto temporibus nostrum et dolorem quasi et. Voluptatem reiciendis exercitationem voluptates perferendis quam eaque eveniet.',12,'1994-06-01 04:12:41','2020-12-07 22:48:10'),(166,25,'McDermotttown','similique','monserrate68@example.com','Quis omnis voluptatem asperiores in. Voluptatum odio dolor consequatur fuga dolorem animi atque. Illum molestias occaecati minus repellat. Ut vel sed eveniet consequatur ea dolorem. Voluptatem aut perspiciatis consequatur quisquam voluptatem sit.',10,'2011-10-25 03:25:20','2020-12-07 22:48:10'),(167,71,'Johathanchester','non','marley.bechtelar@example.com','Recusandae voluptatem molestiae ut rerum vel. Illum id quas eius et perspiciatis dolor dolore.',12,'2003-06-06 14:36:33','2020-12-07 22:48:10'),(168,129,'Grantbury','et','eusebio.gislason@example.net','Omnis sunt nobis voluptatem voluptatum consequatur sit non. Qui quibusdam deleniti molestiae enim esse eos omnis. Est pariatur est autem perferendis sit nulla.',5,'1976-03-01 16:54:14','2020-12-07 22:48:10'),(169,132,'Patton','sed','wuckert.otha@example.net','Sit et reprehenderit nulla et voluptas fugit. Aut suscipit at beatae ipsam ad explicabo nisi. Facilis consequuntur ut nesciunt qui impedit asperiores magni. Blanditiis quasi vitae perferendis laboriosam blanditiis.',1,'1978-11-17 23:59:37','2020-12-07 22:48:10'),(170,121,'Stokesland','enim','knader@example.org','Ipsa mollitia voluptas ratione voluptas minima est. Ipsa distinctio rerum est ut iure facilis distinctio. Sunt aut illum modi non praesentium error.',2,'2014-10-13 06:21:50','2020-12-07 22:48:10'),(171,58,'North Madilyn','quam','carroll.bo@example.net','Quod adipisci nulla enim voluptatem asperiores et. Qui ipsam corporis odio et dolorum modi eligendi omnis. Et assumenda omnis accusantium architecto labore aut. Et enim at voluptatem ea.',6,'1982-11-20 15:50:28','2020-12-07 22:48:10'),(172,76,'Port Margueriteland','veritatis','lucile11@example.com','Nostrum corporis blanditiis delectus quia ex et iusto. Non vel quaerat provident consequatur iusto laborum sed.',2,'2009-12-19 05:24:18','2020-12-07 22:48:10'),(173,57,'New Gilesmouth','omnis','jacobs.antwon@example.net','Maiores voluptas laudantium ea consequuntur ex ratione. Sapiente quo doloribus eum autem sint alias.',12,'1983-09-09 05:53:03','2020-12-07 22:48:10'),(174,55,'Mabelside','officiis','lauretta41@example.org','Fuga excepturi ducimus doloribus tempore velit et. Dolor sequi officia rem dolorem. Aut nisi qui eum.',7,'1987-01-23 01:28:45','2020-12-07 22:48:10'),(175,103,'Feestton','pariatur','cortez45@example.org','Alias quaerat deserunt commodi placeat totam corporis. Non ab distinctio nemo omnis aut eveniet tenetur. Est ducimus impedit quam minima. Fugiat eos dolorem aut. Ea illum distinctio ratione aut facilis.',8,'1972-11-20 11:57:18','2020-12-07 22:48:10'),(176,50,'Brandtberg','dolorem','ernser.julio@example.org','Deleniti fugiat nulla laudantium non iure. Minus sit et nisi sit libero voluptatem. Cumque repellendus qui quam voluptates consequuntur. Rerum eius id laborum aperiam occaecati.',9,'1999-02-05 08:58:55','2020-12-07 22:48:10'),(177,91,'Erdmanview','reiciendis','wiegand.hassie@example.com','Et provident pariatur ex non optio. Officiis minima minus quia qui eaque et similique atque.',8,'1972-12-19 22:47:27','2020-12-07 22:48:10'),(178,3,'North Crystal','et','rosalind.murphy@example.com','Et labore harum eos atque saepe nihil et adipisci. Aperiam deleniti veritatis quia adipisci. Voluptatem et ut ea quaerat vel nulla iure. Quia cupiditate sunt eos iusto molestias placeat. Voluptas minus autem illum totam omnis dolore molestias.',12,'1994-08-29 17:15:07','2020-12-07 22:48:10'),(179,41,'Ankundingmouth','molestias','efeest@example.net','Dolores ipsam possimus sit aspernatur deserunt occaecati et quam. Dolore in et quod. Error eius iusto quia impedit.',12,'2005-12-15 10:50:09','2020-12-07 22:48:10'),(180,46,'New Maryjane','fuga','kristy45@example.org','Et nihil deserunt pariatur et impedit molestias. Ut error magni libero quae maxime porro. In facilis id sint et cum dolor et quibusdam. Possimus ea officiis voluptas omnis vel.',1,'1975-01-01 18:03:05','2020-12-07 22:48:10'),(181,106,'West Moriah','quia','jacobson.tiffany@example.com','Neque ut et est explicabo et. Dolore voluptas et voluptas voluptatem magni repudiandae non. Aut consequatur amet aut consequatur aliquid rem.',2,'2014-02-15 09:30:13','2020-12-07 22:48:10'),(182,93,'South Niafurt','ut','theresa.bradtke@example.com','Tenetur qui saepe similique placeat velit. Repellat quas possimus illo aut. Voluptatum voluptatem enim sed officiis veritatis molestias.',5,'1993-01-31 05:28:07','2020-12-07 22:48:10'),(183,146,'O\'Reillymouth','modi','abbie.murazik@example.net','Culpa nemo consequatur rerum voluptatum mollitia voluptate aut. Omnis incidunt recusandae eligendi voluptatem praesentium autem debitis sed. Modi quae fuga fugiat rerum. Temporibus eum facere consequatur beatae ratione veniam autem.',10,'2004-03-10 10:46:36','2020-12-07 22:48:10'),(184,150,'Beahanland','labore','eliza42@example.net','Accusantium et veritatis similique magni. Qui alias nulla aut ullam odio. Ex porro nobis exercitationem quo.',9,'1978-11-12 00:01:55','2020-12-07 22:48:10'),(185,11,'Malvinaton','saepe','upton.bernita@example.org','Placeat est dolores omnis itaque ut sint. Et doloremque architecto quisquam quia corporis.',4,'2018-01-19 23:29:01','2020-12-07 22:48:10'),(186,53,'Gleichnerborough','quibusdam','qschmitt@example.org','Quis officia perspiciatis nesciunt nesciunt repudiandae ut eligendi. Quibusdam qui deserunt nisi unde et. A harum non qui numquam sed. Facilis repellendus voluptas velit eos. Est at quis aut vel.',3,'2000-05-15 15:24:08','2020-12-07 22:48:10'),(187,84,'Kemmermouth','saepe','homenick.einar@example.com','Facilis debitis id iste minus incidunt alias facilis. Enim quo et quos nostrum molestiae omnis nihil.',4,'1985-07-29 08:03:37','2020-12-07 22:48:10'),(188,112,'Jimmyfurt','consequatur','raphael02@example.com','Magnam impedit temporibus laboriosam voluptas et. Voluptatem sit amet exercitationem voluptates cum officiis. Quis doloribus ullam consequuntur quas sed magni odit.',9,'1980-04-19 23:40:29','2020-12-07 22:48:10'),(189,5,'Parkermouth','at','rbahringer@example.org','Repellendus maiores ut deserunt enim et amet est. At dignissimos laborum natus tempora a reiciendis earum. Illum sit beatae in repudiandae nemo non at. Quis officia ea et et et est ut.',10,'1993-04-24 20:17:28','2020-12-07 22:48:10'),(190,138,'East Melynamouth','et','miller.miles@example.com','Non quaerat amet nihil sunt magnam. Maiores ratione id vel et et. Voluptatem assumenda maxime voluptatum dignissimos. Iusto pariatur laborum nobis voluptate aut accusamus.',11,'1978-05-15 05:37:02','2020-12-07 22:48:10'),(191,73,'Bergstromton','ipsum','ukris@example.org','Dolor sit voluptatem dolores est ad tempora ut. Eos rem omnis sunt suscipit ducimus. Veniam rerum libero exercitationem aut facilis iure. Debitis fugit sit dolor ipsam est et sapiente possimus. Reprehenderit officiis dolor perferendis quam commodi soluta earum iusto.',10,'2013-07-02 20:37:57','2020-12-07 22:48:10'),(192,104,'South Rashad','iure','gprice@example.org','Quia illum quis dolores temporibus nihil animi. Delectus provident voluptas et. Repellendus laboriosam fugiat eum voluptatem.',6,'2017-05-05 01:50:59','2020-12-07 22:48:10'),(193,147,'South Clay','deserunt','delfina81@example.net','Non et ut sed aut. Sit nobis magni est ut asperiores reprehenderit. Quasi velit quibusdam tempora ea expedita. In et sunt facilis architecto.',1,'1972-12-26 23:35:14','2020-12-07 22:48:10'),(194,126,'Larkinstad','quasi','hannah84@example.com','Hic adipisci illum odit at sequi. Molestias reiciendis est adipisci quia ad. Quasi voluptas quibusdam esse adipisci impedit.',11,'2000-12-30 13:40:29','2020-12-07 22:48:10'),(195,35,'Port Jaydaside','quia','thompson.russel@example.com','Distinctio sunt sint non sunt expedita temporibus adipisci. Eum velit et modi assumenda illum cum necessitatibus. Quos qui ex necessitatibus maxime ipsam et.',1,'2009-10-18 02:27:34','2020-12-07 22:48:10'),(196,100,'Port Esta','molestias','marina18@example.org','Totam quaerat provident aut dolorem quo consequatur tenetur dignissimos. Laudantium cumque aut earum iusto. Quae et quos dolores ipsa quaerat distinctio rerum aspernatur.',8,'2016-02-03 17:55:39','2020-12-07 22:48:10'),(197,91,'Abshiretown','officiis','hiram95@example.com','Quia accusamus in et aut amet quibusdam sunt. Repellat quia iste consequatur ut nostrum. Accusantium consectetur et facilis optio et.',12,'1998-10-03 08:23:54','2020-12-07 22:48:10'),(198,6,'Nelsonchester','nostrum','demond99@example.com','Enim qui quia nam deleniti enim voluptatem. Amet est qui architecto. Modi aliquam expedita aut qui quis. Excepturi rerum et et a sint.',11,'1998-09-15 10:54:41','2020-12-07 22:48:10'),(199,57,'South Madelynn','incidunt','funk.aubrey@example.net','Et id voluptatem quasi et ab quis ut. Voluptas consequatur est voluptatibus maiores eos. Laboriosam ipsam exercitationem quod unde reiciendis.',9,'1970-06-05 03:40:15','2020-12-07 22:48:10'),(200,118,'North Alannabury','quae','maximillia.bayer@example.com','Debitis id eaque ea magni. Sequi ut dolorem voluptas doloribus. Eum rerum ut saepe.',9,'1991-09-30 04:34:44','2020-12-07 22:48:10');
/*!40000 ALTER TABLE `feedbacks` ENABLE KEYS */;
UNLOCK TABLES;

--
-- Table structure for table `orders`
--

DROP TABLE IF EXISTS `orders`;
/*!40101 SET @saved_cs_client     = @@character_set_client */;
/*!50503 SET character_set_client = utf8mb4 */;
CREATE TABLE `orders` (
  `id` int unsigned NOT NULL AUTO_INCREMENT COMMENT 'УИД заказа',
  `user_id` int unsigned NOT NULL COMMENT 'Идентификатор покупателя',
  `order_number` varchar(25) COLLATE utf8mb4_unicode_ci NOT NULL COMMENT 'Идентификатор типа товара',
  `order_date` datetime NOT NULL COMMENT 'Дата оформления заказа',
  `address` varchar(255) COLLATE utf8mb4_unicode_ci NOT NULL COMMENT 'Адрес доставки',
  `cost` decimal(11,2) NOT NULL COMMENT 'Стоимость заказа',
  `delivery_service` varchar(255) COLLATE utf8mb4_unicode_ci NOT NULL COMMENT 'Идентификатор службы доставки',
  `state` int NOT NULL DEFAULT (0) COMMENT 'Состояние заказа (0-не оплачен, 1-оплачен, 2-формируется на складе, 3-доставляется, 4-доставлен, 5-завершён.)',
  `payment_date` datetime NOT NULL COMMENT 'Дата оплаты',
  `delivary_date` datetime NOT NULL COMMENT 'Дата доставки',
  `order_ditails` varchar(255) COLLATE utf8mb4_unicode_ci NOT NULL COMMENT 'Реквизиты заказа',
  `created_at` datetime DEFAULT CURRENT_TIMESTAMP COMMENT 'Дата создания строки',
  `updated_at` datetime DEFAULT CURRENT_TIMESTAMP ON UPDATE CURRENT_TIMESTAMP COMMENT 'Время обновления строки',
  PRIMARY KEY (`id`),
  UNIQUE KEY `order_number` (`order_number`),
  KEY `orders_user_id_fk` (`user_id`),
  CONSTRAINT `orders_user_id_fk` FOREIGN KEY (`user_id`) REFERENCES `users` (`id`)
) ENGINE=InnoDB AUTO_INCREMENT=201 DEFAULT CHARSET=utf8mb4 COLLATE=utf8mb4_unicode_ci COMMENT='Заказы';
/*!40101 SET character_set_client = @saved_cs_client */;

--
-- Dumping data for table `orders`
--

LOCK TABLES `orders` WRITE;
/*!40000 ALTER TABLE `orders` DISABLE KEYS */;
INSERT INTO `orders` VALUES (1,1,'3078','2020-03-31 11:46:10','2316 Schroeder Port\nPort Zelmastad, CO 45138-5715',476.00,'Ad rerum placeat est minus.',0,'2020-04-10 04:17:54','1974-08-09 06:05:27','Ad rerum placeat est minus.','2020-12-08 01:49:32','2020-12-08 02:30:18'),(2,2,'6426','2020-03-23 18:45:25','790 Uriel Plains Apt. 312\nKossfort, CA 00922',595.00,'Et fugiat sit officiis consequuntur.',1,'2018-12-05 09:54:56','1976-09-14 08:42:30','Et fugiat sit officiis consequuntur.','2020-01-21 20:11:44','2020-12-08 02:30:18'),(3,3,'3896','2020-11-10 11:15:20','8786 Altenwerth Spur\nStantonburgh, NC 42841',498.00,'Nemo dolor aperiam odio sit nemo et voluptatibus.',3,'1987-07-27 03:47:41','1987-08-10 02:47:40','Nemo dolor aperiam odio sit nemo et voluptatibus.','2020-12-13 06:31:50','2020-12-08 02:30:18'),(4,4,'8205','2020-07-04 04:17:28','634 Celia Locks Apt. 181\nNicolaview, MS 41659-6616',652.00,'Sint qui beatae eum exercitationem est.',1,'1976-12-06 14:36:12','1984-08-24 10:29:54','Sint qui beatae eum exercitationem est.','2020-12-04 15:38:38','2020-12-08 02:30:18'),(5,5,'1338','2020-09-09 13:13:26','793 Weissnat Square\nNew Elenamouth, OH 90774-2298',720.00,'Nisi dolore quod error et placeat et.',4,'2000-05-21 00:07:19','1998-06-10 02:27:50','Nisi dolore quod error et placeat et.','2020-01-27 04:40:23','2020-12-08 02:30:18'),(6,6,'8072','2020-01-26 17:21:24','8467 Felicia Point Apt. 198\nNorth Napoleonmouth, NC 85353-6078',594.00,'Rerum ut voluptatem numquam voluptas ex.',3,'2015-04-01 00:36:16','2016-09-07 07:37:18','Rerum ut voluptatem numquam voluptas ex.','2020-12-02 23:12:29','2020-12-08 02:30:18'),(7,7,'8352','2020-03-01 07:57:01','2035 Norris Locks\nNew Emmanuelle, NC 76297',758.00,'Sapiente dolores beatae deserunt quibusdam recusandae minima id.',2,'1989-12-24 18:48:11','1998-12-22 23:19:10','Sapiente dolores beatae deserunt quibusdam recusandae minima id.','2020-09-13 18:46:46','2020-12-08 02:30:18'),(8,8,'7543','2020-07-28 23:02:32','2103 Josianne Place\nWest Jodystad, FL 08197-8995',961.00,'Magnam repudiandae ut ut quia.',5,'1985-01-22 09:02:48','2015-02-21 17:37:51','Magnam repudiandae ut ut quia.','2020-10-04 06:01:09','2020-12-08 02:30:18'),(9,9,'2663','2020-04-18 01:00:13','9549 Morissette Mountains Suite 114\nVivienview, NY 10364-5376',480.00,'Harum exercitationem repudiandae ex sit ut suscipit.',0,'2011-06-13 02:12:13','1972-11-12 05:33:58','Harum exercitationem repudiandae ex sit ut suscipit.','2020-08-15 12:45:08','2020-12-08 02:30:18'),(10,10,'7682','2020-06-07 02:11:35','9731 Schuppe Lodge Suite 608\nPort Marisaport, GA 79772-6462',466.00,'Aut aperiam totam ea voluptas commodi quo omnis nisi.',5,'1981-01-25 11:02:48','2018-11-19 15:11:14','Aut aperiam totam ea voluptas commodi quo omnis nisi.','2020-03-18 10:19:01','2020-12-08 02:30:18'),(11,11,'2425','2020-07-26 09:29:00','79563 Carlo Cove\nEast Fionahaven, FL 10467',843.00,'Aut eos delectus iure placeat sed officia.',5,'2006-10-24 01:58:02','1989-10-13 22:41:27','Aut eos delectus iure placeat sed officia.','2020-05-09 04:12:02','2020-12-08 02:30:18'),(12,12,'6076','2020-10-04 09:43:19','26559 Rozella Stream\nKeltonfort, NY 34094',769.00,'Saepe debitis debitis quia enim esse nobis.',3,'1999-06-21 21:53:45','1993-12-29 03:18:49','Saepe debitis debitis quia enim esse nobis.','2020-11-03 05:36:38','2020-12-08 02:30:18'),(13,13,'4110','2020-03-14 23:16:19','151 Rosella Land Suite 623\nEast Randallborough, NE 23373-5666',263.00,'Ut sint eligendi ducimus optio.',4,'1975-01-05 17:58:54','1975-05-12 18:38:44','Ut sint eligendi ducimus optio.','2020-07-28 00:15:17','2020-12-08 02:30:18'),(14,14,'1322','2020-06-21 20:01:49','421 Brandy Lane Suite 211\nEast Reecestad, RI 47062-8897',959.00,'Est ullam temporibus hic impedit assumenda eaque.',0,'1987-03-13 02:20:13','2013-09-27 09:44:56','Est ullam temporibus hic impedit assumenda eaque.','2020-04-21 04:02:09','2020-12-08 02:30:18'),(15,15,'2278','2020-11-03 05:41:00','641 Kshlerin Islands\nTrevionhaven, GA 51249-5683',958.00,'Quod minima quidem cum ut ut ut sint.',5,'1975-11-12 19:41:26','1977-12-21 15:58:41','Quod minima quidem cum ut ut ut sint.','2020-04-15 15:44:02','2020-12-08 02:30:18'),(16,16,'6424','2020-06-04 14:17:41','9233 Kim Parkways\nPort Edmund, WA 06900-9244',863.00,'Dolores in recusandae debitis nihil nisi corporis numquam.',2,'2008-12-21 10:51:40','1989-06-04 02:50:37','Dolores in recusandae debitis nihil nisi corporis numquam.','2020-03-03 17:12:27','2020-12-08 02:30:18'),(17,17,'6290','2020-04-03 18:02:38','6338 Koch Extensions Apt. 093\nWest Marina, MI 55126',391.00,'Voluptatibus rerum et consequatur molestiae dolor recusandae.',0,'2012-06-02 22:29:40','1977-01-15 15:19:33','Voluptatibus rerum et consequatur molestiae dolor recusandae.','2020-12-14 02:35:46','2020-12-08 02:30:18'),(18,18,'2179','2020-11-16 15:19:43','1315 Monroe Cliffs\nRahsaanstad, NY 64670',316.00,'Qui quae explicabo omnis.',5,'2019-02-05 06:19:11','1977-02-20 18:09:41','Qui quae explicabo omnis.','2020-08-03 17:07:03','2020-12-08 02:30:18'),(19,19,'9022','2020-08-31 20:59:02','945 Fahey Junctions Apt. 580\nGoyettefort, KS 58081',358.00,'Earum architecto quaerat distinctio veritatis quo ea.',0,'2003-04-05 19:33:31','1984-02-02 00:09:10','Earum architecto quaerat distinctio veritatis quo ea.','2020-03-01 16:08:20','2020-12-08 02:30:18'),(20,20,'1577','2020-11-30 09:20:50','3198 Edmund Summit Apt. 311\nDibbertmouth, MT 42354-0221',791.00,'Est quisquam expedita nulla et.',0,'1971-01-02 12:05:48','2017-04-12 15:29:53','Est quisquam expedita nulla et.','2020-05-10 16:07:58','2020-12-08 02:30:18'),(21,21,'6816','2020-06-16 10:13:41','801 Abigale Flat Apt. 211\nMosesbury, AZ 23937',834.00,'Eum et non est minus facilis.',5,'1999-09-15 21:55:51','1970-10-18 03:49:16','Eum et non est minus facilis.','2020-06-26 02:33:05','2020-12-08 02:30:18'),(22,22,'1353','2020-11-16 17:44:03','041 Alva Curve Apt. 349\nSincereland, WV 15358-1217',746.00,'Tempora ipsum magni et est commodi.',1,'1989-04-11 22:46:59','1974-03-29 12:52:30','Tempora ipsum magni et est commodi.','2020-12-07 05:13:07','2020-12-08 02:30:18'),(23,23,'3317','2020-08-07 17:13:19','6287 Calista Turnpike Apt. 774\nSouth Alfredoport, ID 46860',178.00,'Vitae eos quo ut vero.',5,'2016-03-11 19:14:24','1991-09-24 11:46:54','Vitae eos quo ut vero.','2020-12-01 01:44:13','2020-12-08 02:30:18'),(24,24,'2528','2020-12-31 09:37:51','7614 Garland Port Apt. 453\nNew Reeceberg, OK 41162-7103',602.00,'Numquam nihil voluptas quo incidunt ex asperiores nulla.',0,'2002-04-19 00:47:48','1971-11-08 15:53:00','Numquam nihil voluptas quo incidunt ex asperiores nulla.','2020-01-22 00:29:04','2020-12-08 02:30:18'),(25,25,'1688','2020-05-14 15:50:47','190 Nadia Islands Apt. 773\nSporerton, MT 04914',428.00,'Quisquam harum voluptatibus velit hic quis.',2,'1978-12-20 03:12:22','2013-01-30 02:00:18','Quisquam harum voluptatibus velit hic quis.','2020-05-01 10:54:21','2020-12-08 02:30:18'),(26,26,'8855','2020-12-03 20:01:28','516 Stamm Wall Suite 519\nNorth Eastonfort, CT 25907-3977',282.00,'Praesentium voluptates voluptatibus asperiores rerum qui temporibus.',4,'2006-07-23 03:02:58','1981-09-01 12:00:13','Praesentium voluptates voluptatibus asperiores rerum qui temporibus.','2020-07-20 07:08:33','2020-12-08 02:30:18'),(27,27,'2217','2020-04-09 11:56:56','103 Collins Route\nWest Horacio, MI 67065-9458',79.00,'Aliquid quia dolorem laboriosam autem dolor neque corporis doloremque.',1,'1999-12-08 17:36:42','1989-10-22 03:52:01','Aliquid quia dolorem laboriosam autem dolor neque corporis doloremque.','2020-11-20 05:33:51','2020-12-08 02:30:18'),(28,28,'1517','2020-03-21 00:24:02','291 Altenwerth Rue\nWest Kari, TN 06385-9678',499.00,'Qui explicabo quasi sit aut aliquam.',2,'1976-07-07 07:43:59','1990-11-24 13:52:06','Qui explicabo quasi sit aut aliquam.','2020-08-29 05:24:24','2020-12-08 02:30:18'),(29,29,'8933','2020-02-01 15:32:52','0123 Jimmy Motorway Apt. 947\nKarleychester, NJ 68745-8160',208.00,'Voluptates ipsa ducimus excepturi at iusto reprehenderit.',2,'1990-08-09 06:42:52','1985-05-09 20:44:24','Voluptates ipsa ducimus excepturi at iusto reprehenderit.','2020-02-18 16:01:32','2020-12-08 02:30:18'),(30,30,'3121','2020-03-29 15:22:41','859 Turcotte Inlet\nJonfurt, NH 88357',492.00,'Explicabo sint optio eum in.',3,'1979-11-07 03:23:53','2008-01-25 01:00:07','Explicabo sint optio eum in.','2020-08-03 07:18:03','2020-12-08 02:30:18'),(31,31,'5802','2020-03-29 02:35:40','11325 Katelin Street\nOkunevashire, VA 50660',788.00,'Sunt veritatis non inventore facere deserunt aut non.',4,'2006-04-08 16:21:25','2005-02-02 14:13:10','Sunt veritatis non inventore facere deserunt aut non.','2020-07-25 03:26:25','2020-12-08 02:30:18'),(32,32,'9650','2020-09-14 10:54:57','84067 Thiel Drive Suite 176\nAnastaciomouth, LA 67201-4050',414.00,'Maxime architecto sint dolorem maiores debitis ut.',3,'2000-10-12 17:59:53','1983-02-12 17:30:21','Maxime architecto sint dolorem maiores debitis ut.','2020-11-07 16:23:26','2020-12-08 02:30:18'),(33,33,'2849','2020-09-15 09:06:23','2514 Carmen Forges\nAbernathyfort, AZ 65574',659.00,'Eos quam sed voluptatem similique omnis deleniti.',1,'1976-08-31 12:16:12','2010-10-15 07:51:33','Eos quam sed voluptatem similique omnis deleniti.','2020-03-09 23:36:31','2020-12-08 02:30:18'),(34,34,'2290','2020-09-15 14:44:49','78396 Fritsch Well\nNorth Nicklaus, WA 19581-7794',1000.00,'Iste ut explicabo dolore adipisci.',2,'1985-01-13 23:58:22','2002-10-05 03:19:46','Iste ut explicabo dolore adipisci.','2020-04-10 12:56:38','2020-12-08 02:30:18'),(35,35,'1907','2020-07-06 19:09:17','5453 Lorena Harbors Apt. 216\nLenorafurt, DE 94288',975.00,'Quis quisquam facere dolores quis facere voluptatem aut.',0,'1973-02-09 17:34:10','1979-07-04 14:14:15','Quis quisquam facere dolores quis facere voluptatem aut.','2020-05-10 09:47:49','2020-12-08 02:30:18'),(36,36,'1664','2020-01-10 07:24:49','739 Schinner Shore Apt. 808\nEast Monica, KS 99811',826.00,'Est ea alias non doloremque nemo et.',5,'2012-01-19 17:53:33','1996-06-18 12:13:39','Est ea alias non doloremque nemo et.','2020-08-26 04:14:31','2020-12-08 02:30:18'),(37,37,'1600','2020-05-18 06:22:20','04650 Arvel Ford Suite 991\nWest Linnea, IA 58082',154.00,'Non voluptas nemo eum quibusdam quisquam.',2,'2001-03-28 16:23:50','1975-11-03 04:16:53','Non voluptas nemo eum quibusdam quisquam.','2020-03-22 15:46:12','2020-12-08 02:30:18'),(38,38,'2010','2020-02-21 03:10:05','560 Morris Lodge\nJackieton, AZ 87123-5529',245.00,'Assumenda libero aut vero libero qui.',5,'2009-07-24 12:55:14','2015-07-13 10:52:25','Assumenda libero aut vero libero qui.','2020-12-01 10:20:45','2020-12-08 02:30:18'),(39,39,'4247','2020-09-13 08:34:17','20141 Rodriguez Plain\nPascaleberg, CA 96620',713.00,'Quidem doloremque aliquam laborum similique aliquid a accusamus.',1,'1995-10-24 12:23:47','1981-03-09 19:11:48','Quidem doloremque aliquam laborum similique aliquid a accusamus.','2020-11-07 19:58:07','2020-12-08 02:30:18'),(40,40,'5210','2020-08-31 00:34:09','008 Eichmann Fields Suite 105\nHollisstad, CO 54734',779.00,'Dignissimos corrupti earum aut est itaque omnis.',4,'1991-09-30 07:21:28','1975-06-22 05:16:27','Dignissimos corrupti earum aut est itaque omnis.','2020-01-29 01:17:45','2020-12-08 02:30:18'),(41,41,'3310','2020-01-18 21:33:09','3814 Turcotte Garden Suite 755\nRosalindfort, VA 87653',708.00,'Fuga sed minus voluptatibus ducimus esse tenetur saepe.',1,'1998-03-03 05:22:03','1982-09-28 23:57:45','Fuga sed minus voluptatibus ducimus esse tenetur saepe.','2020-07-02 20:10:28','2020-12-08 02:30:18'),(42,42,'8919','2020-09-12 10:53:24','297 Harris Fords\nLucioustown, AR 45789-2055',154.00,'Doloremque aut mollitia qui aperiam modi asperiores.',2,'1999-11-21 20:22:58','2010-09-19 07:58:14','Doloremque aut mollitia qui aperiam modi asperiores.','2020-05-19 06:19:54','2020-12-08 02:30:18'),(43,43,'6667','2020-07-05 10:03:18','6294 Catalina Cape\nSouth Noe, NY 66156-1169',596.00,'Eos quia et sit dicta omnis corporis pariatur.',5,'1981-05-17 03:22:17','1985-06-06 00:58:48','Eos quia et sit dicta omnis corporis pariatur.','2020-10-14 05:46:01','2020-12-08 02:30:18'),(44,44,'5578','2020-02-27 11:32:41','948 Beau Camp\nWest Cathyfurt, IN 61822',470.00,'Cum ea consectetur in quasi incidunt vel corrupti.',0,'2015-08-08 09:52:17','2009-10-15 10:14:18','Cum ea consectetur in quasi incidunt vel corrupti.','2020-12-01 13:27:15','2020-12-08 02:30:18'),(45,45,'6892','2020-07-25 03:31:22','65715 Jenkins Tunnel\nEast Vitoland, ME 40733-5582',512.00,'Dolore dolore et impedit minima.',2,'1986-09-27 12:17:54','2006-06-30 13:57:20','Dolore dolore et impedit minima.','2020-03-28 05:42:36','2020-12-08 02:30:18'),(46,46,'7728','2020-04-15 23:11:06','49733 Kuhn Mission Apt. 286\nWest Greysonshire, WY 94355-0245',100.00,'Non voluptate placeat velit.',3,'2003-09-23 08:13:01','2011-08-12 09:40:58','Non voluptate placeat velit.','2020-02-07 16:16:03','2020-12-08 02:30:18'),(47,47,'7965','2020-09-06 00:45:06','687 Rodriguez Loaf\nHellerview, RI 04443',916.00,'Neque exercitationem libero est qui doloremque fugiat.',3,'2014-08-05 13:40:32','2016-01-04 18:34:11','Neque exercitationem libero est qui doloremque fugiat.','2020-02-05 12:38:39','2020-12-08 02:30:18'),(48,48,'6643','2020-06-21 22:25:02','5261 Crystel Oval\nNew Micahbury, AR 63595-3137',231.00,'Consequuntur culpa saepe perferendis est beatae in.',4,'1982-08-29 04:19:50','1978-10-27 14:44:50','Consequuntur culpa saepe perferendis est beatae in.','2020-06-29 14:38:33','2020-12-08 02:30:18'),(49,49,'8321','2020-07-08 17:01:18','295 Bartell Skyway\nDuaneview, NV 84041',356.00,'Et porro provident illum eum.',3,'2019-01-23 13:31:33','2014-01-04 02:11:26','Et porro provident illum eum.','2020-02-20 09:33:03','2020-12-08 02:30:18'),(50,50,'2678','2020-05-23 13:30:18','975 Homenick Forges\nEast Terrencefurt, IN 04165',1038.00,'Sequi eius id ut accusantium reiciendis nulla assumenda.',4,'2007-04-01 14:47:20','1982-02-07 21:57:48','Sequi eius id ut accusantium reiciendis nulla assumenda.','2020-01-14 09:36:29','2020-12-08 02:30:18'),(51,51,'5426','2020-05-06 16:52:49','7245 Jillian Station\nAmaniview, AL 32778-6715',73.00,'Consequatur rerum officia est dolor.',0,'1978-12-25 12:48:49','2016-08-08 18:10:32','Consequatur rerum officia est dolor.','2020-03-03 21:53:10','2020-12-08 02:30:18'),(52,52,'9095','2020-02-23 22:23:20','5536 Hamill Spring\nChamplinfurt, HI 03118',201.00,'Placeat sunt velit explicabo.',4,'1997-07-06 22:51:33','1970-01-10 16:18:31','Placeat sunt velit explicabo.','2020-12-28 12:46:31','2020-12-08 02:30:18'),(53,53,'1202','2020-05-13 17:19:19','6542 Kling Inlet Suite 245\nAaliyahview, CA 14215-9014',735.00,'Ea consequuntur non quae qui cumque dolore.',2,'1989-01-14 14:33:16','2016-01-14 00:36:19','Ea consequuntur non quae qui cumque dolore.','2020-10-14 11:44:43','2020-12-08 02:30:18'),(54,54,'4721','2020-12-27 23:46:27','872 Karianne Inlet\nDaytonland, MD 92102',1025.00,'Dolores totam blanditiis saepe et autem expedita corrupti saepe.',5,'2009-12-10 09:12:35','1997-08-17 19:32:12','Dolores totam blanditiis saepe et autem expedita corrupti saepe.','2020-10-05 01:06:43','2020-12-08 02:30:18'),(55,55,'1001','2020-06-20 02:08:49','7960 Gutkowski Path Suite 660\nAmieport, VA 15710-8840',871.00,'Et vel quas ut distinctio saepe.',1,'2009-08-27 23:18:30','1973-07-12 13:25:25','Et vel quas ut distinctio saepe.','2020-08-16 03:37:28','2020-12-08 02:30:18'),(56,56,'7840','2020-11-29 22:52:24','60564 Bashirian Course Apt. 247\nKochborough, NE 50403-8962',231.00,'Nihil odio enim tenetur quam veritatis et.',3,'2012-02-22 22:01:56','1987-10-03 15:37:16','Nihil odio enim tenetur quam veritatis et.','2020-11-14 05:40:49','2020-12-08 02:30:18'),(57,57,'8201','2020-06-10 05:16:13','878 Eliane Extension Apt. 561\nMaynardport, NJ 40913',492.00,'Ipsum necessitatibus ex exercitationem tenetur esse esse.',0,'1986-04-09 12:04:58','2016-01-24 20:11:01','Ipsum necessitatibus ex exercitationem tenetur esse esse.','2020-09-21 21:23:52','2020-12-08 02:30:18'),(58,58,'7485','2020-07-11 03:04:36','6805 Karine Mill Apt. 416\nNorth Vedaburgh, MD 62176-7800',718.00,'Non dolorem harum cum dolorem illo nesciunt non.',2,'1985-01-11 12:21:52','1986-05-10 02:14:43','Non dolorem harum cum dolorem illo nesciunt non.','2020-11-13 23:45:01','2020-12-08 02:30:18'),(59,59,'2826','2020-02-18 20:09:42','414 Jane Lake Apt. 631\nSouth Elva, MD 97298',62.00,'Consequatur qui harum quas.',4,'1994-03-27 07:31:58','2009-02-21 13:44:14','Consequatur qui harum quas.','2020-12-19 21:43:00','2020-12-08 02:30:18'),(60,60,'8674','2020-01-15 01:29:59','681 Hane Pine Apt. 990\nPort Johathan, VT 15353-4674',109.00,'Repudiandae quia deleniti est hic impedit.',0,'1993-01-27 11:49:28','2001-05-01 11:37:35','Repudiandae quia deleniti est hic impedit.','2020-11-22 20:59:38','2020-12-08 02:30:18'),(61,61,'6895','2020-04-05 21:10:24','5855 Schamberger Station Apt. 064\nPort Rosettafort, NV 93865',310.00,'Officia omnis quisquam harum sed id.',5,'2011-07-19 00:30:38','1975-10-20 11:33:50','Officia omnis quisquam harum sed id.','2020-10-25 16:11:31','2020-12-08 02:30:18'),(62,62,'7455','2020-11-22 03:57:59','294 Leonor Points Suite 274\nWest Dorris, NH 43977-2755',171.00,'Debitis distinctio quis tempora enim aspernatur praesentium.',1,'1994-01-26 22:41:19','2002-03-24 18:29:25','Debitis distinctio quis tempora enim aspernatur praesentium.','2020-09-30 14:33:21','2020-12-08 02:30:18'),(63,63,'6588','2020-10-28 22:04:52','5623 Mueller Circle\nSchmelerland, VA 82856',876.00,'Consequuntur culpa adipisci eos non.',2,'2018-01-27 13:32:06','1986-05-17 08:58:25','Consequuntur culpa adipisci eos non.','2020-07-21 17:43:37','2020-12-08 02:30:18'),(64,64,'9579','2020-07-29 17:18:48','86445 Dickens Park Suite 206\nDedricton, NJ 38384',819.00,'Sit iure aut et.',2,'1989-12-25 04:28:00','1998-03-06 18:52:57','Sit iure aut et.','2020-12-08 11:43:52','2020-12-08 02:30:18'),(65,65,'9132','2020-10-20 15:43:39','2457 Klocko Villages\nMacejkovicton, UT 43864-4645',418.00,'Perspiciatis doloribus reiciendis alias libero corporis.',1,'1974-09-18 05:28:22','1978-04-08 22:01:15','Perspiciatis doloribus reiciendis alias libero corporis.','2020-01-02 22:14:00','2020-12-08 02:30:18'),(66,66,'6925','2020-05-10 05:44:09','5994 Otha Ridge Apt. 418\nNew Shanyburgh, NJ 16961',581.00,'Amet sunt fugit aut sit.',1,'2001-10-20 10:54:13','1978-12-04 23:40:08','Amet sunt fugit aut sit.','2020-03-22 06:43:50','2020-12-08 02:30:18'),(67,67,'6227','2020-02-20 15:05:01','99036 Rosamond Islands\nPort Kallie, CT 61071',603.00,'Quia aliquam deleniti alias quibusdam.',2,'2015-06-25 11:44:02','1984-03-28 17:21:02','Quia aliquam deleniti alias quibusdam.','2020-05-04 08:29:43','2020-12-08 02:30:18'),(68,68,'9363','2020-10-01 12:08:23','5208 Novella Creek\nSawaynfort, NY 60507',224.00,'Et aut temporibus tempora velit quia voluptatem.',3,'2005-05-12 21:38:32','1982-05-13 00:16:50','Et aut temporibus tempora velit quia voluptatem.','2020-04-16 08:32:43','2020-12-08 02:30:18'),(69,69,'9136','2020-08-11 21:53:36','976 Witting Way Apt. 018\nWest Greyson, SD 55235-7065',261.00,'Reiciendis rerum iusto numquam quia.',0,'1991-08-09 04:35:23','1981-02-09 19:41:19','Reiciendis rerum iusto numquam quia.','2020-06-11 20:44:11','2020-12-08 02:30:18'),(70,70,'7592','2020-03-16 07:55:49','0989 Jude Well\nPort Kamren, MD 21352-1825',581.00,'Provident consectetur similique sit quisquam nemo ipsa dignissimos perspiciatis.',2,'2006-06-23 17:38:25','1994-09-06 15:45:53','Provident consectetur similique sit quisquam nemo ipsa dignissimos perspiciatis.','2020-07-04 07:55:45','2020-12-08 02:30:18'),(71,71,'9553','2020-05-15 23:10:51','8553 Hansen Plaza Apt. 517\nLinafort, AL 63375-0980',74.00,'Qui placeat dicta omnis quod repellendus.',4,'2006-06-13 15:22:03','1977-05-22 20:09:13','Qui placeat dicta omnis quod repellendus.','2020-03-08 21:08:26','2020-12-08 02:30:18'),(72,72,'5993','2020-09-03 06:52:28','0347 Destini Dam\nTorpberg, GA 96651',578.00,'Nesciunt atque delectus rerum libero debitis.',3,'1988-11-22 15:56:44','2015-03-10 02:15:25','Nesciunt atque delectus rerum libero debitis.','2020-03-12 12:19:19','2020-12-08 02:30:18'),(73,73,'9304','2020-07-11 15:02:59','7754 Bergnaum Plaza\nNew Eda, SC 16772-5181',618.00,'Voluptas est quaerat dolor qui labore quia cupiditate impedit.',4,'1994-03-02 04:30:04','2002-10-27 05:09:48','Voluptas est quaerat dolor qui labore quia cupiditate impedit.','2020-12-11 01:37:53','2020-12-08 02:30:18'),(74,74,'9545','2020-10-13 19:06:26','18436 Darius Brooks Suite 002\nPort Eloise, ID 71987-5742',305.00,'Iusto laudantium cupiditate esse aut nam eius.',3,'2001-08-03 00:50:19','2007-03-09 18:09:38','Iusto laudantium cupiditate esse aut nam eius.','2020-08-22 15:22:03','2020-12-08 02:30:18'),(75,75,'9815','2020-02-28 12:25:37','6733 Jameson Mills Apt. 152\nSerenaland, SD 26432',623.00,'Deleniti enim placeat vitae magni aut quas et.',4,'2000-10-13 13:23:49','1988-08-07 01:47:33','Deleniti enim placeat vitae magni aut quas et.','2020-12-15 19:33:49','2020-12-08 02:30:18'),(76,76,'1440','2020-10-23 19:38:28','83000 Joshuah Fall Apt. 146\nNorth Ashley, CO 92037',148.00,'Omnis magni et dolor fugiat.',3,'1995-01-28 04:47:39','2001-08-20 22:14:39','Omnis magni et dolor fugiat.','2020-12-06 11:45:59','2020-12-08 02:30:18'),(77,77,'3752','2020-02-16 06:43:28','45466 Sandy Mountains\nEast Anderson, NC 52134',825.00,'Quod ut pariatur temporibus eveniet vitae voluptas inventore minus.',1,'1985-11-17 08:09:48','1995-12-06 18:40:29','Quod ut pariatur temporibus eveniet vitae voluptas inventore minus.','2020-08-03 09:19:27','2020-12-08 02:30:18'),(78,78,'4444','2020-06-12 11:42:09','8363 Marques Inlet\nWest Clydeburgh, NV 55288-9379',631.00,'Consequatur voluptatem provident autem ab architecto ut.',5,'1979-11-26 05:45:53','1986-06-17 22:32:28','Consequatur voluptatem provident autem ab architecto ut.','2020-05-26 17:20:01','2020-12-08 02:30:18'),(79,79,'9964','2020-04-09 22:38:25','4783 June Common Suite 938\nVictoriaville, MI 80869',628.00,'Et rerum et dicta dolorem et.',0,'2015-12-24 11:37:54','2017-09-14 17:32:24','Et rerum et dicta dolorem et.','2020-10-07 23:25:39','2020-12-08 02:30:18'),(80,80,'8493','2020-04-26 07:10:12','0364 Halvorson Trail\nPort Noemymouth, SC 86822',199.00,'Qui sint atque ratione voluptatibus.',0,'2004-03-31 15:28:37','2006-07-23 19:05:18','Qui sint atque ratione voluptatibus.','2020-02-13 21:01:25','2020-12-08 02:30:18'),(81,81,'2574','2020-05-11 06:34:26','8384 Donnelly Squares\nVivianefort, MT 95304',60.00,'Voluptatum minus impedit id tenetur.',5,'1993-10-29 08:51:53','1987-03-31 17:32:55','Voluptatum minus impedit id tenetur.','2020-05-28 15:19:20','2020-12-08 02:30:18'),(82,82,'4388','2020-03-19 12:12:13','1005 Natalia Junctions\nEast Ronnyfurt, WI 35440-8783',653.00,'Atque in voluptatem repellendus hic repudiandae facere.',3,'1980-10-18 00:06:13','1997-01-29 04:13:46','Atque in voluptatem repellendus hic repudiandae facere.','2020-09-04 23:33:28','2020-12-08 02:30:18'),(83,83,'4220','2020-09-30 07:27:13','11362 Erwin Viaduct Apt. 737\nPort Cristobal, IL 93015',1036.00,'Rerum voluptatum eveniet voluptatum nostrum.',1,'2004-01-27 10:35:31','1998-06-13 10:33:31','Rerum voluptatum eveniet voluptatum nostrum.','2020-12-09 22:57:53','2020-12-08 02:30:18'),(84,84,'6935','2020-07-28 10:43:35','3796 Harvey Extensions\nWest Briana, HI 99640-7800',173.00,'Dolor quo veritatis id ab dolorem esse quae natus.',3,'1979-07-03 23:33:01','1994-03-04 07:22:38','Dolor quo veritatis id ab dolorem esse quae natus.','2020-04-08 13:15:16','2020-12-08 02:30:18'),(85,85,'3018','2020-11-15 15:43:16','4037 Kling Spring Suite 939\nBarrowsville, CT 25981',708.00,'Aspernatur esse molestias neque et quas.',0,'2004-06-04 15:43:26','2005-03-06 23:21:55','Aspernatur esse molestias neque et quas.','2020-06-19 21:52:17','2020-12-08 02:30:18'),(86,86,'2285','2020-12-21 16:04:54','107 Jeffry Cape Suite 619\nEduardoberg, NC 08853',970.00,'Atque consequatur in occaecati est non voluptates.',1,'2018-06-18 21:39:34','1981-04-28 21:03:01','Atque consequatur in occaecati est non voluptates.','2020-11-20 09:48:16','2020-12-08 02:30:18'),(87,87,'1370','2020-10-02 13:49:08','81145 Keenan Land\nHamillport, OH 74842',677.00,'Qui esse autem dignissimos aut.',2,'2001-11-13 03:46:41','1997-11-13 00:20:53','Qui esse autem dignissimos aut.','2020-09-11 03:25:48','2020-12-08 02:30:18'),(88,88,'7995','2020-06-13 22:31:52','5589 George Trail Apt. 529\nSporerhaven, NJ 26072-1978',427.00,'Fugiat quasi velit rerum nostrum ex facere.',0,'2005-12-27 03:06:56','1993-12-27 04:48:49','Fugiat quasi velit rerum nostrum ex facere.','2020-05-13 01:21:30','2020-12-08 02:30:18'),(89,89,'7869','2020-07-09 00:50:53','406 Domenica Shore Apt. 284\nElouiseville, SC 64375',54.00,'Deleniti ratione dolor quasi quos minima et.',1,'2010-05-03 21:59:16','2000-03-25 13:51:26','Deleniti ratione dolor quasi quos minima et.','2020-03-05 16:56:29','2020-12-08 02:30:18'),(90,90,'5362','2020-11-23 07:20:14','01496 Homenick Village\nHassieview, ID 07723',939.00,'Beatae et explicabo rerum est quasi.',4,'1991-01-20 12:42:17','1983-09-09 20:25:53','Beatae et explicabo rerum est quasi.','2020-03-07 02:51:05','2020-12-08 02:30:18'),(91,91,'2205','2020-10-18 18:04:24','7869 Larkin Crossing\nPort Ricardo, TN 71318',482.00,'Ut nesciunt hic quos vitae eum numquam velit.',5,'1997-04-30 09:15:40','1970-01-04 05:01:02','Ut nesciunt hic quos vitae eum numquam velit.','2020-02-21 21:50:50','2020-12-08 02:30:18'),(92,92,'2938','2020-11-22 08:31:05','313 Chaya Mill\nSchaefertown, NV 31931',543.00,'Odio et iure nisi dignissimos autem et.',3,'2013-03-03 01:59:03','1981-05-08 12:18:06','Odio et iure nisi dignissimos autem et.','2020-04-19 17:05:40','2020-12-08 02:30:18'),(93,93,'7075','2020-03-23 05:55:40','42615 Verla Shores\nKuhnshire, RI 96854',220.00,'Amet et beatae porro non laudantium et.',1,'1984-09-19 10:54:01','1977-08-06 09:39:04','Amet et beatae porro non laudantium et.','2020-09-29 15:21:37','2020-12-08 02:30:18'),(94,94,'7565','2020-04-25 11:09:53','193 Mireya Bypass Apt. 974\nNew Ahmad, TN 21822',423.00,'Aut voluptas exercitationem provident laboriosam.',2,'2001-05-16 06:27:41','2006-01-22 11:01:13','Aut voluptas exercitationem provident laboriosam.','2020-10-05 00:40:26','2020-12-08 02:30:18'),(95,95,'6600','2020-02-06 17:06:36','38892 Ruecker Extension Apt. 391\nSouth Lillianatown, AL 76459',406.00,'Ea quas nemo quam.',5,'2005-05-03 14:13:10','2014-08-08 10:24:49','Ea quas nemo quam.','2020-08-21 23:49:50','2020-12-08 02:30:18'),(96,96,'9306','2020-08-18 03:32:20','80412 Zemlak Tunnel Suite 229\nSouth Harold, SC 47215-3783',710.00,'Laborum praesentium commodi qui a fuga consectetur sed.',0,'2014-11-20 04:09:51','1971-02-25 07:15:51','Laborum praesentium commodi qui a fuga consectetur sed.','2020-02-26 17:46:49','2020-12-08 02:30:18'),(97,97,'7733','2020-01-17 03:29:46','19740 Goldner Squares Apt. 494\nParismouth, KY 06923',284.00,'Dolore et magnam optio provident voluptas.',2,'2009-05-28 15:13:47','1996-02-29 20:12:36','Dolore et magnam optio provident voluptas.','2020-07-09 11:23:38','2020-12-08 02:30:18'),(98,98,'9747','2020-08-22 23:51:34','7401 Kuhn Valley Suite 112\nSouth Wellingtonfurt, WA 85502-4699',239.00,'Ad fugit id et aliquid dolores sunt.',1,'2014-07-11 01:35:39','2002-10-21 06:57:23','Ad fugit id et aliquid dolores sunt.','2020-07-12 20:31:42','2020-12-08 02:30:18'),(99,99,'6539','2020-08-28 02:28:14','9995 Angelica Ports\nPort Garett, HI 33314',293.00,'Voluptatem sapiente et quibusdam aut a quas voluptates quia.',5,'2011-08-23 15:58:36','1999-05-16 19:34:44','Voluptatem sapiente et quibusdam aut a quas voluptates quia.','2020-05-09 18:54:19','2020-12-08 02:30:18'),(100,100,'2456','2020-08-06 19:08:34','3471 Don Oval Suite 166\nLuettgenshire, SD 97509-1246',701.00,'At inventore laborum odio possimus adipisci.',3,'1979-05-27 04:20:33','2019-10-30 11:58:29','At inventore laborum odio possimus adipisci.','2020-11-08 05:04:41','2020-12-08 02:30:18'),(101,101,'9659','2020-10-27 01:04:25','311 Murray Hills Suite 708\nSouth Zachery, SD 66580-9739',575.00,'Est ut eligendi dolorum odio sed.',2,'1985-05-09 06:10:44','1990-05-12 19:15:08','Est ut eligendi dolorum odio sed.','2020-05-12 10:44:32','2020-12-08 02:30:18'),(102,102,'3933','2020-05-28 15:44:34','994 Harris Place\nStokesport, RI 53372',721.00,'Iure omnis quia perspiciatis sequi quia neque nisi.',2,'1985-03-26 09:22:29','2014-11-03 10:54:45','Iure omnis quia perspiciatis sequi quia neque nisi.','2020-05-19 17:33:59','2020-12-08 02:30:18'),(103,103,'7688','2020-08-21 11:55:44','0544 Halie Ferry Apt. 172\nSouth Tyreltown, ID 03819',830.00,'Sit voluptatem explicabo id provident minima.',3,'2010-02-06 10:27:23','1975-10-28 02:29:40','Sit voluptatem explicabo id provident minima.','2020-04-25 16:39:32','2020-12-08 02:30:18'),(104,104,'7640','2020-02-15 14:11:54','662 McClure Rapid Suite 711\nLake Darius, CO 63566-4534',938.00,'Odio ut nam aperiam sint incidunt quas.',2,'1991-08-10 20:32:57','1971-02-17 13:23:27','Odio ut nam aperiam sint incidunt quas.','2020-06-06 06:56:39','2020-12-08 02:30:18'),(105,105,'5140','2020-12-29 01:40:12','9461 Schaden Neck Apt. 014\nSouth Nova, SC 73232-4087',153.00,'Voluptas possimus quos iusto qui velit et ipsa.',1,'1991-01-31 17:27:22','2010-04-22 10:20:27','Voluptas possimus quos iusto qui velit et ipsa.','2020-03-31 15:32:51','2020-12-08 02:30:18'),(106,106,'1779','2020-02-14 01:28:58','5575 Camron Field Suite 111\nBrandymouth, ME 19256-6474',898.00,'Inventore esse architecto at.',5,'1976-12-07 00:40:10','2012-10-15 09:13:33','Inventore esse architecto at.','2020-11-22 02:34:41','2020-12-08 02:30:18'),(107,107,'1474','2020-03-27 06:31:47','9491 Paucek Land\nWest Domingoville, FL 00600-4085',985.00,'Voluptas aliquam voluptatum ab.',5,'1973-05-17 20:35:49','1998-07-11 15:29:27','Voluptas aliquam voluptatum ab.','2020-05-07 12:54:22','2020-12-08 02:30:18'),(108,108,'1035','2020-07-30 11:48:44','808 Kyler Fords Apt. 501\nPort Maurinemouth, OR 89296',178.00,'Soluta magni maxime et sequi et blanditiis.',1,'2007-06-13 00:00:20','1976-04-14 04:51:56','Soluta magni maxime et sequi et blanditiis.','2020-03-04 09:39:18','2020-12-08 02:30:18'),(109,109,'8751','2020-07-31 20:16:18','0779 Sabina Cliff\nLubowitzville, CO 16834-0780',887.00,'Illo blanditiis est temporibus assumenda veritatis minus amet.',4,'1985-07-09 18:29:37','2011-02-21 14:18:37','Illo blanditiis est temporibus assumenda veritatis minus amet.','2020-11-08 19:59:07','2020-12-08 02:30:18'),(110,110,'3654','2020-08-30 03:59:19','7322 Osborne Locks Suite 421\nSchusterchester, NE 08893-5519',850.00,'Veniam et dignissimos et dolores sit in neque quia.',2,'2018-07-10 12:28:42','1998-02-21 14:12:40','Veniam et dignissimos et dolores sit in neque quia.','2020-05-24 23:38:20','2020-12-08 02:30:18'),(111,111,'9016','2020-09-20 06:40:44','72618 Jeffry Plains\nAlexandreafurt, MT 31551',541.00,'Non quia aperiam omnis id.',4,'2008-06-12 04:38:32','2016-12-31 15:45:01','Non quia aperiam omnis id.','2020-12-07 01:50:42','2020-12-08 02:30:18'),(112,112,'6120','2020-10-05 13:31:56','695 Rosalyn Glen Suite 752\nPort Koreyland, WA 69203',104.00,'Mollitia dolore ut velit dolores aut.',3,'2013-08-01 23:42:07','2017-09-21 22:08:15','Mollitia dolore ut velit dolores aut.','2020-12-10 09:48:52','2020-12-08 02:30:18'),(113,113,'2555','2020-03-30 06:50:37','470 Schmeler Square Suite 407\nMyrlside, WI 65837',847.00,'Voluptas dolores tempore omnis saepe voluptas.',3,'1995-11-04 00:21:46','1981-05-28 10:12:44','Voluptas dolores tempore omnis saepe voluptas.','2020-02-28 12:33:15','2020-12-08 02:30:18'),(114,114,'2416','2020-09-14 02:12:29','4743 Haven Ridges Apt. 812\nAdahborough, NC 58512',875.00,'Quisquam et optio illo.',3,'1980-05-12 02:47:54','1982-10-13 05:31:37','Quisquam et optio illo.','2020-06-11 08:30:16','2020-12-08 02:30:18'),(115,115,'3412','2020-07-12 23:59:31','26082 Kuhn Canyon\nMarvinstad, AR 90060-2671',785.00,'Voluptas ut ipsa ut.',0,'2006-06-29 19:07:18','1996-02-21 05:16:48','Voluptas ut ipsa ut.','2020-05-23 13:33:12','2020-12-08 02:30:18'),(116,116,'8816','2020-07-04 06:42:38','90490 Norval Ridge Apt. 307\nKlockoborough, MO 47578',251.00,'Qui est consequatur eos sit sed nostrum nam.',2,'1982-02-02 14:21:23','2007-12-06 02:37:24','Qui est consequatur eos sit sed nostrum nam.','2020-11-13 19:47:33','2020-12-08 02:30:18'),(117,117,'5845','2020-09-02 19:56:59','2574 Conroy Place\nEast Amya, MO 62934',849.00,'Quia aliquid aut voluptates.',5,'1976-10-08 00:36:59','1992-03-29 18:54:55','Quia aliquid aut voluptates.','2020-12-31 08:06:16','2020-12-08 02:30:18'),(118,118,'1776','2020-11-01 08:57:06','668 Loren Expressway Suite 886\nNorth Margeborough, RI 64976-8629',444.00,'Corporis natus occaecati numquam voluptas.',0,'2013-11-07 09:42:43','2013-10-19 13:09:42','Corporis natus occaecati numquam voluptas.','2020-03-25 11:20:34','2020-12-08 02:30:18'),(119,119,'8346','2020-10-17 20:47:30','292 Boehm Summit Apt. 556\nDarrellberg, NM 48812',623.00,'Voluptas laborum eos illo voluptatem eos aliquid.',1,'1985-09-09 23:01:34','2015-01-23 17:45:49','Voluptas laborum eos illo voluptatem eos aliquid.','2020-01-22 05:07:05','2020-12-08 02:30:18'),(120,120,'8404','2020-03-29 23:42:53','8326 Mante Ridges Apt. 578\nPort Roslynside, NM 98815-7895',735.00,'Ipsa enim modi qui quibusdam facilis rerum.',5,'1972-01-22 23:03:21','1979-07-31 12:49:08','Ipsa enim modi qui quibusdam facilis rerum.','2020-09-06 08:43:00','2020-12-08 02:30:18'),(121,121,'6985','2020-06-09 03:20:09','89650 Hilll Village Suite 537\nLabadieport, DE 85963',757.00,'Temporibus placeat enim laboriosam omnis a ipsam.',2,'1988-06-08 01:21:05','1997-07-02 21:15:25','Temporibus placeat enim laboriosam omnis a ipsam.','2020-03-06 02:32:58','2020-12-08 02:30:18'),(122,122,'8713','2020-03-17 20:57:46','7516 Samson Glens Apt. 199\nVellaton, IN 54038-5085',528.00,'Nobis rem quibusdam quidem dicta ea.',5,'2019-03-25 07:46:31','2018-09-11 08:55:39','Nobis rem quibusdam quidem dicta ea.','2020-10-15 08:55:21','2020-12-08 02:30:18'),(123,123,'3612','2020-03-24 00:06:03','5596 Dusty Junctions\nNorth Estevanbury, IL 82848-8992',321.00,'Tenetur aut vel quae ducimus ipsa est.',5,'1973-08-26 10:42:33','2002-02-11 13:36:02','Tenetur aut vel quae ducimus ipsa est.','2020-10-14 16:07:14','2020-12-08 02:30:18'),(124,124,'8920','2020-02-05 12:06:04','20930 Maia Square Apt. 450\nNew Avisbury, IL 92722',973.00,'Aut atque nihil fuga quasi quia.',0,'2003-12-10 22:51:21','1973-02-01 21:24:03','Aut atque nihil fuga quasi quia.','2020-03-20 13:35:38','2020-12-08 02:30:18'),(125,125,'5767','2020-05-14 22:27:19','5519 Berniece Parkways\nBrianamouth, VA 39146',849.00,'Sit repellat quae voluptatem molestiae voluptate vel.',4,'2005-11-28 16:34:44','2016-10-29 11:28:41','Sit repellat quae voluptatem molestiae voluptate vel.','2020-12-28 21:56:52','2020-12-08 02:30:18'),(126,126,'1075','2020-06-06 13:38:08','6327 Walsh Corner\nSouth Otilia, NE 58011-6448',279.00,'Libero doloremque corporis dolores rem molestias officiis.',4,'2007-03-25 14:10:13','1996-01-08 05:09:28','Libero doloremque corporis dolores rem molestias officiis.','2020-04-03 12:14:47','2020-12-08 02:30:18'),(127,127,'5074','2020-06-15 18:24:23','41116 Goldner Bridge\nJerdeville, WV 66237',796.00,'Laborum sit sed impedit dolorem ullam.',4,'2000-08-24 08:17:02','1987-01-29 18:00:42','Laborum sit sed impedit dolorem ullam.','2020-09-26 19:15:34','2020-12-08 02:30:18'),(128,128,'3147','2020-07-03 20:31:37','58991 Loyce Mountain Suite 340\nMarinaberg, MD 90246',96.00,'Nihil debitis magnam doloribus.',4,'1970-11-03 02:46:45','1998-06-30 08:30:04','Nihil debitis magnam doloribus.','2020-12-23 09:39:25','2020-12-08 02:30:18'),(129,129,'8511','2020-07-17 13:44:58','5605 Caitlyn Prairie Suite 819\nDorcasbury, ID 79650',1042.00,'Atque sint necessitatibus et earum.',1,'2017-04-21 23:40:39','1996-04-05 00:42:11','Atque sint necessitatibus et earum.','2020-01-28 20:57:36','2020-12-08 02:30:18'),(130,130,'5120','2020-01-31 09:23:42','0391 Christa Fields Suite 888\nWest Talia, ND 56542',874.00,'Doloribus dolor qui voluptatum.',3,'1993-01-08 02:59:09','1983-10-14 17:17:49','Doloribus dolor qui voluptatum.','2020-05-26 07:26:20','2020-12-08 02:30:18'),(131,131,'8065','2020-06-09 06:17:44','07736 Estefania Village\nElveraport, LA 91404',192.00,'Ut odio placeat est sequi consequuntur.',5,'1991-01-23 23:47:00','1991-08-17 13:02:02','Ut odio placeat est sequi consequuntur.','2020-07-30 14:19:41','2020-12-08 02:30:18'),(132,132,'5967','2020-10-21 21:26:49','817 Shawna Pine Apt. 237\nSouth Marisolbury, AR 32684-3007',287.00,'Voluptatem dolorum qui fugit vel aut.',1,'2003-02-24 03:17:39','2018-05-24 19:40:54','Voluptatem dolorum qui fugit vel aut.','2020-11-15 16:52:45','2020-12-08 02:30:18'),(133,133,'4639','2020-08-03 04:15:07','554 Schuppe Lock Apt. 068\nSouth Selmer, MD 02894',813.00,'Quae et ea vel laudantium aliquam ipsam.',1,'1995-12-01 05:46:48','2002-10-05 22:25:10','Quae et ea vel laudantium aliquam ipsam.','2020-12-27 13:07:13','2020-12-08 02:30:18'),(134,134,'4297','2020-03-07 14:52:42','93007 Sincere Brooks Apt. 853\nLake Caitlynville, KY 45596',153.00,'Dicta quaerat atque rerum est consequatur et.',1,'2004-01-01 20:25:03','1993-09-29 21:55:20','Dicta quaerat atque rerum est consequatur et.','2020-09-15 18:25:02','2020-12-08 02:30:18'),(135,135,'6569','2020-01-17 08:06:44','780 Layla Lock Apt. 111\nRaheemshire, LA 55217',275.00,'Quos quis libero architecto in pariatur.',1,'2011-10-24 10:37:05','2004-12-22 02:31:25','Quos quis libero architecto in pariatur.','2020-05-25 18:21:26','2020-12-08 02:30:18'),(136,136,'9954','2020-09-02 14:33:20','3373 Kendrick Stravenue Apt. 010\nVestaland, ME 84266',869.00,'Tenetur assumenda ut nam eaque nulla sapiente.',5,'2008-01-28 10:40:44','1992-07-20 07:54:08','Tenetur assumenda ut nam eaque nulla sapiente.','2020-03-04 08:08:38','2020-12-08 02:30:18'),(137,137,'2066','2020-08-28 21:05:10','85351 Hammes Valleys\nBoscoview, VT 72771-2556',470.00,'Ut rerum sit nihil et accusantium sed atque consectetur.',0,'2019-01-23 08:50:57','2002-12-07 22:06:42','Ut rerum sit nihil et accusantium sed atque consectetur.','2020-04-29 15:43:41','2020-12-08 02:30:18'),(138,138,'6464','2020-04-01 20:20:35','504 Adrian Spurs\nSauertown, NC 99267-3356',694.00,'Ut autem ducimus dolores tenetur consequatur et.',2,'2010-11-05 19:28:13','1975-07-19 04:12:15','Ut autem ducimus dolores tenetur consequatur et.','2020-04-16 02:57:23','2020-12-08 02:30:18'),(139,139,'7128','2020-07-17 22:35:55','47185 Cortney Freeway\nGarettfurt, MI 36887-2871',1011.00,'Et aut porro nostrum illum molestiae ullam voluptatem.',3,'1986-05-09 15:48:45','2017-03-24 17:20:00','Et aut porro nostrum illum molestiae ullam voluptatem.','2020-03-19 13:36:39','2020-12-08 02:30:18'),(140,140,'6248','2020-07-03 13:36:39','35428 Marvin Flats Suite 844\nEast Kariannechester, WA 88495-7751',921.00,'Sunt qui quaerat omnis quas aut sed.',4,'1985-04-27 20:43:02','1979-12-27 19:13:37','Sunt qui quaerat omnis quas aut sed.','2020-02-08 10:49:17','2020-12-08 02:30:18'),(141,141,'8858','2020-05-24 04:13:42','559 Bridie Union Suite 421\nEast Pablo, WA 69782',523.00,'Animi perspiciatis perferendis dolorum tenetur aut vel.',2,'2005-08-12 19:09:17','1984-08-11 09:52:07','Animi perspiciatis perferendis dolorum tenetur aut vel.','2020-07-02 03:48:40','2020-12-08 02:30:18'),(142,142,'6548','2020-11-08 01:13:52','202 Verlie Station Apt. 764\nSouth Geoffrey, WY 72713-7911',805.00,'Quisquam sint quibusdam quaerat nesciunt corporis voluptas.',1,'1972-05-24 13:53:14','2005-03-01 07:23:44','Quisquam sint quibusdam quaerat nesciunt corporis voluptas.','2020-07-15 18:15:17','2020-12-08 02:30:18'),(143,143,'5167','2020-08-23 09:35:36','57541 Junius Crossroad\nGladycemouth, NY 81649-1802',405.00,'Totam numquam nisi sed sit quas id.',3,'1984-01-06 12:18:07','2004-09-29 18:30:18','Totam numquam nisi sed sit quas id.','2020-04-15 06:32:16','2020-12-08 02:30:18'),(144,144,'5190','2020-08-25 13:49:02','78284 Rebeka Passage\nNew Alfonsobury, AR 61888-5751',562.00,'Consequatur doloribus debitis sit accusantium consectetur odio est.',0,'1980-05-17 12:29:48','1980-06-01 04:12:32','Consequatur doloribus debitis sit accusantium consectetur odio est.','2020-04-18 10:27:45','2020-12-08 02:30:18'),(145,145,'9448','2020-11-02 12:34:03','944 Kelli Springs Apt. 239\nEinarfurt, MN 90048-0518',543.00,'Adipisci ut dolor consectetur sit sed et quae.',1,'2018-08-20 02:06:31','1982-11-02 15:59:02','Adipisci ut dolor consectetur sit sed et quae.','2020-10-11 07:27:23','2020-12-08 02:30:18'),(146,146,'3677','2020-11-17 16:17:41','35408 Letitia Stream\nNew Cassandra, ME 26347',980.00,'Sunt magni sit magni dolores ut possimus maxime.',0,'2007-02-16 04:34:24','2008-07-24 06:39:32','Sunt magni sit magni dolores ut possimus maxime.','2020-08-14 13:01:01','2020-12-08 02:30:18'),(147,147,'7037','2020-06-19 03:25:39','55354 Nathanial Village\nPort Elizahaven, MS 94147',222.00,'Est debitis sequi eos vitae est.',2,'2018-01-13 18:10:12','1980-03-16 16:13:54','Est debitis sequi eos vitae est.','2020-04-14 13:55:40','2020-12-08 02:30:18'),(148,148,'5155','2020-05-10 16:08:13','8329 Rosamond Isle Apt. 644\nCarrollhaven, CA 84253-3764',122.00,'Est autem reiciendis et qui ut.',4,'1983-06-14 12:37:53','1998-08-06 22:41:11','Est autem reiciendis et qui ut.','2020-03-24 21:55:07','2020-12-08 02:30:18'),(149,149,'3668','2020-08-30 06:22:03','056 Weber Port Apt. 078\nNew Aylin, VA 97083-4413',894.00,'Facilis voluptates in qui ut velit ipsa voluptas ullam.',5,'1976-04-04 00:25:11','1977-12-01 09:31:21','Facilis voluptates in qui ut velit ipsa voluptas ullam.','2020-11-18 00:39:10','2020-12-08 02:30:18'),(150,150,'1873','2020-07-28 18:51:58','8788 Pacocha Summit Suite 375\nNew Quentin, ID 03915-1900',55.00,'Distinctio laborum excepturi ullam labore voluptatem autem non.',3,'2007-01-26 11:38:01','1989-04-27 10:40:23','Distinctio laborum excepturi ullam labore voluptatem autem non.','2020-12-09 07:00:55','2020-12-08 02:30:18'),(151,1,'6363','2020-07-03 22:57:09','87399 Modesta Islands\nNew Jairoberg, VT 96541',544.00,'Deserunt voluptatem soluta reiciendis quisquam enim.',2,'1997-07-16 03:44:07','1976-07-06 17:31:47','Deserunt voluptatem soluta reiciendis quisquam enim.','2020-07-06 09:58:24','2020-12-08 02:30:18'),(152,2,'7198','2020-04-03 22:01:55','96819 Jessyca Drive\nNew Garryton, KS 50120-1189',503.00,'Omnis repellat dicta mollitia veritatis consectetur.',1,'1973-04-09 17:13:13','2010-04-10 09:00:24','Omnis repellat dicta mollitia veritatis consectetur.','2020-01-24 00:53:44','2020-12-08 02:30:18'),(153,3,'6901','2020-05-23 18:37:15','007 Cronin Plains Apt. 252\nDonnieton, CO 01774-8806',833.00,'Accusamus minima corporis repudiandae corrupti.',4,'1980-03-31 05:22:05','1985-08-07 07:40:06','Accusamus minima corporis repudiandae corrupti.','2020-11-26 23:30:59','2020-12-08 02:30:18'),(154,4,'2914','2020-07-18 05:11:17','5333 Annetta Lake Suite 871\nHalvorsonmouth, NJ 46626',607.00,'Sapiente est vel et dolorum sequi asperiores.',1,'2013-05-08 12:54:49','2018-05-07 08:50:52','Sapiente est vel et dolorum sequi asperiores.','2020-11-28 09:53:46','2020-12-08 02:30:18'),(155,5,'1867','2020-11-30 21:38:49','636 Walter Springs\nEast Ima, MS 25642-7817',487.00,'Dicta sint quas quia nam asperiores ad.',1,'1995-06-03 03:28:11','1993-11-15 17:28:44','Dicta sint quas quia nam asperiores ad.','2020-01-21 07:02:58','2020-12-08 02:30:18'),(156,6,'8593','2020-01-01 13:43:36','821 Prosacco Fork\nLindview, SD 10051-7863',567.00,'Optio et rerum placeat aut corrupti quia eum.',0,'2014-04-14 06:29:53','2011-03-23 22:51:33','Optio et rerum placeat aut corrupti quia eum.','2020-04-20 18:24:05','2020-12-08 02:30:18'),(157,7,'9369','2020-05-29 14:07:32','103 Bechtelar Lakes\nPort Dawson, NE 11966',321.00,'Necessitatibus voluptas et laborum tenetur suscipit omnis.',2,'2000-05-01 18:26:02','2017-10-30 03:00:26','Necessitatibus voluptas et laborum tenetur suscipit omnis.','2020-09-02 00:37:28','2020-12-08 02:30:18'),(158,8,'2065','2020-01-26 09:14:49','443 Fisher Rue Suite 659\nEast Bryana, MS 60244-4877',856.00,'Ut eum dolore repellendus voluptatem quidem vel quidem.',1,'1989-07-07 17:25:56','2001-06-03 20:41:55','Ut eum dolore repellendus voluptatem quidem vel quidem.','2020-04-12 11:42:21','2020-12-08 02:30:18'),(159,9,'8218','2020-04-03 06:20:38','36226 Mia Groves Apt. 629\nNew Ahmad, TN 07047-6937',268.00,'Mollitia molestiae vel temporibus quos ipsa ullam molestiae.',5,'1974-12-14 03:30:53','1980-03-10 10:23:15','Mollitia molestiae vel temporibus quos ipsa ullam molestiae.','2020-01-27 22:01:23','2020-12-08 02:30:18'),(160,10,'6897','2020-08-09 02:52:44','6968 Allan Lodge Suite 284\nSouth Shawnshire, TX 35347-3904',723.00,'Facilis vitae assumenda sunt harum.',1,'1983-09-20 04:17:02','1987-09-19 14:54:59','Facilis vitae assumenda sunt harum.','2020-03-07 11:36:18','2020-12-08 02:30:18'),(161,11,'8832','2020-07-31 04:42:48','3326 Gislason Ford\nBergnaumberg, KS 34854-2423',761.00,'Dolores et nemo et iure.',1,'1970-06-25 09:14:24','1974-10-02 08:34:01','Dolores et nemo et iure.','2020-10-29 20:14:01','2020-12-08 02:30:18'),(162,12,'4474','2020-01-28 08:58:20','7788 Delpha Tunnel\nLake Aniyahaven, WV 56617',586.00,'Delectus iusto sed sed alias fugiat.',3,'1985-02-16 18:25:32','2013-12-01 21:08:39','Delectus iusto sed sed alias fugiat.','2020-04-21 13:12:29','2020-12-08 02:30:18'),(163,13,'3870','2020-12-11 13:08:51','3610 Schaden Stravenue\nNew Modesto, LA 65500',596.00,'Consequatur magnam id aut non.',4,'2006-07-02 17:45:48','1982-10-16 23:10:19','Consequatur magnam id aut non.','2020-04-09 07:31:17','2020-12-08 02:30:18'),(164,14,'4928','2020-09-26 05:23:46','035 Baylee Lights\nKunzemouth, RI 01039',173.00,'Dolor quia nostrum quos sunt nemo aspernatur.',0,'2018-02-28 19:04:04','1992-09-16 05:55:57','Dolor quia nostrum quos sunt nemo aspernatur.','2020-03-25 09:08:21','2020-12-08 02:30:18'),(165,15,'3033','2020-01-27 14:20:28','615 Manuela Corner Suite 239\nLake Humberto, WY 81869',1028.00,'Dolores sed error voluptatibus qui.',4,'1999-05-06 13:02:43','1985-12-22 22:19:28','Dolores sed error voluptatibus qui.','2020-10-21 23:03:39','2020-12-08 02:30:18'),(166,16,'8382','2020-11-12 09:36:37','9631 Hahn Row\nMyrnaland, HI 12788',574.00,'Enim est dolores aspernatur ut occaecati non.',3,'1998-02-22 08:50:08','1977-03-19 14:28:15','Enim est dolores aspernatur ut occaecati non.','2020-11-10 01:52:35','2020-12-08 02:30:18'),(167,17,'4815','2020-10-02 13:49:33','772 Arely Villages\nLake Brandtton, MO 31731-2167',733.00,'Esse velit nemo tenetur nostrum enim cumque.',5,'2008-05-03 23:17:30','2009-01-05 02:29:22','Esse velit nemo tenetur nostrum enim cumque.','2020-12-16 20:46:44','2020-12-08 02:30:18'),(168,18,'6928','2020-09-12 06:21:10','34558 Nikolaus Park Apt. 402\nSchneiderfort, VA 36647-4243',893.00,'Praesentium nemo quis officiis.',3,'1985-03-19 15:43:55','1984-05-09 03:25:39','Praesentium nemo quis officiis.','2020-06-10 02:46:08','2020-12-08 02:30:18'),(169,19,'1195','2020-02-28 09:36:12','9708 Schultz Valleys Suite 960\nWest Samanthaside, MA 78283-8626',218.00,'Enim quo laborum tenetur voluptatem.',3,'2019-07-28 17:01:51','2005-02-08 09:51:53','Enim quo laborum tenetur voluptatem.','2020-04-12 12:38:53','2020-12-08 02:30:18'),(170,20,'2193','2020-10-10 01:37:31','77825 Osinski Park Apt. 460\nKshlerinberg, DE 01213-3233',363.00,'Est quam impedit nisi fuga.',3,'2011-12-03 04:23:59','2012-02-13 05:13:20','Est quam impedit nisi fuga.','2020-08-29 17:40:31','2020-12-08 02:30:18'),(171,21,'6379','2020-12-07 21:11:36','8683 Parker Isle Apt. 345\nPredovicland, NH 09699',112.00,'Quas repudiandae reiciendis nam nesciunt possimus blanditiis eaque.',3,'2014-02-27 12:48:59','2013-01-31 11:03:30','Quas repudiandae reiciendis nam nesciunt possimus blanditiis eaque.','2020-10-10 03:01:26','2020-12-08 02:30:18'),(172,22,'6319','2020-08-23 14:46:27','1132 Teresa Dale Apt. 400\nEast Tania, OH 57043-2891',419.00,'Rerum delectus optio corporis totam quam voluptatibus qui quod.',3,'2012-11-30 20:36:30','1990-11-13 06:48:24','Rerum delectus optio corporis totam quam voluptatibus qui quod.','2020-10-11 00:25:25','2020-12-08 02:30:18'),(173,23,'2459','2020-11-07 00:47:14','20954 Leannon Squares\nBetsymouth, TX 87179-7952',709.00,'Tenetur inventore quia est corrupti ullam.',0,'1983-07-25 07:46:40','1971-03-29 07:02:50','Tenetur inventore quia est corrupti ullam.','2020-11-08 19:38:53','2020-12-08 02:30:18'),(174,24,'1389','2020-01-26 07:37:16','6329 Autumn Gateway Suite 310\nLeslymouth, MI 94388',240.00,'Et deserunt dolores maiores enim rerum.',5,'2002-02-28 23:24:15','2014-06-28 11:16:43','Et deserunt dolores maiores enim rerum.','2020-08-05 17:06:58','2020-12-08 02:30:18'),(175,25,'7310','2020-08-07 19:35:01','45804 Arden Lodge\nSouth Charity, WV 78307-9190',1025.00,'Cupiditate id ut qui molestiae.',1,'2002-07-01 03:14:50','2002-06-15 06:05:11','Cupiditate id ut qui molestiae.','2020-06-25 14:34:12','2020-12-08 02:30:18'),(176,26,'4543','2020-11-15 08:01:06','214 Antwan Island\nBrakusside, ND 13539-5036',353.00,'Corporis quis reprehenderit blanditiis sequi delectus quasi dolores.',1,'1997-05-29 01:02:39','2008-08-09 19:04:20','Corporis quis reprehenderit blanditiis sequi delectus quasi dolores.','2020-10-25 12:00:11','2020-12-08 02:30:18'),(177,27,'8783','2020-11-02 19:09:49','17008 Vivianne Dale\nMaximillianchester, AZ 11549-5375',641.00,'Et ut porro illum qui sed odio.',0,'2012-04-29 00:57:02','1989-01-29 10:20:13','Et ut porro illum qui sed odio.','2020-02-17 18:11:03','2020-12-08 02:30:18'),(178,28,'2292','2020-10-11 16:05:49','3914 Marge Meadow\nJasonville, UT 26910-5906',97.00,'Delectus unde dolores exercitationem assumenda animi.',5,'2007-08-22 17:33:51','1981-05-23 19:20:25','Delectus unde dolores exercitationem assumenda animi.','2020-01-23 19:12:14','2020-12-08 02:30:18'),(179,29,'2106','2020-05-08 01:45:54','66849 Kemmer Common\nEast Dejonshire, PA 25259',514.00,'Consectetur aliquam dolorem provident ut odit.',5,'2003-12-14 07:33:48','2000-07-18 22:02:31','Consectetur aliquam dolorem provident ut odit.','2020-07-19 15:50:45','2020-12-08 02:30:18'),(180,30,'2655','2020-11-06 14:52:05','20637 Wuckert Extension\nStehrmouth, CT 12682-7403',226.00,'Eos consequatur est natus inventore maiores dicta.',0,'2007-02-20 16:50:37','1975-10-28 07:35:05','Eos consequatur est natus inventore maiores dicta.','2020-07-26 14:41:15','2020-12-08 02:30:18'),(181,31,'5957','2020-02-19 15:19:05','410 Haag Spurs Apt. 196\nHarveyville, WA 06513-2627',541.00,'Corrupti odio est deleniti sequi.',3,'2014-04-12 06:38:39','2012-04-01 17:09:19','Corrupti odio est deleniti sequi.','2020-02-10 08:25:44','2020-12-08 02:30:18'),(182,32,'2824','2020-03-11 21:01:56','0948 Marvin Estates Apt. 199\nPort Raeganmouth, CO 95193',978.00,'Iure esse architecto quis aspernatur quae nihil nulla ut.',4,'1992-10-17 06:09:13','1996-09-03 07:45:12','Iure esse architecto quis aspernatur quae nihil nulla ut.','2020-07-11 11:17:09','2020-12-08 02:30:18'),(183,33,'4250','2020-04-06 10:19:45','159 Emilia Villages\nNorth Duncantown, FL 83833',216.00,'Laboriosam voluptatem sed temporibus qui.',3,'2009-02-20 15:28:36','2003-07-13 02:45:25','Laboriosam voluptatem sed temporibus qui.','2020-03-04 04:59:50','2020-12-08 02:30:18'),(184,34,'2778','2020-01-17 01:33:14','121 Deanna Via\nLake Aydentown, ME 44503-8214',95.00,'Omnis libero facere iste sint ab aliquid ad.',2,'2012-05-13 20:48:46','2001-12-16 12:51:25','Omnis libero facere iste sint ab aliquid ad.','2020-05-16 03:48:19','2020-12-08 02:30:18'),(185,35,'9138','2020-06-25 21:22:51','14219 Ryder Mills\nJoannieport, TN 37384-1741',779.00,'Recusandae dolorem itaque rerum.',0,'1972-06-23 16:07:25','1979-11-25 02:36:32','Recusandae dolorem itaque rerum.','2020-12-31 15:35:04','2020-12-08 02:30:18'),(186,36,'9359','2020-02-09 23:11:39','161 Daugherty Gardens Suite 096\nSouth Lorenzmouth, NH 88502',563.00,'Ea unde recusandae amet dolorum ab laboriosam.',0,'1996-08-28 09:49:17','2019-04-29 06:31:32','Ea unde recusandae amet dolorum ab laboriosam.','2020-07-02 14:33:55','2020-12-08 02:30:18'),(187,37,'9385','2020-02-12 10:41:19','21772 Boehm Courts Apt. 978\nDaniellestad, MI 40901-8990',425.00,'Fugiat excepturi suscipit est cumque sequi eius.',3,'2011-05-03 23:34:41','1994-01-13 19:32:42','Fugiat excepturi suscipit est cumque sequi eius.','2020-01-31 16:43:14','2020-12-08 02:30:18'),(188,38,'8847','2020-07-22 20:49:52','8870 Sasha Canyon\nSatterfieldfort, NV 75307',387.00,'Ea et voluptates consequatur.',3,'2011-10-06 21:35:49','1972-01-05 03:14:16','Ea et voluptates consequatur.','2020-12-21 23:30:52','2020-12-08 02:30:18'),(189,39,'6082','2020-10-07 03:07:01','47767 Morissette Fords\nRosannafort, AL 59425',611.00,'Hic voluptatibus et dicta nobis iste.',2,'2007-05-10 00:38:04','1971-08-08 18:46:13','Hic voluptatibus et dicta nobis iste.','2020-03-14 13:08:13','2020-12-08 02:30:18'),(190,40,'2869','2020-05-30 14:27:29','80052 Vivien Springs\nNew Efrainview, WY 26071',843.00,'Quia ex amet itaque facilis laudantium dolorem molestiae unde.',4,'2004-08-19 17:44:01','2003-11-07 13:22:11','Quia ex amet itaque facilis laudantium dolorem molestiae unde.','2020-02-19 22:26:25','2020-12-08 02:30:18'),(191,41,'4099','2020-07-06 15:41:19','5397 Reynolds Harbors\nLilyanstad, ND 18533',333.00,'Ea ad quos non soluta natus voluptatem.',2,'2000-11-27 00:20:28','1981-07-12 21:22:31','Ea ad quos non soluta natus voluptatem.','2020-09-22 01:58:06','2020-12-08 02:30:18'),(192,42,'1888','2020-01-20 11:28:24','84194 Pacocha Walks\nEast Quentinburgh, KY 90909-6743',85.00,'Dolor ratione accusamus molestiae quod accusamus ea maiores.',5,'1999-02-08 00:16:49','2019-05-24 12:40:26','Dolor ratione accusamus molestiae quod accusamus ea maiores.','2020-03-29 20:26:48','2020-12-08 02:30:18'),(193,43,'5145','2020-01-08 23:31:50','823 Blake Run Suite 474\nSouth Anastasia, VA 10975-5095',378.00,'Modi et vero pariatur impedit.',5,'2015-10-02 14:06:11','1986-04-18 23:07:16','Modi et vero pariatur impedit.','2020-01-03 06:00:21','2020-12-08 02:30:18'),(194,44,'1063','2020-09-13 22:17:39','35854 Efrain Groves\nJalynhaven, WY 92870-6729',585.00,'Commodi voluptas et numquam aut eaque.',4,'2020-07-27 20:44:03','2012-01-17 05:13:59','Commodi voluptas et numquam aut eaque.','2020-12-08 00:00:57','2020-12-08 02:30:18'),(195,45,'6878','2020-02-04 21:12:16','66252 Holden Knolls\nReichertview, RI 45830',741.00,'Consequatur ipsa autem optio inventore autem incidunt natus eum.',1,'1994-05-26 05:37:37','2017-04-02 08:29:55','Consequatur ipsa autem optio inventore autem incidunt natus eum.','2020-11-13 16:08:57','2020-12-08 02:30:18'),(196,46,'3206','2020-09-08 03:00:46','87722 Raymundo Curve\nPort Coltenmouth, AZ 60705-4364',900.00,'Et quia sed itaque est.',3,'1988-05-05 22:41:12','2004-05-25 13:07:05','Et quia sed itaque est.','2020-12-16 02:02:32','2020-12-08 02:30:18'),(197,47,'3393','2020-06-02 03:48:45','8047 Jarvis Forges\nWest Dustin, CA 94323-0663',227.00,'Aliquid sed ipsam aliquid architecto exercitationem.',0,'1991-07-04 04:41:46','1983-07-12 13:43:20','Aliquid sed ipsam aliquid architecto exercitationem.','2020-05-30 14:30:40','2020-12-08 02:30:18'),(198,48,'6349','2020-07-11 16:57:35','191 Alford Coves\nSouth Josie, NH 35103',388.00,'Et quidem officiis veritatis inventore modi numquam.',1,'1981-01-11 23:26:40','1977-12-25 11:27:03','Et quidem officiis veritatis inventore modi numquam.','2020-04-05 05:31:59','2020-12-08 02:30:18'),(199,49,'2567','2020-08-30 23:02:35','3947 Xzavier Underpass Apt. 353\nHaleyburgh, ND 50660-1118',206.00,'Neque sed ut sunt sapiente harum.',5,'1985-12-01 12:46:39','2007-03-09 17:42:18','Neque sed ut sunt sapiente harum.','2020-02-05 21:52:02','2020-12-08 02:30:18'),(200,50,'1789','2020-08-22 17:33:24','745 Leuschke Glen Suite 380\nMustafashire, MA 20365',820.00,'Omnis est asperiores eveniet velit aspernatur sint qui consequuntur.',2,'1997-06-02 18:29:06','2019-07-17 18:57:28','Omnis est asperiores eveniet velit aspernatur sint qui consequuntur.','2020-03-05 04:28:24','2020-12-08 02:30:18');
/*!40000 ALTER TABLE `orders` ENABLE KEYS */;
UNLOCK TABLES;

--
-- Table structure for table `orders_products`
--

DROP TABLE IF EXISTS `orders_products`;
/*!40101 SET @saved_cs_client     = @@character_set_client */;
/*!50503 SET character_set_client = utf8mb4 */;
CREATE TABLE `orders_products` (
  `order_id` int unsigned NOT NULL COMMENT 'Идентификатор заказа',
  `product_id` int unsigned NOT NULL COMMENT 'Идентификатор товара',
  `product_count` int NOT NULL COMMENT 'Количество товара',
  `created_at` datetime DEFAULT CURRENT_TIMESTAMP COMMENT 'Дата создания строки',
  `updated_at` datetime DEFAULT CURRENT_TIMESTAMP ON UPDATE CURRENT_TIMESTAMP COMMENT 'Время обновления строки',
  PRIMARY KEY (`order_id`,`product_id`) COMMENT 'Составной первичный ключ',
  KEY `orders_products_product_id_fk` (`product_id`),
  CONSTRAINT `orders_products_order_id_fk` FOREIGN KEY (`order_id`) REFERENCES `orders` (`id`),
  CONSTRAINT `orders_products_product_id_fk` FOREIGN KEY (`product_id`) REFERENCES `products` (`id`)
) ENGINE=InnoDB DEFAULT CHARSET=utf8mb4 COLLATE=utf8mb4_unicode_ci COMMENT='Заказы_Товары';
/*!40101 SET character_set_client = @saved_cs_client */;

--
-- Dumping data for table `orders_products`
--

LOCK TABLES `orders_products` WRITE;
/*!40000 ALTER TABLE `orders_products` DISABLE KEYS */;
INSERT INTO `orders_products` VALUES (1,39,1,'2020-12-08 01:49:32','2020-12-10 10:15:11'),(1,80,2,'2020-12-08 01:49:32','2020-12-10 10:15:11'),(2,39,2,'2020-01-21 20:11:44','2020-12-10 10:15:11'),(2,120,3,'2020-01-21 20:11:44','2020-12-10 10:15:11'),(3,125,2,'2020-12-13 06:31:50','2020-12-10 10:15:11'),(3,135,1,'2020-12-13 06:31:50','2020-12-10 10:15:11'),(4,101,2,'2020-12-04 15:38:38','2020-12-10 10:15:11'),(4,134,2,'2020-12-04 15:38:38','2020-12-10 10:15:11'),(5,151,1,'2020-01-27 04:40:23','2020-12-10 10:15:11'),(5,158,1,'2020-01-27 04:40:23','2020-12-10 10:15:11'),(6,109,2,'2020-12-02 23:12:29','2020-12-10 10:15:11'),(7,77,1,'2020-09-13 18:46:46','2020-12-10 10:15:11'),(7,183,2,'2020-09-13 18:46:46','2020-12-10 10:15:11'),(8,79,3,'2020-10-04 06:01:09','2020-12-10 10:15:11'),(9,187,3,'2020-08-15 12:45:08','2020-12-10 10:15:11'),(10,7,2,'2020-03-18 10:19:01','2020-12-10 10:15:11'),(10,185,3,'2020-03-18 10:19:01','2020-12-10 10:15:11'),(11,26,3,'2020-05-09 04:12:02','2020-12-10 10:15:11'),(12,128,2,'2020-11-03 05:36:38','2020-12-10 10:15:11'),(13,32,3,'2020-07-28 00:15:17','2020-12-10 10:15:11'),(14,6,3,'2020-04-21 04:02:09','2020-12-10 10:15:11'),(15,174,2,'2020-04-15 15:44:02','2020-12-10 10:15:11'),(16,12,1,'2020-03-03 17:12:27','2020-12-10 10:15:11'),(17,26,3,'2020-12-14 02:35:46','2020-12-10 10:15:11'),(18,103,3,'2020-08-03 17:07:03','2020-12-10 10:15:11'),(18,153,2,'2020-08-03 17:07:03','2020-12-10 10:15:11'),(19,71,1,'2020-03-01 16:08:20','2020-12-10 10:15:11'),(20,189,2,'2020-05-10 16:07:58','2020-12-10 10:15:11'),(21,44,2,'2020-06-26 02:33:05','2020-12-10 10:15:11'),(22,170,1,'2020-12-07 05:13:07','2020-12-10 10:15:11'),(23,69,3,'2020-12-01 01:44:13','2020-12-10 10:15:11'),(24,54,3,'2020-01-22 00:29:04','2020-12-10 10:15:11'),(24,59,3,'2020-01-22 00:29:04','2020-12-10 10:15:11'),(24,87,2,'2020-01-22 00:29:04','2020-12-10 10:15:11'),(24,108,3,'2020-01-22 00:29:04','2020-12-10 10:15:11'),(25,171,2,'2020-05-01 10:54:21','2020-12-10 10:15:11'),(26,21,2,'2020-07-20 07:08:33','2020-12-10 10:15:11'),(26,145,2,'2020-07-20 07:08:33','2020-12-10 10:15:11'),(27,91,2,'2020-11-20 05:33:51','2020-12-10 10:15:11'),(28,131,2,'2020-08-29 05:24:24','2020-12-10 10:15:11'),(28,167,1,'2020-08-29 05:24:24','2020-12-10 10:15:11'),(29,26,3,'2020-02-18 16:01:32','2020-12-10 10:15:11'),(29,184,2,'2020-02-18 16:01:32','2020-12-10 10:15:11'),(30,110,1,'2020-08-03 07:18:03','2020-12-10 10:15:11'),(31,80,1,'2020-07-25 03:26:25','2020-12-10 10:15:11'),(32,54,1,'2020-11-07 16:23:26','2020-12-10 10:15:11'),(33,132,1,'2020-03-09 23:36:31','2020-12-10 10:15:11'),(34,189,2,'2020-04-10 12:56:38','2020-12-10 10:15:11'),(35,5,2,'2020-05-10 09:47:49','2020-12-10 10:15:11'),(35,168,3,'2020-05-10 09:47:49','2020-12-10 10:15:11'),(36,89,1,'2020-08-26 04:14:31','2020-12-10 10:15:11'),(37,86,2,'2020-03-22 15:46:12','2020-12-10 10:15:11'),(38,46,1,'2020-12-01 10:20:45','2020-12-10 10:15:11'),(39,60,1,'2020-11-07 19:58:07','2020-12-10 10:15:11'),(40,120,2,'2020-01-29 01:17:45','2020-12-10 10:15:11'),(41,177,3,'2020-07-02 20:10:28','2020-12-10 10:15:11'),(42,144,3,'2020-05-19 06:19:54','2020-12-10 10:15:11'),(43,96,3,'2020-10-14 05:46:01','2020-12-10 10:15:11'),(44,161,1,'2020-12-01 13:27:15','2020-12-10 10:15:11'),(45,168,1,'2020-03-28 05:42:36','2020-12-10 10:15:11'),(46,131,2,'2020-02-07 16:16:03','2020-12-10 10:15:11'),(47,54,3,'2020-02-05 12:38:39','2020-12-10 10:15:11'),(48,53,1,'2020-06-29 14:38:33','2020-12-10 10:15:11'),(49,149,1,'2020-02-20 09:33:03','2020-12-10 10:15:11'),(50,145,3,'2020-01-14 09:36:29','2020-12-10 10:15:11'),(51,4,3,'2020-03-03 21:53:10','2020-12-10 10:15:11'),(52,143,2,'2020-12-28 12:46:31','2020-12-10 10:15:11'),(53,131,1,'2020-10-14 11:44:43','2020-12-10 10:15:11'),(54,105,2,'2020-10-05 01:06:43','2020-12-10 10:15:11'),(55,11,2,'2020-08-16 03:37:28','2020-12-10 10:15:11'),(55,55,2,'2020-08-16 03:37:28','2020-12-10 10:15:11'),(56,3,3,'2020-11-14 05:40:49','2020-12-10 10:15:11'),(57,150,2,'2020-09-21 21:23:52','2020-12-10 10:15:11'),(58,119,3,'2020-11-13 23:45:01','2020-12-10 10:15:11'),(59,43,3,'2020-12-19 21:43:00','2020-12-10 10:15:11'),(60,189,3,'2020-11-22 20:59:38','2020-12-10 10:15:11'),(61,159,3,'2020-10-25 16:11:31','2020-12-10 10:15:11'),(62,139,3,'2020-09-30 14:33:21','2020-12-10 10:15:11'),(63,156,2,'2020-07-21 17:43:37','2020-12-10 10:15:11'),(64,171,3,'2020-12-08 11:43:52','2020-12-10 10:15:11'),(65,187,1,'2020-01-02 22:14:00','2020-12-10 10:15:11'),(66,112,3,'2020-03-22 06:43:50','2020-12-10 10:15:11'),(66,150,1,'2020-03-22 06:43:50','2020-12-10 10:15:11'),(67,8,2,'2020-05-04 08:29:43','2020-12-10 10:15:11'),(68,38,2,'2020-04-16 08:32:43','2020-12-10 10:15:11'),(69,163,1,'2020-06-11 20:44:11','2020-12-10 10:15:11'),(70,102,2,'2020-07-04 07:55:45','2020-12-10 10:15:11'),(70,179,3,'2020-07-04 07:55:45','2020-12-10 10:15:11'),(71,195,2,'2020-03-08 21:08:26','2020-12-10 10:15:11'),(72,133,1,'2020-03-12 12:19:19','2020-12-10 10:15:11'),(73,10,2,'2020-12-11 01:37:53','2020-12-10 10:15:11'),(74,188,2,'2020-08-22 15:22:03','2020-12-10 10:15:11'),(75,144,2,'2020-12-15 19:33:49','2020-12-10 10:15:11'),(76,60,3,'2020-12-06 11:45:59','2020-12-10 10:15:11'),(76,131,3,'2020-12-06 11:45:59','2020-12-10 10:15:11'),(77,84,2,'2020-08-03 09:19:27','2020-12-10 10:15:11'),(78,152,1,'2020-05-26 17:20:01','2020-12-10 10:15:11'),(79,105,2,'2020-10-07 23:25:39','2020-12-10 10:15:11'),(80,127,2,'2020-02-13 21:01:25','2020-12-10 10:15:11'),(81,54,3,'2020-05-28 15:19:20','2020-12-10 10:15:11'),(82,114,2,'2020-09-04 23:33:28','2020-12-10 10:15:11'),(83,32,3,'2020-12-09 22:57:53','2020-12-10 10:15:11'),(83,122,2,'2020-12-09 22:57:53','2020-12-10 10:15:11'),(84,195,1,'2020-04-08 13:15:16','2020-12-10 10:15:11'),(85,194,3,'2020-06-19 21:52:17','2020-12-10 10:15:11'),(86,116,2,'2020-11-20 09:48:16','2020-12-10 10:15:11'),(86,183,2,'2020-11-20 09:48:16','2020-12-10 10:15:11'),(87,81,3,'2020-09-11 03:25:48','2020-12-10 10:15:11'),(87,187,1,'2020-09-11 03:25:48','2020-12-10 10:15:11'),(88,169,1,'2020-05-13 01:21:30','2020-12-10 10:15:11'),(89,89,1,'2020-03-05 16:56:29','2020-12-10 10:15:11'),(90,34,1,'2020-03-07 02:51:05','2020-12-10 10:15:11'),(91,99,3,'2020-02-21 21:50:50','2020-12-10 10:15:11'),(92,96,1,'2020-04-19 17:05:40','2020-12-10 10:15:11'),(93,173,1,'2020-09-29 15:21:37','2020-12-10 10:15:11'),(94,87,3,'2020-10-05 00:40:26','2020-12-10 10:15:11'),(95,150,2,'2020-08-21 23:49:50','2020-12-10 10:15:11'),(96,35,1,'2020-02-26 17:46:49','2020-12-10 10:15:11'),(97,63,1,'2020-07-09 11:23:38','2020-12-10 10:15:11'),(97,131,3,'2020-07-09 11:23:38','2020-12-10 10:15:11'),(98,14,3,'2020-07-12 20:31:42','2020-12-10 10:15:11'),(99,112,2,'2020-05-09 18:54:19','2020-12-10 10:15:11'),(100,66,1,'2020-11-08 05:04:41','2020-12-10 10:15:11'),(101,16,1,'2020-05-12 10:44:32','2020-12-10 10:15:11'),(102,78,2,'2020-05-19 17:33:59','2020-12-10 10:15:11'),(103,115,2,'2020-04-25 16:39:32','2020-12-10 10:15:11'),(104,69,2,'2020-06-06 06:56:39','2020-12-10 10:15:11'),(105,46,3,'2020-03-31 15:32:51','2020-12-10 10:15:11'),(106,83,1,'2020-11-22 02:34:41','2020-12-10 10:15:11'),(107,86,2,'2020-05-07 12:54:22','2020-12-10 10:15:11'),(108,27,1,'2020-03-04 09:39:18','2020-12-10 10:15:11'),(109,49,3,'2020-11-08 19:59:07','2020-12-10 10:15:11'),(110,74,3,'2020-05-24 23:38:20','2020-12-10 10:15:11'),(111,114,2,'2020-12-07 01:50:42','2020-12-10 10:15:11'),(112,64,1,'2020-12-10 09:48:52','2020-12-10 10:15:11'),(112,193,2,'2020-12-10 09:48:52','2020-12-10 10:15:11'),(113,165,3,'2020-02-28 12:33:15','2020-12-10 10:15:11'),(113,197,1,'2020-02-28 12:33:15','2020-12-10 10:15:11'),(114,115,1,'2020-06-11 08:30:16','2020-12-10 10:15:11'),(115,33,2,'2020-05-23 13:33:12','2020-12-10 10:15:11'),(116,171,1,'2020-11-13 19:47:33','2020-12-10 10:15:11'),(117,95,3,'2020-12-31 08:06:16','2020-12-10 10:15:11'),(117,97,3,'2020-12-31 08:06:16','2020-12-10 10:15:11'),(118,8,2,'2020-03-25 11:20:34','2020-12-10 10:15:11'),(118,43,3,'2020-03-25 11:20:34','2020-12-10 10:15:11'),(118,72,1,'2020-03-25 11:20:34','2020-12-10 10:15:11'),(118,171,3,'2020-03-25 11:20:34','2020-12-10 10:15:11'),(119,163,3,'2020-01-22 05:07:05','2020-12-10 10:15:11'),(120,152,3,'2020-09-06 08:43:00','2020-12-10 10:15:11'),(121,37,3,'2020-03-06 02:32:58','2020-12-10 10:15:11'),(122,34,3,'2020-10-15 08:55:21','2020-12-10 10:15:11'),(122,104,1,'2020-10-15 08:55:21','2020-12-10 10:15:11'),(122,109,3,'2020-10-15 08:55:21','2020-12-10 10:15:11'),(123,103,3,'2020-10-14 16:07:14','2020-12-10 10:15:11'),(123,154,1,'2020-10-14 16:07:14','2020-12-10 10:15:11'),(124,121,2,'2020-03-20 13:35:38','2020-12-10 10:15:11'),(125,89,3,'2020-12-28 21:56:52','2020-12-10 10:15:11'),(126,120,1,'2020-04-03 12:14:47','2020-12-10 10:15:11'),(127,112,1,'2020-09-26 19:15:34','2020-12-10 10:15:11'),(128,76,3,'2020-12-23 09:39:25','2020-12-10 10:15:11'),(128,182,1,'2020-12-23 09:39:25','2020-12-10 10:15:11'),(129,44,1,'2020-01-28 20:57:36','2020-12-10 10:15:11'),(129,153,1,'2020-01-28 20:57:36','2020-12-10 10:15:11'),(130,104,1,'2020-05-26 07:26:20','2020-12-10 10:15:11'),(131,193,2,'2020-07-30 14:19:41','2020-12-10 10:15:11'),(132,185,2,'2020-11-15 16:52:45','2020-12-10 10:15:11'),(133,53,3,'2020-12-27 13:07:13','2020-12-10 10:15:11'),(134,51,2,'2020-09-15 18:25:02','2020-12-10 10:15:11'),(135,23,2,'2020-05-25 18:21:26','2020-12-10 10:15:11'),(136,72,2,'2020-03-04 08:08:38','2020-12-10 10:15:11'),(137,16,1,'2020-04-29 15:43:41','2020-12-10 10:15:11'),(138,156,1,'2020-04-16 02:57:23','2020-12-10 10:15:11'),(138,189,2,'2020-04-16 02:57:23','2020-12-10 10:15:11'),(139,12,3,'2020-03-19 13:36:39','2020-12-10 10:15:11'),(139,98,1,'2020-03-19 13:36:39','2020-12-10 10:15:11'),(139,126,2,'2020-03-19 13:36:39','2020-12-10 10:15:11'),(140,61,3,'2020-02-08 10:49:17','2020-12-10 10:15:11'),(141,48,1,'2020-07-02 03:48:40','2020-12-10 10:15:11'),(142,62,1,'2020-07-15 18:15:17','2020-12-10 10:15:11'),(143,105,3,'2020-04-15 06:32:16','2020-12-10 10:15:11'),(144,34,2,'2020-04-18 10:27:45','2020-12-10 10:15:11'),(145,119,3,'2020-10-11 07:27:23','2020-12-10 10:15:11'),(145,163,1,'2020-10-11 07:27:23','2020-12-10 10:15:11'),(146,176,1,'2020-08-14 13:01:01','2020-12-10 10:15:11'),(147,73,1,'2020-04-14 13:55:40','2020-12-10 10:15:11'),(147,90,1,'2020-04-14 13:55:40','2020-12-10 10:15:11'),(148,149,3,'2020-03-24 21:55:07','2020-12-10 10:15:11'),(149,63,2,'2020-11-18 00:39:10','2020-12-10 10:15:11'),(149,82,1,'2020-11-18 00:39:10','2020-12-10 10:15:11'),(150,142,2,'2020-12-09 07:00:55','2020-12-10 10:15:11'),(151,34,1,'2020-07-06 09:58:24','2020-12-10 10:15:11'),(152,163,1,'2020-01-24 00:53:44','2020-12-10 10:15:11'),(153,170,3,'2020-11-26 23:30:59','2020-12-10 10:15:11'),(153,171,2,'2020-11-26 23:30:59','2020-12-10 10:15:11'),(154,181,2,'2020-11-28 09:53:46','2020-12-10 10:15:11'),(155,78,3,'2020-01-21 07:02:58','2020-12-10 10:15:11'),(155,98,3,'2020-01-21 07:02:58','2020-12-10 10:15:11'),(155,185,1,'2020-01-21 07:02:58','2020-12-10 10:15:11'),(155,194,1,'2020-01-21 07:02:58','2020-12-10 10:15:11'),(156,139,3,'2020-04-20 18:24:05','2020-12-10 10:15:11'),(157,98,2,'2020-09-02 00:37:28','2020-12-10 10:15:11'),(158,2,3,'2020-04-12 11:42:21','2020-12-10 10:15:11'),(158,180,2,'2020-04-12 11:42:21','2020-12-10 10:15:11'),(159,48,2,'2020-01-27 22:01:23','2020-12-10 10:15:11'),(160,133,3,'2020-03-07 11:36:18','2020-12-10 10:15:11'),(161,60,2,'2020-10-29 20:14:01','2020-12-10 10:15:11'),(162,115,1,'2020-04-21 13:12:29','2020-12-10 10:15:11'),(163,152,3,'2020-04-09 07:31:17','2020-12-10 10:15:11'),(164,40,2,'2020-03-25 09:08:21','2020-12-10 10:15:11'),(165,72,1,'2020-10-21 23:03:39','2020-12-10 10:15:11'),(165,173,2,'2020-10-21 23:03:39','2020-12-10 10:15:11'),(166,126,2,'2020-11-10 01:52:35','2020-12-10 10:15:11'),(167,16,3,'2020-12-16 20:46:44','2020-12-10 10:15:11'),(168,1,2,'2020-06-10 02:46:08','2020-12-10 10:15:11'),(168,163,3,'2020-06-10 02:46:08','2020-12-10 10:15:11'),(169,162,2,'2020-04-12 12:38:53','2020-12-10 10:15:11'),(170,58,2,'2020-08-29 17:40:31','2020-12-10 10:15:11'),(171,127,3,'2020-10-10 03:01:26','2020-12-10 10:15:11'),(172,101,2,'2020-10-11 00:25:25','2020-12-10 10:15:11'),(173,19,3,'2020-11-08 19:38:53','2020-12-10 10:15:11'),(174,19,1,'2020-08-05 17:06:58','2020-12-10 10:15:11'),(175,148,1,'2020-06-25 14:34:12','2020-12-10 10:15:11'),(175,152,1,'2020-06-25 14:34:12','2020-12-10 10:15:11'),(176,57,3,'2020-10-25 12:00:11','2020-12-10 10:15:11'),(176,148,1,'2020-10-25 12:00:11','2020-12-10 10:15:11'),(176,189,2,'2020-10-25 12:00:11','2020-12-10 10:15:11'),(177,57,3,'2020-02-17 18:11:03','2020-12-10 10:15:11'),(178,187,2,'2020-01-23 19:12:14','2020-12-10 10:15:11'),(179,48,2,'2020-07-19 15:50:45','2020-12-10 10:15:11'),(180,167,3,'2020-07-26 14:41:15','2020-12-10 10:15:11'),(181,21,3,'2020-02-10 08:25:44','2020-12-10 10:15:11'),(181,179,1,'2020-02-10 08:25:44','2020-12-10 10:15:11'),(182,119,1,'2020-07-11 11:17:09','2020-12-10 10:15:11'),(183,197,3,'2020-03-04 04:59:50','2020-12-10 10:15:11'),(184,86,2,'2020-05-16 03:48:19','2020-12-10 10:15:11'),(185,42,2,'2020-12-31 15:35:04','2020-12-10 10:15:11'),(186,137,2,'2020-07-02 14:33:55','2020-12-10 10:15:11'),(187,107,1,'2020-01-31 16:43:14','2020-12-10 10:15:11'),(187,110,2,'2020-01-31 16:43:14','2020-12-10 10:15:11'),(188,171,1,'2020-12-21 23:30:52','2020-12-10 10:15:11'),(189,1,2,'2020-03-14 13:08:13','2020-12-10 10:15:11'),(189,89,2,'2020-03-14 13:08:13','2020-12-10 10:15:11'),(189,132,3,'2020-03-14 13:08:13','2020-12-10 10:15:11'),(190,16,1,'2020-02-19 22:26:25','2020-12-10 10:15:11'),(191,175,1,'2020-09-22 01:58:06','2020-12-10 10:15:11'),(192,51,1,'2020-03-29 20:26:48','2020-12-10 10:15:11'),(192,158,1,'2020-03-29 20:26:48','2020-12-10 10:15:11'),(193,13,1,'2020-01-03 06:00:21','2020-12-10 10:15:11'),(194,153,2,'2020-12-08 00:00:57','2020-12-10 10:15:11'),(195,8,1,'2020-11-13 16:08:57','2020-12-10 10:15:11'),(196,79,1,'2020-12-16 02:02:32','2020-12-10 10:15:11'),(197,103,1,'2020-05-30 14:30:40','2020-12-10 10:15:11'),(198,129,1,'2020-04-05 05:31:59','2020-12-10 10:15:11'),(199,107,3,'2020-02-05 21:52:02','2020-12-10 10:15:11'),(199,122,2,'2020-02-05 21:52:02','2020-12-10 10:15:11'),(200,156,1,'2020-03-05 04:28:24','2020-12-10 10:15:11');
/*!40000 ALTER TABLE `orders_products` ENABLE KEYS */;
UNLOCK TABLES;

--
-- Table structure for table `photos`
--

DROP TABLE IF EXISTS `photos`;
/*!40101 SET @saved_cs_client     = @@character_set_client */;
/*!50503 SET character_set_client = utf8mb4 */;
CREATE TABLE `photos` (
  `id` int unsigned NOT NULL AUTO_INCREMENT COMMENT 'УИД фотографии товара',
  `product_id` int unsigned NOT NULL COMMENT 'Идентификатор товара',
  `file_name` varchar(255) COLLATE utf8mb4_unicode_ci NOT NULL COMMENT 'Путь к файлу',
  `metadata` json DEFAULT NULL,
  `size` int NOT NULL COMMENT 'Размер',
  `created_at` datetime DEFAULT CURRENT_TIMESTAMP COMMENT 'Время создания строки',
  `updated_at` datetime DEFAULT CURRENT_TIMESTAMP ON UPDATE CURRENT_TIMESTAMP COMMENT 'Время обновления строки',
  PRIMARY KEY (`id`),
  KEY `photos_product_id_fk` (`product_id`),
  CONSTRAINT `photos_product_id_fk` FOREIGN KEY (`product_id`) REFERENCES `products` (`id`) ON DELETE CASCADE
) ENGINE=InnoDB AUTO_INCREMENT=201 DEFAULT CHARSET=utf8mb4 COLLATE=utf8mb4_unicode_ci COMMENT='Фотографии товаров';
/*!40101 SET character_set_client = @saved_cs_client */;

--
-- Dumping data for table `photos`
--

LOCK TABLES `photos` WRITE;
/*!40000 ALTER TABLE `photos` DISABLE KEYS */;
INSERT INTO `photos` VALUES (1,10,'http://dropbox.net/vk/In saepe ut aut laudantium sunt.png','{\"product\": \"10\"}',1995,'2020-04-17 10:16:30','2020-12-07 12:29:02'),(2,163,'http://dropbox.net/vk/Facilis eius eos exercitationem.png','{\"product\": \"163\"}',428,'2020-03-27 02:07:09','2020-12-07 12:29:02'),(3,111,'http://dropbox.net/vk/Qui mollitia molestias.png','{\"product\": \"111\"}',463,'2020-12-05 03:36:44','2020-12-07 12:29:02'),(4,145,'http://dropbox.net/vk/Placeat nihil molestiae esse.png','{\"product\": \"145\"}',783,'2020-10-17 06:34:25','2020-12-07 12:29:02'),(5,99,'http://dropbox.net/vk/Rem asperiores amet enim expedita.png','{\"product\": \"99\"}',1190,'2020-09-27 08:08:45','2020-12-07 12:29:02'),(6,196,'http://dropbox.net/vk/Vel aut iste aut.png','{\"product\": \"196\"}',1153,'2020-04-24 19:49:23','2020-12-07 12:29:02'),(7,79,'http://dropbox.net/vk/Velit possimus ullam alias.png','{\"product\": \"79\"}',179,'2020-06-03 00:54:23','2020-12-07 12:29:02'),(8,169,'http://dropbox.net/vk/Qui error rerum est nemo enim.png','{\"product\": \"169\"}',2650,'2020-01-03 17:55:53','2020-12-07 12:29:02'),(9,134,'http://dropbox.net/vk/Similique non harum dolores consequatur ipsam.png','{\"product\": \"134\"}',2490,'2020-10-06 14:45:24','2020-12-07 12:29:02'),(10,151,'http://dropbox.net/vk/Odit repellat ut qui.png','{\"product\": \"151\"}',1939,'2020-07-19 19:25:55','2020-12-07 12:29:02'),(11,10,'http://dropbox.net/vk/Qui delectus non vero ut.png','{\"product\": \"10\"}',235,'2020-04-17 10:16:30','2020-12-07 12:29:02'),(12,129,'http://dropbox.net/vk/Consequatur commodi ratione sed atque.png','{\"product\": \"129\"}',2022,'2020-08-27 14:46:15','2020-12-07 12:29:02'),(13,92,'http://dropbox.net/vk/Quibusdam omnis hic commodi.png','{\"product\": \"92\"}',1721,'2020-09-16 01:23:04','2020-12-07 12:29:02'),(14,94,'http://dropbox.net/vk/Laborum dolorum est deserunt nemo.png','{\"product\": \"94\"}',223,'2020-11-10 08:47:13','2020-12-07 12:29:02'),(15,179,'http://dropbox.net/vk/Aperiam est rerum dolorem.png','{\"product\": \"179\"}',2425,'2020-10-24 18:10:45','2020-12-07 12:29:02'),(16,143,'http://dropbox.net/vk/A quis quis explicabo.png','{\"product\": \"143\"}',2304,'2020-12-15 16:16:07','2020-12-07 12:29:02'),(17,170,'http://dropbox.net/vk/Saepe velit delectus.png','{\"product\": \"170\"}',2582,'2020-11-16 14:10:58','2020-12-07 12:29:02'),(18,162,'http://dropbox.net/vk/Laudantium facilis provident voluptatibus.png','{\"product\": \"162\"}',2267,'2020-10-09 20:57:46','2020-12-07 12:29:02'),(19,33,'http://dropbox.net/vk/Ut alias odit dolorem.png','{\"product\": \"33\"}',2283,'2020-08-28 15:52:48','2020-12-07 12:29:02'),(20,108,'http://dropbox.net/vk/Excepturi nihil repellendus rem blanditiis sint.png','{\"product\": \"108\"}',506,'2020-09-25 12:03:37','2020-12-07 12:29:02'),(21,192,'http://dropbox.net/vk/Sit rerum laboriosam repellat consequatur voluptatibus.png','{\"product\": \"192\"}',2384,'2020-11-11 23:21:08','2020-12-07 12:29:02'),(22,19,'http://dropbox.net/vk/Non enim sequi voluptate aut.png','{\"product\": \"19\"}',882,'2020-12-03 11:43:33','2020-12-07 12:29:02'),(23,40,'http://dropbox.net/vk/Et voluptatem labore nemo placeat.png','{\"product\": \"40\"}',1884,'2020-03-30 15:15:03','2020-12-07 12:29:02'),(24,196,'http://dropbox.net/vk/Sed quod qui ut qui.png','{\"product\": \"196\"}',266,'2020-04-24 19:49:23','2020-12-07 12:29:02'),(25,78,'http://dropbox.net/vk/Dolores quisquam doloremque beatae quaerat.png','{\"product\": \"78\"}',705,'2020-08-21 08:28:51','2020-12-07 12:29:02'),(26,20,'http://dropbox.net/vk/Est dolorem ut ipsum.png','{\"product\": \"20\"}',2063,'2020-06-20 21:39:23','2020-12-07 12:29:02'),(27,90,'http://dropbox.net/vk/Corporis perferendis aut.png','{\"product\": \"90\"}',2275,'2020-01-09 03:44:44','2020-12-07 12:29:02'),(28,89,'http://dropbox.net/vk/Aut libero dolorum non.png','{\"product\": \"89\"}',2822,'2020-03-27 07:40:32','2020-12-07 12:29:02'),(29,108,'http://dropbox.net/vk/Accusantium hic et voluptatem.png','{\"product\": \"108\"}',1220,'2020-09-25 12:03:37','2020-12-07 12:29:02'),(30,154,'http://dropbox.net/vk/Est minima architecto repellat.png','{\"product\": \"154\"}',1233,'2020-10-16 11:21:52','2020-12-07 12:29:02'),(31,59,'http://dropbox.net/vk/Exercitationem rerum nesciunt animi maiores.png','{\"product\": \"59\"}',2378,'2020-04-13 23:21:21','2020-12-07 12:29:02'),(32,105,'http://dropbox.net/vk/Incidunt sed est quia et.png','{\"product\": \"105\"}',2453,'2020-11-14 12:55:42','2020-12-07 12:29:02'),(33,136,'http://dropbox.net/vk/Deserunt animi provident aut.png','{\"product\": \"136\"}',1944,'2020-01-15 02:55:59','2020-12-07 12:29:02'),(34,165,'http://dropbox.net/vk/Ut sit fugiat esse est quo.png','{\"product\": \"165\"}',802,'2020-09-24 04:47:02','2020-12-07 12:29:02'),(35,121,'http://dropbox.net/vk/Iure voluptas ut autem voluptatem.png','{\"product\": \"121\"}',760,'2020-08-18 16:08:48','2020-12-07 12:29:02'),(36,96,'http://dropbox.net/vk/Laudantium quod facilis temporibus.png','{\"product\": \"96\"}',470,'2020-05-29 18:38:49','2020-12-07 12:29:02'),(37,30,'http://dropbox.net/vk/Voluptates est repellendus repellat ducimus ut.png','{\"product\": \"30\"}',266,'2020-01-22 17:59:15','2020-12-07 12:29:02'),(38,88,'http://dropbox.net/vk/Sit sit vel consequuntur autem.png','{\"product\": \"88\"}',505,'2020-03-08 11:57:16','2020-12-07 12:29:02'),(39,4,'http://dropbox.net/vk/Enim voluptate molestiae architecto.png','{\"product\": \"4\"}',643,'2020-10-11 19:12:16','2020-12-07 12:29:02'),(40,172,'http://dropbox.net/vk/Qui nihil nemo fuga.png','{\"product\": \"172\"}',380,'2020-12-20 13:08:46','2020-12-07 12:29:02'),(41,126,'http://dropbox.net/vk/Labore voluptatem dignissimos.png','{\"product\": \"126\"}',2965,'2020-11-24 09:48:09','2020-12-07 12:29:02'),(42,62,'http://dropbox.net/vk/In ut deserunt a.png','{\"product\": \"62\"}',855,'2020-03-14 00:54:02','2020-12-07 12:29:02'),(43,63,'http://dropbox.net/vk/Sunt qui a ut earum perferendis.png','{\"product\": \"63\"}',2454,'2020-03-10 15:56:11','2020-12-07 12:29:02'),(44,25,'http://dropbox.net/vk/Voluptatem eaque laudantium temporibus deleniti.png','{\"product\": \"25\"}',2701,'2020-02-07 22:15:43','2020-12-07 12:29:02'),(45,87,'http://dropbox.net/vk/Corrupti eligendi nihil itaque explicabo.png','{\"product\": \"87\"}',173,'2020-09-21 02:28:02','2020-12-07 12:29:02'),(46,45,'http://dropbox.net/vk/Minus aut quis doloribus dolores officia.png','{\"product\": \"45\"}',1461,'2020-11-16 13:03:12','2020-12-07 12:29:02'),(47,106,'http://dropbox.net/vk/Et velit nostrum reiciendis ipsam.png','{\"product\": \"106\"}',2380,'2020-12-26 19:21:33','2020-12-07 12:29:02'),(48,168,'http://dropbox.net/vk/Necessitatibus est eos assumenda ullam.png','{\"product\": \"168\"}',2072,'2020-10-31 15:30:13','2020-12-07 12:29:02'),(49,42,'http://dropbox.net/vk/Corporis repudiandae esse.png','{\"product\": \"42\"}',1105,'2020-01-23 16:07:43','2020-12-07 12:29:02'),(50,48,'http://dropbox.net/vk/Repudiandae corrupti velit omnis.png','{\"product\": \"48\"}',849,'2020-04-11 08:42:36','2020-12-07 12:29:02'),(51,180,'http://dropbox.net/vk/Quam quaerat voluptatem.png','{\"product\": \"180\"}',209,'2020-12-02 15:27:28','2020-12-07 12:29:02'),(52,7,'http://dropbox.net/vk/Quaerat vel eaque mollitia minima nihil.png','{\"product\": \"7\"}',1567,'2020-01-14 21:04:24','2020-12-07 12:29:02'),(53,64,'http://dropbox.net/vk/Doloremque omnis consectetur illo incidunt animi.png','{\"product\": \"64\"}',310,'2020-05-17 16:36:48','2020-12-07 12:29:02'),(54,2,'http://dropbox.net/vk/Qui esse qui iure.png','{\"product\": \"2\"}',312,'2020-01-26 08:13:07','2020-12-07 12:29:02'),(55,153,'http://dropbox.net/vk/Sunt distinctio labore sint debitis.png','{\"product\": \"153\"}',2635,'2020-12-01 17:30:10','2020-12-07 12:29:02'),(56,44,'http://dropbox.net/vk/Quia exercitationem velit explicabo.png','{\"product\": \"44\"}',564,'2020-10-18 04:03:52','2020-12-07 12:29:02'),(57,25,'http://dropbox.net/vk/Quo quis vel aut magnam.png','{\"product\": \"25\"}',2311,'2020-02-07 22:15:43','2020-12-07 12:29:02'),(58,173,'http://dropbox.net/vk/Laborum perferendis alias neque in ducimus.png','{\"product\": \"173\"}',1507,'2020-07-10 09:03:43','2020-12-07 12:29:02'),(59,13,'http://dropbox.net/vk/Inventore nihil illum non.png','{\"product\": \"13\"}',214,'2020-03-02 10:15:05','2020-12-07 12:29:02'),(60,37,'http://dropbox.net/vk/Sunt rerum exercitationem.png','{\"product\": \"37\"}',1960,'2020-02-14 09:10:19','2020-12-07 12:29:02'),(61,72,'http://dropbox.net/vk/Fugit quaerat labore est explicabo.png','{\"product\": \"72\"}',495,'2020-04-13 22:19:34','2020-12-07 12:29:02'),(62,28,'http://dropbox.net/vk/Voluptatum autem expedita nostrum explicabo.png','{\"product\": \"28\"}',2622,'2020-04-22 01:26:54','2020-12-07 12:29:02'),(63,147,'http://dropbox.net/vk/Aut quisquam repellat.png','{\"product\": \"147\"}',1509,'2020-07-08 08:24:54','2020-12-07 12:29:02'),(64,114,'http://dropbox.net/vk/Neque aspernatur ullam omnis eum.png','{\"product\": \"114\"}',1599,'2020-02-20 20:09:24','2020-12-07 12:29:02'),(65,101,'http://dropbox.net/vk/Quisquam impedit impedit distinctio vel.png','{\"product\": \"101\"}',1920,'2020-08-18 19:47:08','2020-12-07 12:29:02'),(66,151,'http://dropbox.net/vk/Qui esse voluptatem aut.png','{\"product\": \"151\"}',2851,'2020-07-19 19:25:55','2020-12-07 12:29:02'),(67,64,'http://dropbox.net/vk/Id non suscipit et.png','{\"product\": \"64\"}',2580,'2020-05-17 16:36:48','2020-12-07 12:29:02'),(68,112,'http://dropbox.net/vk/Qui quis facilis molestiae ut enim.png','{\"product\": \"112\"}',2437,'2020-02-15 09:31:59','2020-12-07 12:29:02'),(69,116,'http://dropbox.net/vk/Qui commodi et ullam cupiditate.png','{\"product\": \"116\"}',1446,'2020-09-10 00:27:55','2020-12-07 12:29:02'),(70,37,'http://dropbox.net/vk/Saepe aut voluptatibus.png','{\"product\": \"37\"}',2994,'2020-02-14 09:10:19','2020-12-07 12:29:02'),(71,126,'http://dropbox.net/vk/Repellat sed odio saepe quia ab.png','{\"product\": \"126\"}',1155,'2020-11-24 09:48:09','2020-12-07 12:29:02'),(72,151,'http://dropbox.net/vk/Officia accusamus dolores maiores.png','{\"product\": \"151\"}',2929,'2020-07-19 19:25:55','2020-12-07 12:29:02'),(73,16,'http://dropbox.net/vk/Ut et atque sunt.png','{\"product\": \"16\"}',622,'2020-02-26 23:51:19','2020-12-07 12:29:02'),(74,65,'http://dropbox.net/vk/Voluptatem aut et.png','{\"product\": \"65\"}',2189,'2020-01-23 18:00:30','2020-12-07 12:29:02'),(75,12,'http://dropbox.net/vk/Quo possimus id esse.png','{\"product\": \"12\"}',2624,'2020-11-24 06:27:11','2020-12-07 12:29:02'),(76,65,'http://dropbox.net/vk/Est aut enim et.png','{\"product\": \"65\"}',2462,'2020-01-23 18:00:30','2020-12-07 12:29:02'),(77,76,'http://dropbox.net/vk/Libero molestiae laboriosam voluptatem nihil reprehenderit.png','{\"product\": \"76\"}',2623,'2020-03-25 15:03:27','2020-12-07 12:29:02'),(78,16,'http://dropbox.net/vk/Non nulla ipsam eos.png','{\"product\": \"16\"}',2449,'2020-02-26 23:51:19','2020-12-07 12:29:02'),(79,39,'http://dropbox.net/vk/Quidem voluptatem corrupti voluptatem doloribus quasi.png','{\"product\": \"39\"}',729,'2020-05-13 01:33:04','2020-12-07 12:29:02'),(80,193,'http://dropbox.net/vk/Quo porro unde voluptas numquam.png','{\"product\": \"193\"}',1243,'2020-07-18 04:32:42','2020-12-07 12:29:02'),(81,2,'http://dropbox.net/vk/Dolores odit ipsam quae.png','{\"product\": \"2\"}',819,'2020-01-26 08:13:07','2020-12-07 12:29:02'),(82,57,'http://dropbox.net/vk/Quasi est quisquam fuga ipsum.png','{\"product\": \"57\"}',720,'2020-07-22 22:19:58','2020-12-07 12:29:02'),(83,49,'http://dropbox.net/vk/Est a perspiciatis cum.png','{\"product\": \"49\"}',926,'2020-03-13 05:52:53','2020-12-07 12:29:02'),(84,45,'http://dropbox.net/vk/Qui et doloribus magnam molestiae qui.png','{\"product\": \"45\"}',347,'2020-11-16 13:03:12','2020-12-07 12:29:02'),(85,89,'http://dropbox.net/vk/Eveniet dignissimos magnam rerum quae.png','{\"product\": \"89\"}',1308,'2020-03-27 07:40:32','2020-12-07 12:29:02'),(86,91,'http://dropbox.net/vk/Ullam magni eaque dolores.png','{\"product\": \"91\"}',2909,'2020-10-27 16:19:36','2020-12-07 12:29:02'),(87,60,'http://dropbox.net/vk/Quos deserunt quidem expedita quia voluptatem.png','{\"product\": \"60\"}',2244,'2020-02-13 20:21:34','2020-12-07 12:29:02'),(88,16,'http://dropbox.net/vk/Sit omnis et.png','{\"product\": \"16\"}',1572,'2020-02-26 23:51:19','2020-12-07 12:29:02'),(89,57,'http://dropbox.net/vk/Ea quos beatae rerum quae adipisci.png','{\"product\": \"57\"}',2613,'2020-07-22 22:19:58','2020-12-07 12:29:02'),(90,44,'http://dropbox.net/vk/Voluptatibus iusto accusamus error.png','{\"product\": \"44\"}',2120,'2020-10-18 04:03:52','2020-12-07 12:29:02'),(91,80,'http://dropbox.net/vk/Ut iste quo et sapiente doloremque.png','{\"product\": \"80\"}',2715,'2020-03-31 18:24:00','2020-12-07 12:29:02'),(92,121,'http://dropbox.net/vk/Temporibus enim dolor laborum id.png','{\"product\": \"121\"}',2090,'2020-08-18 16:08:48','2020-12-07 12:29:02'),(93,69,'http://dropbox.net/vk/Quo numquam optio.png','{\"product\": \"69\"}',709,'2020-10-21 15:41:36','2020-12-07 12:29:02'),(94,185,'http://dropbox.net/vk/Est enim quia eius qui.png','{\"product\": \"185\"}',2908,'2020-12-06 09:03:02','2020-12-07 12:29:02'),(95,115,'http://dropbox.net/vk/Cum est voluptatem voluptas.png','{\"product\": \"115\"}',566,'2020-07-14 18:38:07','2020-12-07 12:29:02'),(96,62,'http://dropbox.net/vk/Quasi dolor et.png','{\"product\": \"62\"}',1462,'2020-03-14 00:54:02','2020-12-07 12:29:02'),(97,82,'http://dropbox.net/vk/Qui tempore libero asperiores accusantium.png','{\"product\": \"82\"}',2774,'2020-01-17 08:27:39','2020-12-07 12:29:02'),(98,44,'http://dropbox.net/vk/Placeat atque quos soluta tenetur.png','{\"product\": \"44\"}',1200,'2020-10-18 04:03:52','2020-12-07 12:29:02'),(99,41,'http://dropbox.net/vk/Voluptatum eveniet at ea.png','{\"product\": \"41\"}',1692,'2020-08-01 22:55:50','2020-12-07 12:29:02'),(100,108,'http://dropbox.net/vk/Minima necessitatibus et quaerat ullam quia.png','{\"product\": \"108\"}',2560,'2020-09-25 12:03:37','2020-12-07 12:29:02'),(101,172,'http://dropbox.net/vk/Laborum quis numquam voluptas.png','{\"product\": \"172\"}',744,'2020-12-20 13:08:46','2020-12-07 12:29:02'),(102,102,'http://dropbox.net/vk/Sapiente porro qui omnis.png','{\"product\": \"102\"}',1362,'2020-09-14 07:17:29','2020-12-07 12:29:02'),(103,165,'http://dropbox.net/vk/Eligendi quos iure est itaque quis.png','{\"product\": \"165\"}',1882,'2020-09-24 04:47:02','2020-12-07 12:29:02'),(104,87,'http://dropbox.net/vk/Praesentium error excepturi non sunt ab.png','{\"product\": \"87\"}',387,'2020-09-21 02:28:02','2020-12-07 12:29:02'),(105,56,'http://dropbox.net/vk/Nemo quo vel.png','{\"product\": \"56\"}',1313,'2020-02-28 22:22:12','2020-12-07 12:29:02'),(106,55,'http://dropbox.net/vk/Qui tenetur aut consequatur.png','{\"product\": \"55\"}',1796,'2020-01-20 05:16:17','2020-12-07 12:29:02'),(107,119,'http://dropbox.net/vk/Autem doloremque enim.png','{\"product\": \"119\"}',888,'2020-10-07 14:05:48','2020-12-07 12:29:02'),(108,58,'http://dropbox.net/vk/Saepe beatae quisquam autem.png','{\"product\": \"58\"}',2920,'2020-07-20 01:44:56','2020-12-07 12:29:02'),(109,128,'http://dropbox.net/vk/Recusandae beatae aspernatur dolor.png','{\"product\": \"128\"}',921,'2020-11-29 02:36:11','2020-12-07 12:29:02'),(110,150,'http://dropbox.net/vk/Rerum quibusdam quisquam.png','{\"product\": \"150\"}',2238,'2020-07-13 02:07:17','2020-12-07 12:29:02'),(111,101,'http://dropbox.net/vk/Recusandae expedita dolores.png','{\"product\": \"101\"}',2439,'2020-08-18 19:47:08','2020-12-07 12:29:02'),(112,136,'http://dropbox.net/vk/Quo consequuntur fugiat ducimus aliquam at.png','{\"product\": \"136\"}',1289,'2020-01-15 02:55:59','2020-12-07 12:29:02'),(113,161,'http://dropbox.net/vk/Sed tempora facilis ad nihil.png','{\"product\": \"161\"}',1744,'2020-05-29 17:02:46','2020-12-07 12:29:02'),(114,115,'http://dropbox.net/vk/Est fuga voluptas labore quia.png','{\"product\": \"115\"}',590,'2020-07-14 18:38:07','2020-12-07 12:29:02'),(115,87,'http://dropbox.net/vk/Sunt quod ea sed.png','{\"product\": \"87\"}',176,'2020-09-21 02:28:02','2020-12-07 12:29:02'),(116,48,'http://dropbox.net/vk/Praesentium odit amet reprehenderit.png','{\"product\": \"48\"}',2067,'2020-04-11 08:42:36','2020-12-07 12:29:02'),(117,70,'http://dropbox.net/vk/Voluptatem et eius.png','{\"product\": \"70\"}',2518,'2020-08-13 12:24:32','2020-12-07 12:29:02'),(118,148,'http://dropbox.net/vk/Saepe error provident est consequatur.png','{\"product\": \"148\"}',1670,'2020-10-10 17:59:12','2020-12-07 12:29:02'),(119,29,'http://dropbox.net/vk/Aperiam et vitae fugit.png','{\"product\": \"29\"}',259,'2020-05-15 13:55:07','2020-12-07 12:29:02'),(120,176,'http://dropbox.net/vk/Sint necessitatibus qui nobis delectus.png','{\"product\": \"176\"}',2646,'2020-08-01 05:56:39','2020-12-07 12:29:02'),(121,94,'http://dropbox.net/vk/Magni dolore ut quasi.png','{\"product\": \"94\"}',2737,'2020-11-10 08:47:13','2020-12-07 12:29:02'),(122,199,'http://dropbox.net/vk/Rerum consectetur deserunt consequatur.png','{\"product\": \"199\"}',1516,'2020-09-02 13:36:25','2020-12-07 12:29:02'),(123,98,'http://dropbox.net/vk/Similique dolores eligendi.png','{\"product\": \"98\"}',2920,'2020-09-10 06:28:35','2020-12-07 12:29:02'),(124,109,'http://dropbox.net/vk/Repellat ea explicabo quia temporibus.png','{\"product\": \"109\"}',1798,'2020-10-02 00:23:22','2020-12-07 12:29:02'),(125,38,'http://dropbox.net/vk/Iusto dolore neque amet.png','{\"product\": \"38\"}',868,'2020-10-15 01:16:51','2020-12-07 12:29:02'),(126,184,'http://dropbox.net/vk/Veniam autem est molestias repellendus.png','{\"product\": \"184\"}',1745,'2020-05-20 10:24:12','2020-12-07 12:29:02'),(127,173,'http://dropbox.net/vk/Earum nisi sed neque totam necessitatibus.png','{\"product\": \"173\"}',2038,'2020-07-10 09:03:43','2020-12-07 12:29:02'),(128,29,'http://dropbox.net/vk/Neque voluptas cum voluptas optio doloremque.png','{\"product\": \"29\"}',2164,'2020-05-15 13:55:07','2020-12-07 12:29:02'),(129,61,'http://dropbox.net/vk/Suscipit neque nesciunt architecto distinctio laudantium.png','{\"product\": \"61\"}',1495,'2020-05-14 09:28:36','2020-12-07 12:29:02'),(130,139,'http://dropbox.net/vk/Delectus aut quas quia id.png','{\"product\": \"139\"}',2492,'2020-01-23 19:17:36','2020-12-07 12:29:02'),(131,125,'http://dropbox.net/vk/Atque et unde.png','{\"product\": \"125\"}',2051,'2020-02-05 12:34:16','2020-12-07 12:29:02'),(132,47,'http://dropbox.net/vk/Qui voluptate dolorum voluptate vitae.png','{\"product\": \"47\"}',982,'2020-07-02 13:23:24','2020-12-07 12:29:02'),(133,125,'http://dropbox.net/vk/Facere dolorum voluptatem natus amet.png','{\"product\": \"125\"}',341,'2020-02-05 12:34:16','2020-12-07 12:29:02'),(134,68,'http://dropbox.net/vk/Quia sint vitae nihil qui.png','{\"product\": \"68\"}',656,'2020-12-20 14:34:10','2020-12-07 12:29:02'),(135,79,'http://dropbox.net/vk/Consequatur fugit est fugiat est.png','{\"product\": \"79\"}',1388,'2020-06-03 00:54:23','2020-12-07 12:29:02'),(136,179,'http://dropbox.net/vk/Ut quidem sunt velit.png','{\"product\": \"179\"}',2336,'2020-10-24 18:10:45','2020-12-07 12:29:02'),(137,185,'http://dropbox.net/vk/Ea aut vel.png','{\"product\": \"185\"}',863,'2020-12-06 09:03:02','2020-12-07 12:29:02'),(138,141,'http://dropbox.net/vk/Fuga libero facilis.png','{\"product\": \"141\"}',830,'2020-12-11 23:14:59','2020-12-07 12:29:02'),(139,119,'http://dropbox.net/vk/Voluptatibus voluptatem minima vitae ut ut.png','{\"product\": \"119\"}',1866,'2020-10-07 14:05:48','2020-12-07 12:29:02'),(140,66,'http://dropbox.net/vk/Rem ipsa quia.png','{\"product\": \"66\"}',657,'2020-05-18 06:14:46','2020-12-07 12:29:02'),(141,86,'http://dropbox.net/vk/Dolorem ea sunt voluptas.png','{\"product\": \"86\"}',2230,'2020-05-06 07:02:09','2020-12-07 12:29:02'),(142,121,'http://dropbox.net/vk/Non reprehenderit sed vitae earum.png','{\"product\": \"121\"}',2579,'2020-08-18 16:08:48','2020-12-07 12:29:02'),(143,38,'http://dropbox.net/vk/Sed dolorem harum omnis.png','{\"product\": \"38\"}',1224,'2020-10-15 01:16:51','2020-12-07 12:29:02'),(144,16,'http://dropbox.net/vk/Quidem totam alias.png','{\"product\": \"16\"}',2541,'2020-02-26 23:51:19','2020-12-07 12:29:02'),(145,180,'http://dropbox.net/vk/Ipsam accusantium voluptates in atque neque.png','{\"product\": \"180\"}',876,'2020-12-02 15:27:28','2020-12-07 12:29:02'),(146,96,'http://dropbox.net/vk/Minima cupiditate quo molestiae.png','{\"product\": \"96\"}',1594,'2020-05-29 18:38:49','2020-12-07 12:29:02'),(147,54,'http://dropbox.net/vk/Aut excepturi nulla vel.png','{\"product\": \"54\"}',2162,'2020-02-02 17:32:25','2020-12-07 12:29:02'),(148,133,'http://dropbox.net/vk/Cum aliquid libero.png','{\"product\": \"133\"}',1463,'2020-08-17 19:40:28','2020-12-07 12:29:02'),(149,115,'http://dropbox.net/vk/Corporis molestias sed consequatur quod ut.png','{\"product\": \"115\"}',1116,'2020-07-14 18:38:07','2020-12-07 12:29:02'),(150,186,'http://dropbox.net/vk/Ullam maiores ut qui iste.png','{\"product\": \"186\"}',893,'2020-09-14 10:26:54','2020-12-07 12:29:02'),(151,154,'http://dropbox.net/vk/Quibusdam deleniti consequatur.png','{\"product\": \"154\"}',2849,'2020-10-16 11:21:52','2020-12-07 12:29:02'),(152,41,'http://dropbox.net/vk/Possimus et debitis esse eum.png','{\"product\": \"41\"}',2562,'2020-08-01 22:55:50','2020-12-07 12:29:02'),(153,189,'http://dropbox.net/vk/Labore in a.png','{\"product\": \"189\"}',2328,'2020-12-24 21:51:18','2020-12-07 12:29:02'),(154,176,'http://dropbox.net/vk/Et eveniet error nemo dolorem.png','{\"product\": \"176\"}',1284,'2020-08-01 05:56:39','2020-12-07 12:29:02'),(155,101,'http://dropbox.net/vk/Reprehenderit dolorem ad aut dicta.png','{\"product\": \"101\"}',2192,'2020-08-18 19:47:08','2020-12-07 12:29:02'),(156,54,'http://dropbox.net/vk/Voluptatem dolores nesciunt veritatis.png','{\"product\": \"54\"}',2710,'2020-02-02 17:32:25','2020-12-07 12:29:02'),(157,8,'http://dropbox.net/vk/Dignissimos ut esse sint occaecati molestiae.png','{\"product\": \"8\"}',1585,'2020-08-21 12:03:38','2020-12-07 12:29:02'),(158,95,'http://dropbox.net/vk/Non nulla eum ex consequatur quam.png','{\"product\": \"95\"}',2808,'2020-07-06 06:13:48','2020-12-07 12:29:02'),(159,19,'http://dropbox.net/vk/Sit sit et molestiae assumenda.png','{\"product\": \"19\"}',1097,'2020-12-03 11:43:33','2020-12-07 12:29:02'),(160,134,'http://dropbox.net/vk/Aliquid molestiae est aspernatur magnam.png','{\"product\": \"134\"}',703,'2020-10-06 14:45:24','2020-12-07 12:29:02'),(161,146,'http://dropbox.net/vk/Excepturi ut officia et odio qui.png','{\"product\": \"146\"}',2426,'2020-07-15 10:50:54','2020-12-07 12:29:02'),(162,105,'http://dropbox.net/vk/Omnis ut rerum omnis maiores.png','{\"product\": \"105\"}',2132,'2020-11-14 12:55:42','2020-12-07 12:29:02'),(163,193,'http://dropbox.net/vk/Asperiores vero error consequatur repellat.png','{\"product\": \"193\"}',2692,'2020-07-18 04:32:42','2020-12-07 12:29:02'),(164,4,'http://dropbox.net/vk/Aperiam eos excepturi quia corrupti.png','{\"product\": \"4\"}',2625,'2020-10-11 19:12:16','2020-12-07 12:29:02'),(165,74,'http://dropbox.net/vk/Tempora et consequuntur et velit.png','{\"product\": \"74\"}',2357,'2020-12-08 16:07:24','2020-12-07 12:29:02'),(166,159,'http://dropbox.net/vk/Adipisci perspiciatis harum aut.png','{\"product\": \"159\"}',1669,'2020-11-23 02:03:10','2020-12-07 12:29:02'),(167,12,'http://dropbox.net/vk/Aut dicta eius.png','{\"product\": \"12\"}',185,'2020-11-24 06:27:11','2020-12-07 12:29:02'),(168,131,'http://dropbox.net/vk/Ex id corporis sed voluptatem dolores.png','{\"product\": \"131\"}',538,'2020-03-28 00:15:24','2020-12-07 12:29:02'),(169,10,'http://dropbox.net/vk/Nihil beatae dicta.png','{\"product\": \"10\"}',2628,'2020-04-17 10:16:30','2020-12-07 12:29:02'),(170,51,'http://dropbox.net/vk/Quae iure sint autem.png','{\"product\": \"51\"}',192,'2020-09-26 23:51:23','2020-12-07 12:29:02'),(171,165,'http://dropbox.net/vk/Ut distinctio excepturi perferendis minus est.png','{\"product\": \"165\"}',554,'2020-09-24 04:47:02','2020-12-07 12:29:02'),(172,41,'http://dropbox.net/vk/Veritatis dolor minima doloremque adipisci.png','{\"product\": \"41\"}',1198,'2020-08-01 22:55:50','2020-12-07 12:29:02'),(173,72,'http://dropbox.net/vk/Fuga omnis ea.png','{\"product\": \"72\"}',1478,'2020-04-13 22:19:34','2020-12-07 12:29:02'),(174,153,'http://dropbox.net/vk/Aut reprehenderit iusto commodi.png','{\"product\": \"153\"}',1902,'2020-12-01 17:30:10','2020-12-07 12:29:02'),(175,119,'http://dropbox.net/vk/Numquam aut enim aliquam.png','{\"product\": \"119\"}',2744,'2020-10-07 14:05:48','2020-12-07 12:29:02'),(176,154,'http://dropbox.net/vk/Maiores rerum nemo voluptatem.png','{\"product\": \"154\"}',803,'2020-10-16 11:21:52','2020-12-07 12:29:02'),(177,96,'http://dropbox.net/vk/Quod nesciunt facilis tenetur reprehenderit.png','{\"product\": \"96\"}',1250,'2020-05-29 18:38:49','2020-12-07 12:29:02'),(178,82,'http://dropbox.net/vk/Laudantium voluptatum eum necessitatibus.png','{\"product\": \"82\"}',335,'2020-01-17 08:27:39','2020-12-07 12:29:02'),(179,136,'http://dropbox.net/vk/Numquam repellat assumenda accusamus.png','{\"product\": \"136\"}',1266,'2020-01-15 02:55:59','2020-12-07 12:29:02'),(180,73,'http://dropbox.net/vk/Beatae qui modi.png','{\"product\": \"73\"}',1976,'2020-08-01 20:25:56','2020-12-07 12:29:02'),(181,182,'http://dropbox.net/vk/Placeat quas quia enim repellat.png','{\"product\": \"182\"}',2159,'2020-09-16 20:30:31','2020-12-07 12:29:02'),(182,163,'http://dropbox.net/vk/Amet minus in.png','{\"product\": \"163\"}',1142,'2020-03-27 02:07:09','2020-12-07 12:29:02'),(183,126,'http://dropbox.net/vk/Eum corrupti ratione beatae.png','{\"product\": \"126\"}',346,'2020-11-24 09:48:09','2020-12-07 12:29:02'),(184,32,'http://dropbox.net/vk/Aut quis et.png','{\"product\": \"32\"}',120,'2020-02-10 20:14:01','2020-12-07 12:29:02'),(185,118,'http://dropbox.net/vk/Et est nostrum sed impedit.png','{\"product\": \"118\"}',184,'2020-09-27 01:00:37','2020-12-07 12:29:02'),(186,139,'http://dropbox.net/vk/Maiores aut alias sed labore.png','{\"product\": \"139\"}',1711,'2020-01-23 19:17:36','2020-12-07 12:29:02'),(187,180,'http://dropbox.net/vk/Quaerat nesciunt iste.png','{\"product\": \"180\"}',1461,'2020-12-02 15:27:28','2020-12-07 12:29:02'),(188,186,'http://dropbox.net/vk/Fugiat nesciunt reprehenderit qui quo.png','{\"product\": \"186\"}',518,'2020-09-14 10:26:54','2020-12-07 12:29:02'),(189,180,'http://dropbox.net/vk/Maxime laborum nemo.png','{\"product\": \"180\"}',1481,'2020-12-02 15:27:28','2020-12-07 12:29:02'),(190,13,'http://dropbox.net/vk/Ipsum dolor inventore.png','{\"product\": \"13\"}',2277,'2020-03-02 10:15:05','2020-12-07 12:29:02'),(191,104,'http://dropbox.net/vk/Et quos dolores veniam vero fugit.png','{\"product\": \"104\"}',114,'2020-08-15 19:07:02','2020-12-07 12:29:02'),(192,25,'http://dropbox.net/vk/Incidunt et est sunt rerum.png','{\"product\": \"25\"}',1453,'2020-02-07 22:15:43','2020-12-07 12:29:02'),(193,125,'http://dropbox.net/vk/Dolorem et velit in et.png','{\"product\": \"125\"}',667,'2020-02-05 12:34:16','2020-12-07 12:29:02'),(194,162,'http://dropbox.net/vk/Sunt sed dolores nisi.png','{\"product\": \"162\"}',1577,'2020-10-09 20:57:46','2020-12-07 12:29:02'),(195,31,'http://dropbox.net/vk/Voluptatem quam eos provident.png','{\"product\": \"31\"}',473,'2020-04-20 20:22:55','2020-12-07 12:29:02'),(196,48,'http://dropbox.net/vk/Error perferendis voluptatem repellendus officia nisi.png','{\"product\": \"48\"}',1216,'2020-04-11 08:42:36','2020-12-07 12:29:02'),(197,20,'http://dropbox.net/vk/Nostrum aut sunt delectus cum.png','{\"product\": \"20\"}',126,'2020-06-20 21:39:23','2020-12-07 12:29:02'),(198,46,'http://dropbox.net/vk/At praesentium autem incidunt dicta.png','{\"product\": \"46\"}',211,'2020-09-08 12:16:39','2020-12-07 12:29:02'),(199,96,'http://dropbox.net/vk/Et nulla qui rerum.png','{\"product\": \"96\"}',1982,'2020-05-29 18:38:49','2020-12-07 12:29:02'),(200,148,'http://dropbox.net/vk/Dolor qui omnis ipsa iste.png','{\"product\": \"148\"}',392,'2020-10-10 17:59:12','2020-12-07 12:29:02');
/*!40000 ALTER TABLE `photos` ENABLE KEYS */;
UNLOCK TABLES;

--
-- Table structure for table `product_types`
--

DROP TABLE IF EXISTS `product_types`;
/*!40101 SET @saved_cs_client     = @@character_set_client */;
/*!50503 SET character_set_client = utf8mb4 */;
CREATE TABLE `product_types` (
  `id` int unsigned NOT NULL AUTO_INCREMENT COMMENT 'УИД типа товара',
  `parent_id` int unsigned NOT NULL COMMENT 'Идентификатор типа товара',
  `level` int NOT NULL DEFAULT '0' COMMENT 'Уровень типа (0-4).',
  `product_type` varchar(255) COLLATE utf8mb4_unicode_ci NOT NULL COMMENT 'Наименование типа товара',
  `created_at` datetime DEFAULT CURRENT_TIMESTAMP COMMENT 'Время создания строки',
  `updated_at` datetime DEFAULT CURRENT_TIMESTAMP ON UPDATE CURRENT_TIMESTAMP COMMENT 'Время обновления строки',
  PRIMARY KEY (`id`)
) ENGINE=InnoDB AUTO_INCREMENT=67 DEFAULT CHARSET=utf8mb4 COLLATE=utf8mb4_unicode_ci COMMENT='Справочник типы товаров';
/*!40101 SET character_set_client = @saved_cs_client */;

--
-- Dumping data for table `product_types`
--

LOCK TABLES `product_types` WRITE;
/*!40000 ALTER TABLE `product_types` DISABLE KEYS */;
INSERT INTO `product_types` VALUES (1,0,0,'Канцтовары','2020-12-06 12:23:40','2020-12-06 12:23:40'),(2,0,0,'Сувениры','2020-12-06 12:23:40','2020-12-06 12:23:40'),(3,0,0,'Игры и игрушки','2020-12-06 12:23:40','2020-12-06 12:23:40'),(4,0,0,'Творчество','2020-12-06 12:23:40','2020-12-06 12:23:40'),(5,0,0,'Книги','2020-12-06 12:23:40','2020-12-06 12:23:40'),(6,1,1,'Бумажные изделия','2020-12-06 12:23:44','2020-12-06 12:23:44'),(7,1,1,'Галантерея','2020-12-06 12:23:44','2020-12-06 12:23:44'),(8,1,1,'Прочие канцтовары','2020-12-06 12:23:44','2020-12-06 12:23:44'),(9,1,1,'Упаковка','2020-12-06 12:23:44','2020-12-06 12:23:44'),(10,1,1,'Товары для художников','2020-12-06 12:23:44','2020-12-06 12:23:44'),(11,1,1,'Электротовары','2020-12-06 12:23:44','2020-12-06 12:23:44'),(12,1,1,'Пеналы','2020-12-06 12:23:44','2020-12-06 12:23:44'),(13,1,1,'Офисные принадлежности','2020-12-06 12:23:44','2020-12-06 12:23:44'),(14,1,1,'Письменные принадлежности','2020-12-06 12:23:44','2020-12-06 12:23:44'),(15,1,1,'Чертежные принадлежности','2020-12-06 12:23:44','2020-12-06 12:23:44'),(16,1,1,'Школьные товары','2020-12-06 12:23:44','2020-12-06 12:23:44'),(17,2,1,'Сувениры к празднику','2020-12-06 12:23:44','2020-12-06 12:23:44'),(18,2,1,'Дом, Быт, Декор','2020-12-06 12:23:44','2020-12-06 12:23:44'),(19,2,1,'Игры и Игрушки','2020-12-06 12:23:44','2020-12-06 12:23:44'),(20,2,1,'Личные вещи','2020-12-06 12:23:44','2020-12-06 12:23:44'),(21,2,1,'Мелочи сувенирные','2020-12-06 12:23:44','2020-12-06 12:23:44'),(22,2,1,'Предсказания, пожелания, астрология, эзотерика','2020-12-06 12:23:44','2020-12-06 12:23:44'),(23,2,1,'Сувенирные канцелярские и офисные принадлежности','2020-12-06 12:23:44','2020-12-06 12:23:44'),(24,2,1,'Поздравительная атрибутика','2020-12-06 12:23:44','2020-12-06 12:23:44'),(25,2,1,'Открытки и постеры','2020-12-06 12:23:44','2020-12-06 12:23:44'),(26,2,1,'Календари на 2021 год','2020-12-06 12:23:44','2020-12-06 12:23:44'),(27,3,1,'Игры','2020-12-06 12:23:44','2020-12-06 12:23:44'),(28,3,1,'Игрушки','2020-12-06 12:23:44','2020-12-06 12:23:44'),(29,4,1,'Наборы для детского творчества','2020-12-06 12:23:44','2020-12-06 12:23:44'),(30,4,1,'Наборы для взрослого творчества','2020-12-06 12:23:44','2020-12-06 12:23:44'),(31,4,1,'Заготовки','2020-12-06 12:23:44','2020-12-06 12:23:44'),(32,4,1,'Инструменты и приспособления','2020-12-06 12:23:44','2020-12-06 12:23:44'),(33,4,1,'Расходные материалы','2020-12-06 12:23:44','2020-12-06 12:23:44'),(34,4,1,'Фурнитура для изготовления украшений','2020-12-06 12:23:44','2020-12-06 12:23:44'),(35,4,1,'Декорирование','2020-12-06 12:23:44','2020-12-06 12:23:44'),(36,4,1,'Бижутерия','2020-12-06 12:23:44','2020-12-06 12:23:44'),(37,5,1,'Художественная литература','2020-12-06 12:23:44','2020-12-06 12:23:44'),(38,5,1,'Книги для детей','2020-12-06 12:23:44','2020-12-06 12:23:44'),(39,5,1,'Образование','2020-12-06 12:23:44','2020-12-06 12:23:44'),(40,5,1,'Наука и техника','2020-12-06 12:23:44','2020-12-06 12:23:44'),(41,5,1,'Общество','2020-12-06 12:23:44','2020-12-06 12:23:44'),(42,5,1,'Деловая литература','2020-12-06 12:23:44','2020-12-06 12:23:44'),(43,5,1,'Красота. Здоровье. Спорт','2020-12-06 12:23:44','2020-12-06 12:23:44'),(44,5,1,'Увлечения','2020-12-06 12:23:44','2020-12-06 12:23:44'),(45,5,1,'Психология','2020-12-06 12:23:44','2020-12-06 12:23:44'),(46,5,1,'Эзотерика','2020-12-06 12:23:44','2020-12-06 12:23:44'),(47,5,1,'Философия и религия','2020-12-06 12:23:44','2020-12-06 12:23:44'),(48,5,1,'Искусство','2020-12-06 12:23:44','2020-12-06 12:23:44'),(49,5,1,'Подарочные издания','2020-12-06 12:23:44','2020-12-06 12:23:44'),(50,5,1,'Книги на иностранных языках','2020-12-06 12:23:44','2020-12-06 12:23:44'),(51,27,2,'Настольные и семейные игры','2020-12-06 12:23:55','2020-12-06 12:23:55'),(52,27,2,'Пазлы','2020-12-06 12:23:55','2020-12-06 12:23:55'),(53,27,2,'Конструкторы','2020-12-06 12:23:55','2020-12-06 12:23:55'),(54,27,2,'Сборные модели','2020-12-06 12:23:55','2020-12-06 12:23:55'),(55,27,2,'Интеллектуальные наборы','2020-12-06 12:23:55','2020-12-06 12:23:55'),(56,28,2,'Развивающие игрушки для маленьких','2020-12-06 12:23:55','2020-12-06 12:23:55'),(57,28,2,'Мягкие игрушки','2020-12-06 12:23:55','2020-12-06 12:23:55'),(58,28,2,'Заводные игрушки','2020-12-06 12:23:55','2020-12-06 12:23:55'),(59,28,2,'Калейдоскопы, бинокли','2020-12-06 12:23:55','2020-12-06 12:23:55'),(60,28,2,'Транспорт','2020-12-06 12:23:55','2020-12-06 12:23:55'),(61,28,2,'Игры на природе','2020-12-06 12:23:55','2020-12-06 12:23:55'),(62,28,2,'Фигурки','2020-12-06 12:23:55','2020-12-06 12:23:55'),(63,28,2,'Игры в профессии','2020-12-06 12:23:55','2020-12-06 12:23:55'),(64,56,3,'Кубики, пирамидки','2020-12-06 12:24:00','2020-12-06 12:24:00'),(65,56,3,'Магнитные доски, игры на магнитах','2020-12-06 12:24:00','2020-12-06 12:24:00'),(66,56,3,'Рыбалки','2020-12-06 12:24:00','2020-12-06 12:24:00');
/*!40000 ALTER TABLE `product_types` ENABLE KEYS */;
UNLOCK TABLES;

--
-- Table structure for table `products`
--

DROP TABLE IF EXISTS `products`;
/*!40101 SET @saved_cs_client     = @@character_set_client */;
/*!50503 SET character_set_client = utf8mb4 */;
CREATE TABLE `products` (
  `id` int unsigned NOT NULL AUTO_INCREMENT COMMENT 'УИД товара',
  `product_type_id` int unsigned NOT NULL COMMENT 'Идентификатор типа товара',
  `name` varchar(255) COLLATE utf8mb4_unicode_ci NOT NULL COMMENT 'Название',
  `description` text COLLATE utf8mb4_unicode_ci NOT NULL COMMENT 'Описание',
  `format` varchar(25) COLLATE utf8mb4_unicode_ci NOT NULL COMMENT 'Размер/Формат(25.5 x 25.5 x 6.3)',
  `weight` int NOT NULL COMMENT 'Вес, г',
  `anotation` text COLLATE utf8mb4_unicode_ci NOT NULL COMMENT 'Анотация',
  `available` int NOT NULL DEFAULT '0' COMMENT 'Доступно (общее количество товара)',
  `price` decimal(11,2) NOT NULL COMMENT 'Цена',
  `created_at` datetime DEFAULT CURRENT_TIMESTAMP COMMENT 'Время создания строки',
  `updated_at` datetime DEFAULT CURRENT_TIMESTAMP ON UPDATE CURRENT_TIMESTAMP COMMENT 'Время обновления строки',
  PRIMARY KEY (`id`),
  KEY `products_product_type_id_fk` (`product_type_id`),
  CONSTRAINT `products_product_type_id_fk` FOREIGN KEY (`product_type_id`) REFERENCES `product_types` (`id`)
) ENGINE=InnoDB AUTO_INCREMENT=205 DEFAULT CHARSET=utf8mb4 COLLATE=utf8mb4_unicode_ci COMMENT='Товары (Товарная позиция)';
/*!40101 SET character_set_client = @saved_cs_client */;

--
-- Dumping data for table `products`
--

LOCK TABLES `products` WRITE;
/*!40000 ALTER TABLE `products` DISABLE KEYS */;
INSERT INTO `products` VALUES (1,50,'Ut et ut debitis voluptas error.','Animi nisi pariatur esse id ea. Aliquid necessitatibus error amet occaecati eligendi. Asperiores quidem debitis rerum hic suscipit.','73 x 45 x 2',162,'Doloremque veniam minima sunt laudantium. Provident eveniet reiciendis suscipit a eveniet rerum. Aperiam qui similique molestiae quos. Repellendus rerum quo autem provident incidunt dolores ut cumque.',30,1018.00,'2020-04-30 13:50:29','2020-12-12 05:31:12'),(2,52,'Expedita ratione vero quo cupiditate commodi.','Et est quisquam qui rerum consequuntur est minus. Impedit sint rerum sint quia. Quod aut ut occaecati atque exercitationem soluta. Nisi est perspiciatis distinctio earum nisi.','51 x 58 x 8',357,'Ipsam sit quia quisquam qui dolores. Harum est culpa consectetur voluptas.',1,388.00,'2020-01-26 08:13:07','2020-12-07 11:46:59'),(3,41,'Voluptates exercitationem consequatur impedit vitae.','Omnis nostrum voluptatem eos doloremque eum sunt eum. Perferendis ut et cupiditate quos quo natus ut. Debitis consequatur alias sit neque rerum iste. Quis deleniti non sed vel qui quia excepturi.','55 x 43 x 1',299,'Odio a cumque debitis dolore ut dolores. Qui ut est ipsam omnis quia. Id iure consequuntur consequatur est aut quaerat nulla. Reiciendis tenetur explicabo voluptate architecto quia.',2,787.00,'2020-09-16 11:57:12','2020-12-07 11:46:59'),(4,50,'Perferendis veniam aliquam vitae laudantium ipsa animi excepturi.','Qui velit ex rerum dicta. Voluptatum dignissimos earum et nam perspiciatis minima. Ipsum nemo quia sed libero earum repellendus veniam et.','64 x 50 x 2',424,'Sed enim accusantium vel quidem odio voluptatem. Est aut fuga consequatur. Soluta eum omnis rem placeat harum.',5,127.00,'2020-10-11 19:12:16','2020-12-07 11:46:59'),(5,61,'Nam quo aliquid occaecati voluptates fugit perspiciatis.','Quo atque nulla ipsam in. Soluta a pariatur ad ratione non hic cupiditate. Delectus in vel occaecati natus harum. Eius non vero sequi nihil ut odio ipsa.','75 x 34 x 10',224,'Repellendus ut possimus voluptatem sed ratione. Vel sunt aliquid rem. Reiciendis ratione autem in necessitatibus a fuga fuga.',3,669.00,'2020-03-06 12:24:18','2020-12-07 11:46:59'),(6,23,'Quae rerum cum illum quam unde vel sed.','Dolore ullam hic ea consectetur. Mollitia dolor provident voluptatem ut sed delectus repudiandae. Pariatur laboriosam non eum ea enim porro unde deleniti. Error quia sequi culpa ut ad accusamus aut omnis.','63 x 60 x 3',346,'Consequatur nam voluptatem officiis dolores molestiae dolor. Consequatur consequatur repellendus consequatur. Provident illum fugiat quo eaque veritatis sapiente. Dolorem eius ducimus et molestiae earum voluptate eius vel.',9,886.00,'2020-08-16 20:19:48','2020-12-07 11:46:59'),(7,61,'Ea molestiae id ducimus magni qui velit.','Eum maiores nulla aut aut at aliquam. Saepe explicabo et velit repellendus consequatur. Quo impedit repudiandae sint reiciendis repudiandae est error.','77 x 77 x 1',56,'Eligendi quae culpa non exercitationem fugit. Quia ab perferendis dolorem ab. Natus sequi id corrupti minus non non. Ipsa quis omnis sint eaque voluptate ut.',2,168.00,'2020-01-14 21:04:24','2020-12-07 11:46:59'),(8,39,'Beatae temporibus exercitationem aliquid velit omnis voluptas rem.','Est delectus recusandae repellendus vel ipsum at. Delectus assumenda maxime accusamus facilis vero corporis officia. Eum alias tempore dignissimos debitis temporibus. Doloribus consectetur consequatur quisquam sunt veniam est.','68 x 68 x 7',242,'Et dignissimos doloribus ut. Quasi quas facilis dolore fugiat sed mollitia ut doloremque. Consectetur et quibusdam veritatis esse non quibusdam nemo. Necessitatibus non incidunt aut officia.',9,448.45,'2020-08-21 12:03:38','2020-12-07 11:46:59'),(9,11,'Fugit ut et beatae labore enim velit.','Non suscipit delectus ut aut veritatis enim. Assumenda ut ratione magni cupiditate quia. Quaerat libero id dignissimos.','54 x 50 x 8',42,'Sed praesentium quo sint esse et mollitia minus et. Suscipit eligendi alias quia. Placeat quis vero corporis repudiandae illum.',7,322.00,'2020-04-26 10:54:36','2020-12-07 11:46:59'),(10,10,'Ea et porro ratione excepturi ipsam perferendis blanditiis.','Cupiditate consequatur blanditiis dolor qui recusandae quia. Distinctio molestiae perferendis hic dolor fugiat nisi dolores. Libero et molestias dolorum amet rem.','77 x 53 x 8',482,'Tempora mollitia amet id et ipsam aut. Quaerat voluptatum non animi omnis sunt unde. Et consequuntur ea dignissimos. Rerum ducimus minima perspiciatis sit.',6,161.00,'2020-04-17 10:16:30','2020-12-07 11:46:59'),(11,58,'Ex et aspernatur hic voluptate odio.','Consectetur eveniet provident et culpa et. Facere perferendis delectus natus cum sequi fuga.','64 x 42 x 4',285,'Magnam laborum earum numquam. Error id inventore nostrum earum corrupti. Dicta magnam qui exercitationem doloremque quod iste voluptate.',7,199.00,'2020-04-08 08:22:49','2020-12-07 11:46:59'),(12,11,'Enim est adipisci placeat non optio.','Corporis cumque itaque eum blanditiis. Illo impedit consequatur qui delectus. Eum accusamus et ea neque est voluptatem molestias. Consequatur enim voluptatem iusto adipisci.','59 x 69 x 4',479,'Consequatur nemo iure ut cumque voluptate labore non. Possimus aut blanditiis perferendis eos. Molestias aspernatur libero quo molestiae.',9,421.30,'2020-11-24 06:27:11','2020-12-07 11:46:59'),(13,10,'Doloremque perferendis totam et qui id itaque suscipit.','Perspiciatis itaque cupiditate ipsum rerum. Consequatur dolores qui omnis corrupti iste nulla quaerat. Vitae ut hic voluptatem est sint quibusdam. Et vitae exercitationem ipsa fugiat neque aut natus.','64 x 52 x 4',40,'Consequuntur doloribus ex ea ut. Dolores quia omnis quaerat tenetur velit sunt. Aut est vel doloribus qui excepturi eum et.',1,852.00,'2020-03-02 10:15:05','2020-12-07 11:46:59'),(14,16,'Reiciendis quibusdam consequuntur quis rem incidunt.','Et atque rem autem eum vero ut. Et quam deleniti et quia occaecati. Eligendi quo et saepe qui.','78 x 64 x 8',261,'Est similique facilis magni impedit harum ea maxime. Reprehenderit occaecati delectus modi qui maxime. Sit asperiores voluptas dolores natus aut.',1,194.00,'2020-06-12 01:29:18','2020-12-07 11:46:59'),(15,51,'Настольная игра \"Азбука Мурррзе\": на 2-6 игроков','Азбука Мурррзе\" - настольная игра для тех, кто умеет или хочет научиться внимательно слушать!','13 x 13 x 4',170,'\"Азбука Мурррзе\".\nМаленькие котята очень любят играть в шпионов и для хранения своих секретов, они придумали специальный код - азбуку Мурррзе. Пробравшись на кухню, котята ищут, чем бы подкрепиться! Один котёнок с помощью азбуки Мурррзе передаёт, какие продукты надо искать, а остальные котята расшифровывают код и как можно быстрее хватают нужную карточку с едой.\nНастольная игра \"Азбука Мурррзе\" - игра активная, яркая, с забавной темой. Но главная её особенность в том, что в этой игре для детей задействован слух.\nАзбука Мурррзе основана на количестве слогов в словах. Каждый слог отбивается ударом ложки о стол, а число ударов определяет слово. Игра помогает детям почувствовать слоговую структуру слова. Хорошая тренировка перед тем, как начать читать и писать!\nКаждый раунд один из игроков в роли ведущего зашифровывает одну из карточек добычи, лежащих на столе. Он отбивает код ложкой, а котята-шпионы внимательно его слушают спешат найти и накрыть ладошкой соответствующую карточку добычи.\nДеревянная ложка входит в комплект!\nКому подойдёт эта игра?\n- детям, которые любят повеселиться,\n- логопедам, воспитателям и педагогам\n- всем, кто любит котят\n- семьям, где хотя поиграть все вместе\n- для первого знакомства с играми.',1,160.00,'2020-05-11 04:00:40','2020-12-11 09:17:03'),(16,7,'Iusto quos et ab.','Sint ut fugiat culpa quis ea. Dolorem ad voluptatibus consectetur labore pariatur et aliquam sit. Ut voluptatem officia alias maiores dolorum.','75 x 43 x 8',150,'Adipisci incidunt et accusantium consequatur voluptatibus. Aut incidunt molestias cum vitae aliquam accusamus natus. Id ut soluta exercitationem.',3,392.60,'2020-02-26 23:51:19','2020-12-07 11:46:59'),(17,12,'Quos vel enim alias esse ex.','Et quia eaque ducimus numquam dolor commodi. Aut velit architecto quisquam aut harum itaque consequatur. Animi quo nam natus et.','50 x 69 x 9',187,'Quia atque tenetur aut accusantium qui. Officia dignissimos veritatis odit qui. Saepe optio atque qui quisquam. Aut molestias vitae nesciunt dolor non asperiores voluptas enim. Iusto commodi quidem in non est sunt.',6,318.00,'2020-07-16 04:16:27','2020-12-07 11:46:59'),(18,42,'Sint fuga deserunt voluptas.','Perferendis voluptas doloribus voluptatem. Accusantium facilis id doloribus culpa veniam rerum. Distinctio nulla distinctio aut sit. Sed nemo ipsam sit cupiditate nihil fugiat.','56 x 78 x 5',484,'Quia sunt nesciunt omnis omnis aspernatur ea est. Iure amet id est tenetur autem.',9,905.00,'2020-06-27 14:30:52','2020-12-07 11:46:59'),(19,41,'Facilis aut nihil consectetur consequatur modi aut.','Voluptas corrupti non atque aut ratione in ullam quod. Sequi omnis magnam neque soluta reiciendis dicta labore. Eligendi mollitia ea cum commodi sed. Possimus eum ipsa non at.','63 x 30 x 3',358,'Nam perspiciatis rerum impedit quam. Et ipsa et ea placeat. Sequi eius aspernatur illo nesciunt ut.',3,169.00,'2020-12-03 11:43:33','2020-12-07 11:46:59'),(20,11,'Et illo cumque ut.','Assumenda iusto laborum sapiente ipsam aut id ex. Tempora ut eos mollitia reprehenderit enim. Quidem debitis dolor saepe est voluptates. Expedita nobis perspiciatis ut ut quos qui aut dicta.','62 x 53 x 7',340,'Asperiores aut quod iure repellat repudiandae et occaecati. Non aut modi aperiam sint ullam. Qui eveniet eligendi est deleniti. Est quia ducimus ipsa nemo reiciendis. Perferendis qui illum numquam doloremque.',8,107.00,'2020-06-20 21:39:23','2020-12-07 11:46:59'),(21,66,'Numquam iure a similique et cum voluptatem eligendi.','Explicabo quam quaerat quisquam neque voluptatem. Repellat omnis debitis molestias at laudantium eum sit ab. Ut aut sint deleniti sit possimus omnis quaerat.','82 x 51 x 2',125,'Perspiciatis deleniti non itaque officiis. Dolorem assumenda ut modi enim fuga facilis. Pariatur ut eius ut cupiditate et hic. Tempora magnam totam similique nostrum ullam ut.',9,472.00,'2020-04-23 22:35:02','2020-12-07 11:46:59'),(22,30,'Ut numquam quia ut necessitatibus.','Autem saepe est quasi labore aut cum quidem. Velit quasi est soluta modi. Cumque inventore maxime perspiciatis voluptatibus laboriosam hic et voluptas. Soluta voluptatem molestiae aspernatur accusantium dolor.','84 x 74 x 4',105,'Repudiandae architecto iusto veniam at quidem. Sapiente odit id dolorem rerum laudantium dignissimos. Sed et soluta rem reprehenderit quidem.',9,547.00,'2020-01-10 12:15:32','2020-12-07 11:46:59'),(23,17,'Vel sit sit asperiores sequi est alias molestiae.','Nihil et quae nisi et nihil et eum. Atque dolores rerum quo corrupti dolorum. Beatae consectetur dolore atque quia reprehenderit dicta est. Mollitia voluptas rerum id veniam.','52 x 40 x 9',149,'Laboriosam est hic eos ratione est nemo et. Commodi ipsa nobis asperiores quisquam vel cupiditate nulla repellat. Perspiciatis blanditiis id ullam laboriosam.',9,220.00,'2020-06-23 22:18:23','2020-12-07 11:46:59'),(24,60,'Ab perspiciatis est consequuntur explicabo dolor temporibus.','Est ducimus quia aut qui eos nulla tempore. Beatae perspiciatis non quis nobis sed. Ut earum omnis assumenda recusandae qui.','89 x 43 x 1',431,'Quod et necessitatibus vitae praesentium omnis reprehenderit eos quis. Ipsum dignissimos sint voluptate voluptas ullam eveniet. Sunt vel quae aperiam incidunt quia id. Nulla aspernatur ut vel dolor. Iure maxime numquam inventore.',1,129.00,'2020-03-15 05:07:24','2020-12-07 11:46:59'),(25,49,'Nihil nam repellendus consequatur nam nobis dolores rerum.','Neque excepturi adipisci eaque explicabo. Aut nostrum qui suscipit ut voluptas quia et. Sunt veniam est ut id occaecati fugit.','66 x 57 x 8',206,'Dignissimos autem eum explicabo nesciunt cumque soluta magni. Saepe pariatur neque debitis excepturi iure a. Totam consequatur maxime officiis quis et ipsam.',8,361.00,'2020-02-07 22:15:43','2020-12-07 11:46:59'),(26,7,'Dolores quae magni sint ullam quaerat provident repellendus.','Deleniti sint est qui voluptatibus qui. Id repellendus distinctio modi nobis. Voluptatem odio amet ut nemo occaecati deleniti.','65 x 35 x 7',236,'Et est aut quod non molestias. Ut cum voluptas est quasi quaerat laboriosam quia. Eveniet et voluptatem veniam autem quisquam et amet numquam. Soluta non dicta qui rerum tenetur.',2,1042.00,'2020-03-26 10:15:16','2020-12-07 11:43:36'),(27,59,'Alias mollitia fugit sint rerum vel occaecati iste.','Omnis ipsa rerum cum sint optio placeat. Porro voluptatem et a nesciunt. Eos deserunt molestias tempore expedita nam. Quasi ut mollitia aut perspiciatis officia odio modi enim.','55 x 53 x 1',64,'Est eaque sunt ut excepturi nisi inventore molestias. Saepe numquam ut vitae voluptas voluptates debitis. Corporis ducimus iusto commodi est ducimus quis unde nihil. Hic delectus nostrum in nulla amet ut consequatur aliquid.',9,123.00,'2020-05-15 06:44:30','2020-12-07 11:46:59'),(28,29,'Fugiat consequatur ea et recusandae.','Ipsam deserunt iure voluptatem. Voluptatum distinctio voluptatem reiciendis.','93 x 36 x 1',111,'Nobis laudantium laudantium eum sit suscipit voluptatem. Exercitationem dolore accusamus sit fuga odit cum voluptas.',2,129.00,'2020-04-22 01:26:54','2020-12-07 11:46:59'),(29,21,'Suscipit ipsa asperiores voluptatem nihil corrupti nostrum tempora.','Quisquam numquam dolores officia molestiae ut. Unde nam esse eaque dolore possimus.','93 x 40 x 5',362,'Ipsum rerum et expedita id omnis. Nesciunt maxime quisquam fugit enim voluptatem repellat beatae. Delectus commodi sunt consequatur. Aut magnam voluptas minus rerum id iste vel.',1,1031.00,'2020-05-15 13:55:07','2020-12-07 11:46:59'),(30,24,'Vel aut aut dolor rerum sunt minus.','Ut ullam ratione id id omnis est architecto dolorem. Cumque officia commodi rerum ut quis odit mollitia. Quia commodi iste cumque sunt rem qui odio. Explicabo laborum ea ut dolor.','75 x 42 x 8',474,'Temporibus aut porro est quia corporis et omnis. Voluptatum architecto quae tempore sint quis. Sed natus ut officia sint. Autem eveniet aperiam excepturi nam quia ullam amet. Aut distinctio nihil ut quo.',1,928.00,'2020-01-22 17:59:15','2020-12-07 11:46:59'),(31,57,'Omnis perferendis nobis sequi architecto voluptatem.','Nam aut occaecati rerum ex exercitationem dolor. Aperiam sunt rem et qui inventore nulla. Accusantium ut cum eos odit exercitationem molestiae. Dignissimos molestias molestiae recusandae labore.','97 x 55 x 7',287,'Sit perferendis id et ut. Cumque assumenda commodi omnis rem nihil sapiente tenetur excepturi. Quaerat doloribus qui consequatur mollitia repudiandae. Aut rerum nisi quia id.',8,446.00,'2020-04-20 20:22:55','2020-12-07 11:46:59'),(32,13,'Aut et reprehenderit quo minus rerum ipsa ipsa sunt.','Corporis est sit blanditiis magnam ab. Saepe magni nulla omnis vel magni. Deserunt aspernatur aspernatur sed tempora quia eos. Numquam laudantium quod debitis odit neque.','95 x 56 x 9',12,'Est nisi alias perferendis mollitia blanditiis omnis. Recusandae deleniti omnis ea sed voluptatem. Voluptatibus natus facere id in hic nostrum.',7,349.00,'2020-02-10 20:14:01','2020-12-07 11:46:59'),(33,29,'Placeat quisquam at soluta eligendi ut.','Rem rerum et animi mollitia dolor omnis enim. Vero ipsum necessitatibus esse saepe qui. Consequatur rerum quis suscipit qui.','85 x 30 x 10',197,'Omnis dolore hic quia voluptatum aut qui dolorum. Et nihil sed porro cupiditate autem. Qui aut autem fugit recusandae recusandae.',9,197.90,'2020-08-28 15:52:48','2020-12-07 11:46:59'),(34,29,'Harum quia quos at.','Veritatis iure quas nisi qui tempore neque. Cumque et recusandae rerum dignissimos qui perspiciatis reiciendis. Facilis eaque consequatur iure voluptates quis. Sunt provident non sunt. Non porro nobis voluptas.','82 x 53 x 4',450,'Amet quia molestiae facilis iusto laudantium dolorem adipisci voluptates. Commodi quos harum dolor est. Quia autem est sapiente libero.',4,306.00,'2020-06-19 16:17:57','2020-12-07 11:46:59'),(35,65,'Id fugiat ut qui aut voluptas itaque officiis.','A et quia dignissimos. Quod ipsa quia nostrum rerum. Hic aperiam minus animi veniam. Ducimus voluptatem voluptatem ut quo rem est.','66 x 60 x 1',158,'Consequatur cumque doloremque deleniti. Aut quo non molestias. Repudiandae fugit aspernatur occaecati natus quia.',7,384.00,'2020-06-21 08:27:29','2020-12-07 11:46:59'),(36,40,'Ullam cumque quibusdam magni praesentium rerum nemo.','Dolores qui ut nulla non sit totam. Reprehenderit nisi optio adipisci quia qui reprehenderit qui. Ad aliquam cupiditate consequuntur nesciunt sequi.','66 x 58 x 10',441,'A iure illo nisi deserunt qui aliquam. Qui dolore eum aut qui porro. Repellendus laudantium id est.',3,433.00,'2020-11-23 16:32:07','2020-12-07 11:46:59'),(37,7,'Cupiditate nihil omnis rem a ut.','Explicabo ut occaecati dolores sunt eaque. Ad dignissimos atque debitis mollitia consequatur delectus labore. Enim voluptas eius facilis necessitatibus sit.','88 x 37 x 4',227,'Qui possimus iste adipisci. Optio eaque voluptatibus itaque optio nobis laboriosam ipsum repudiandae. Et eveniet quia quos quod velit eaque soluta quia.',1,175.00,'2020-02-14 09:10:19','2020-12-07 11:46:59'),(38,23,'Exercitationem dolor at neque sint.','Earum amet enim corporis libero. Aliquid qui qui consequuntur sequi eos qui tempore. Similique soluta veritatis quaerat beatae explicabo aliquid et.','78 x 63 x 7',314,'Recusandae dolores sapiente qui qui expedita. Necessitatibus neque expedita id alias. Exercitationem eum eum culpa animi et voluptatem architecto.',7,903.00,'2020-10-15 01:16:51','2020-12-07 11:46:59'),(39,44,'Autem est enim dolorem aut excepturi velit ipsam sequi.','Repellendus aperiam voluptas repellat provident. Consequatur aut excepturi aut omnis quos. Explicabo quae quasi unde omnis sit quaerat occaecati.','54 x 58 x 6',390,'Vero minima qui sunt in ut soluta. Ex dolore et maiores vero ut illum.',4,264.00,'2020-05-13 01:33:04','2020-12-07 11:46:59'),(40,17,'Nobis ut voluptate natus iure magni placeat inventore et.','Alias minima ea qui possimus est eveniet nemo aut. Tempora ut tempore dolores consequatur. Eum quibusdam quae reprehenderit minus sed est qui vel. Porro corporis omnis aut velit.','58 x 38 x 3',6,'Repudiandae qui quia dolor voluptatem vitae eum. Accusantium numquam dolores est dignissimos repellendus aut aut. Optio dolorem modi quae distinctio aspernatur saepe non.',2,188.00,'2020-03-30 15:15:03','2020-12-07 11:46:59'),(41,17,'Sint aliquid ut nostrum iusto sed natus numquam.','Enim ea consequatur minus nobis est ut explicabo. Corrupti eius ea ut non ratione. Eos sequi incidunt possimus aperiam sit dolor.','96 x 70 x 3',360,'Officia non quo repellat aut aut et itaque. Numquam et odit consectetur eaque nihil mollitia. Ipsam consequatur facilis minima animi.',9,118.00,'2020-08-01 22:55:50','2020-12-07 11:46:59'),(42,36,'Et quisquam et id repudiandae laboriosam optio.','Atque ad quae est dignissimos laudantium ea qui aliquid. Id ipsum ut fuga vel tenetur aut nemo libero. Qui quia saepe tempore nulla doloremque quisquam.','93 x 56 x 1',281,'Perferendis amet laborum dolorem et quis quo. Laborum dolorum aut ad sed ut voluptas omnis. Nobis provident voluptatem quibusdam ut at et aut.',8,509.00,'2020-01-23 16:07:43','2020-12-07 11:46:59'),(43,61,'Eveniet unde molestiae nobis voluptatum facere vero est.','Explicabo possimus ex ab dolore. Placeat quaerat voluptatem ea mollitia molestiae corrupti. Illo eveniet quisquam fuga occaecati soluta aut aut.','81 x 32 x 4',324,'Incidunt repellat dolorum dignissimos esse ullam sint illo. Qui aut vero et quibusdam eligendi. Et inventore similique sint velit saepe ea quaerat.',6,127.00,'2020-08-29 15:05:47','2020-12-07 11:46:59'),(44,64,'Adipisci non rerum accusantium aut voluptatem ratione magnam fuga.','Nesciunt labore at praesentium cupiditate commodi. Enim eius deserunt libero iusto quisquam. Quo commodi quidem inventore possimus.','83 x 41 x 2',278,'Et molestias aperiam velit. Nemo eius illo adipisci magnam quia. Labore ullam recusandae quas et tenetur.',7,656.00,'2020-10-18 04:03:52','2020-12-07 11:46:59'),(45,9,'Ex veritatis ut labore.','Facere voluptatem ea explicabo voluptatum. Praesentium repellat ratione est qui est non in. Tempora consequatur beatae qui sit est necessitatibus.','58 x 46 x 2',415,'Quod facere adipisci iusto atque culpa atque. Consequatur non sed voluptate quia. Vel similique doloribus amet temporibus rerum suscipit est. Rerum tenetur consequuntur voluptas quia eum quia nesciunt. Optio eos aut eum id.',8,617.00,'2020-11-16 13:03:12','2020-12-07 11:46:59'),(46,29,'Est cumque qui ut magnam debitis deserunt.','Vero molestias sed aspernatur quis vel. Nesciunt quod ut minima commodi. Est minima consequatur laborum beatae inventore excepturi reiciendis. Asperiores ex et nobis sed.','88 x 51 x 8',241,'Blanditiis molestiae eaque labore alias error. Nihil ipsum assumenda libero aut ea recusandae reiciendis.',6,653.00,'2020-09-08 12:16:39','2020-12-07 11:46:59'),(47,55,'Optio sit consequuntur aperiam minima maxime accusamus.','Commodi repudiandae soluta maxime. Sint excepturi iure eum ex quia nemo. Ut aliquam et iure.','80 x 67 x 9',461,'Explicabo fugiat blanditiis adipisci est. In officia culpa autem nobis et. Unde voluptatem aut porro laborum saepe recusandae. Dolore alias officia earum sit sint saepe.',3,196.00,'2020-07-02 13:23:24','2020-12-07 11:46:59'),(48,62,'Commodi sit necessitatibus nobis sit placeat.','Et consectetur ut et et dolore aperiam aut. Necessitatibus harum cumque consequuntur sunt. Pariatur quam optio rerum sed iusto ipsum excepturi earum. Aliquid voluptatem illum velit repellat ex.','55 x 78 x 6',80,'Omnis itaque quis libero voluptatem alias officia magni. Fugit est dolorum distinctio sit quas. Earum omnis itaque earum odio saepe nulla. Ratione vero asperiores ea deserunt.',6,921.00,'2020-04-11 08:42:36','2020-12-07 11:46:59'),(49,14,'Non aperiam quos eligendi doloribus dolor velit.','Dolorem magni eveniet illum ut voluptates. Ut voluptas libero ipsum nostrum. Quaerat maiores fuga velit debitis dolorem.','82 x 66 x 7',19,'Non hic et cupiditate nihil excepturi id vitae. Dolor tenetur ab fugit. Quaerat quia voluptates qui qui accusantium quaerat laudantium fuga. Occaecati voluptate non enim excepturi dolor sint in et.',9,920.00,'2020-03-13 05:52:53','2020-12-07 11:46:59'),(50,14,'Qui facilis cum eos ut iusto.','Asperiores eos nihil magni quasi consequuntur. Consequatur adipisci hic impedit. Voluptatem aspernatur eum unde porro est culpa cumque. Tempora sit sed ducimus magni exercitationem aliquid.','60 x 79 x 4',353,'Dolor doloribus placeat commodi quae quis. Et magni qui et deserunt temporibus aut tenetur. Recusandae sequi non non non repellendus.',5,738.00,'2020-09-13 09:53:14','2020-12-07 11:46:59'),(51,29,'Et ut neque laudantium ut officia.','Possimus id error ut exercitationem error pariatur. Facere ut expedita inventore facilis. Quod nisi dicta nobis.','87 x 67 x 5',208,'Fugiat exercitationem molestiae sint at facere fugit. Atque hic at fuga eum. Facilis quisquam veritatis vitae occaecati in praesentium.',7,567.55,'2020-09-26 23:51:23','2020-12-07 11:46:59'),(52,38,'Accusamus aperiam tempore delectus ea.','Fuga ipsam culpa labore nemo consequatur qui quibusdam. Est impedit quia magni ipsam. Est dignissimos et qui. Eius eveniet veritatis qui modi est. Amet laboriosam maiores ut qui molestias.','55 x 36 x 4',479,'Quis qui rerum culpa distinctio pariatur molestias ex. Et non repellendus qui quia minus temporibus.',3,830.00,'2020-05-24 13:43:52','2020-12-07 11:46:59'),(53,33,'Incidunt alias iste ut quo.','Laborum quidem molestias minima eum et amet. Neque vero ipsa possimus et doloribus non est sequi. In voluptatem corporis facilis porro.','60 x 34 x 9',272,'Vero labore voluptas mollitia modi. Quia vero fuga provident. Aut est fugit repellat mollitia autem omnis laudantium.',7,835.00,'2020-05-29 19:43:03','2020-12-07 11:46:59'),(54,54,'Eveniet dolorum aut sed officiis consequatur.','Cupiditate sed in impedit voluptas non nesciunt. Ex possimus aut enim. Consequatur quam voluptates architecto. Enim eum consequuntur voluptas et sit minus hic.','50 x 53 x 4',421,'Qui ratione voluptatum maxime id quidem asperiores facilis facilis. Ullam doloribus animi id quaerat dignissimos reiciendis magnam. Provident voluptas totam optio praesentium rerum. Mollitia laboriosam molestiae itaque quia deleniti eos. Quasi et tenetur corporis sunt et autem.',2,181.00,'2020-02-02 17:32:25','2020-12-07 11:46:59'),(55,35,'Occaecati assumenda aspernatur at cum reiciendis enim quae recusandae.','Fuga nam exercitationem nesciunt qui asperiores dolorum. Fugiat vel libero hic molestiae voluptatibus. Corporis quis eaque adipisci provident in.','64 x 52 x 4',288,'Dolores ad ex necessitatibus error. Fugit similique cum voluptatem voluptatem velit facere molestiae. Ea qui enim sapiente suscipit adipisci saepe nesciunt neque. Voluptatem totam aspernatur quasi non minima tempora occaecati qui.',2,587.00,'2020-01-20 05:16:17','2020-12-07 11:46:59'),(56,14,'Molestiae quo ipsa quidem natus.','Officiis reiciendis sit enim amet enim. Et nemo doloribus distinctio similique. Perspiciatis nisi inventore aliquam voluptate enim perferendis qui nisi. Quia voluptate unde incidunt voluptatum distinctio.','67 x 67 x 8',179,'Rem occaecati voluptas corrupti quia saepe aut. Odit est eum officiis dolores aut. Quaerat nostrum expedita sint a placeat iusto voluptatem. Dignissimos voluptatem sunt aut est sint.',6,125.00,'2020-02-28 22:22:12','2020-12-07 11:46:59'),(57,30,'Id repellat expedita et omnis id et minima.','Aut labore error sed nulla consequuntur iste aut qui. Sequi mollitia laborum magni qui aperiam optio. Dicta occaecati est minus pariatur. Et quaerat dolores non et quo possimus nesciunt saepe. Quo dolore a corrupti est enim quisquam et culpa.','64 x 47 x 9',29,'Blanditiis cupiditate in omnis id quisquam dolorem unde dolor. Enim ab earum sequi sed et numquam nisi. Qui dicta dolorum laboriosam qui qui iure. Officia minus maxime earum quas deserunt non nulla.',5,183.00,'2020-07-22 22:19:58','2020-12-07 11:46:59'),(58,35,'Adipisci maxime aut praesentium eligendi ipsam perspiciatis.','Temporibus voluptate voluptas quidem voluptas. Eius maxime voluptatem ut soluta. Ut et quidem eligendi dolore quia eum voluptas. Aliquam excepturi velit voluptas qui sit animi cumque qui. Sit earum dolorem nam.','60 x 56 x 1',109,'Id sit animi similique harum. Ut voluptatum optio labore deleniti enim. Et nihil neque nobis ipsa totam expedita.',4,331.00,'2020-07-20 01:44:56','2020-12-07 11:46:59'),(59,25,'Accusantium facere ipsum sapiente officiis et illo occaecati.','Ad qui consequatur rem autem. Velit magni iste eum velit iure. Animi aliquam qui et eius.','74 x 50 x 6',457,'Quibusdam numquam adipisci minus consequatur natus eos. Libero minima fuga non porro fugiat id maiores dolores. Eveniet non quo consequatur voluptatem temporibus. Et sed illum enim dolorem ullam sunt quis.',1,792.00,'2020-04-13 23:21:21','2020-12-07 11:46:59'),(60,17,'Et excepturi similique alias odio quo ea.','Maiores quis voluptatem quaerat et et amet. Aut non blanditiis quis beatae. Quo eius aperiam libero reiciendis et omnis.','74 x 73 x 9',456,'Est reiciendis omnis omnis ea voluptas quos. Facilis non veritatis voluptatem possimus enim dolores. Consequatur alias impedit est in recusandae voluptatem nesciunt. Quam provident ut minus dolores consectetur quis.',9,142.00,'2020-02-13 20:21:34','2020-12-07 11:46:59'),(61,9,'Dolor tenetur non optio architecto aspernatur et.','Tempora vero et necessitatibus magni. Non sed sequi sed accusantium vel optio ex iusto. Quia reprehenderit omnis et omnis ipsam deserunt facere. Cum dolore consequatur autem repellat est id.','82 x 66 x 7',410,'Reiciendis qui ut quia qui enim commodi numquam cumque. Et possimus animi aut non.',3,869.00,'2020-05-14 09:28:36','2020-12-07 11:46:59'),(62,60,'Quibusdam soluta similique velit corrupti sunt magni deleniti.','Dolorem nihil in voluptas corrupti provident. Dolores qui laudantium voluptatem voluptas omnis. Cupiditate et harum consectetur voluptate necessitatibus ut velit. Est id voluptas maiores delectus et veritatis. Et enim libero mollitia occaecati dicta.','61 x 32 x 7',180,'Ipsam enim libero quae quod. Consequuntur ut nisi rerum reprehenderit quaerat inventore aut. Aut incidunt inventore ipsam voluptas. Odit possimus repudiandae distinctio aperiam ut facilis doloribus at.',4,868.00,'2020-03-14 00:54:02','2020-12-07 11:46:59'),(63,8,'Architecto eum nisi mollitia dolore.','In possimus sed minus voluptate doloremque. Non architecto corporis ad et officiis dignissimos incidunt. Molestias qui est qui doloremque repellat.','96 x 70 x 3',169,'Delectus sit earum sint. Eveniet eos magni consequatur tenetur. Voluptate enim vero sed in accusantium voluptas fugit minus. Voluptatem quo necessitatibus labore laboriosam occaecati veritatis ut.',8,634.00,'2020-03-10 15:56:11','2020-12-07 11:46:59'),(64,60,'Maxime officiis voluptas doloremque.','Aliquam ab quod iste ut magnam eveniet. Unde sunt delectus nihil et qui impedit recusandae. Nulla rerum et quia voluptatum.','86 x 78 x 7',304,'Et qui quas voluptatem et repellendus quibusdam. Velit dolor nam ut qui dolorum rerum hic.',3,469.00,'2020-05-17 16:36:48','2020-12-07 11:46:59'),(65,10,'Nostrum vero voluptatum nihil.','Dolor vel labore vel dolorem. Quod unde sint accusamus eos quaerat quam ut non. Voluptatibus omnis quia reprehenderit rerum sapiente odio. Eveniet iure maxime quo odio facere tempora voluptatem.','65 x 63 x 4',12,'Aut sint doloribus expedita debitis sint ad. Occaecati et blanditiis a sunt doloremque praesentium. Dolores adipisci velit est hic saepe magni.',4,159.00,'2020-01-23 18:00:30','2020-12-07 11:46:59'),(66,6,'Sunt aut voluptatem non consequatur dolorem nam.','Eum temporibus corrupti voluptatibus sed eos ut. Esse et dolorem commodi facere. Nostrum similique eos quam beatae. Qui molestiae illum facere accusamus.','89 x 75 x 2',148,'Quia esse dolor rerum optio aliquid. Dolores expedita excepturi esse laborum saepe. Sapiente nulla ut omnis iusto et consequatur.',4,341.00,'2020-05-18 06:14:46','2020-12-07 11:46:59'),(67,41,'Sunt aut doloremque quo.','Deserunt fugit sed consectetur. Eligendi praesentium et sed placeat ut qui sunt natus. Perspiciatis quo et fuga. Voluptas tenetur rerum doloremque quam et exercitationem ipsa.','96 x 41 x 4',203,'Sunt laboriosam ullam et ullam quibusdam illum. Et cupiditate dicta voluptatem voluptates inventore quia. Dolore autem doloremque sed perferendis. Dolores ea illo consequatur est optio quia autem.',8,237.79,'2020-11-23 02:18:59','2020-12-07 11:46:59'),(68,7,'Velit omnis similique voluptas.','Placeat cupiditate ut dignissimos corporis pariatur earum sunt. Voluptas ea sit voluptates voluptatem esse iusto quasi. Dolores eius est placeat quo. Nihil voluptatem recusandae laboriosam.','61 x 78 x 2',72,'Hic qui et provident et dolore quibusdam possimus. Saepe aut possimus perspiciatis dolores blanditiis quia animi. Enim inventore non ad quaerat et quibusdam non necessitatibus. Cum laboriosam ut alias est dolorem. Distinctio vitae et tempora voluptatem.',4,171.00,'2020-12-20 14:34:10','2020-12-07 11:46:59'),(69,18,'Ea id dolorem impedit ut eius perspiciatis.','Voluptatem et occaecati consectetur laudantium eos. Error impedit quibusdam totam et.','98 x 45 x 7',249,'Officia voluptatem suscipit amet voluptatibus non aspernatur enim et. Nostrum numquam libero accusamus qui praesentium voluptas molestias. Quae neque beatae laboriosam et alias quis. Qui laborum rerum iste et sit ut.',5,200.00,'2020-10-21 15:41:36','2020-12-07 11:46:59'),(70,20,'Officia sit est velit iste.','Exercitationem reiciendis adipisci laborum excepturi. Accusamus saepe ea aut amet nam itaque. Modi provident optio sit non blanditiis.','69 x 78 x 8',27,'Sequi aut ut est perspiciatis sed. Ducimus fuga provident libero itaque eligendi. Aut aliquam rerum porro aliquam similique sit.',6,177.00,'2020-08-13 12:24:32','2020-12-07 11:46:59'),(71,46,'Cupiditate sit quae fugit eum quia asperiores totam.','Architecto temporibus labore temporibus corporis dolorem. Ex consequuntur autem et alias. Pariatur reprehenderit qui eveniet. Voluptatem sint quae qui quia ut.','79 x 71 x 5',391,'Temporibus eum similique et labore. Qui explicabo voluptatem omnis impedit enim repellendus aut. Dolores harum provident voluptas aut excepturi. Aut et sint veritatis.',7,877.00,'2020-03-18 05:07:48','2020-12-07 11:46:59'),(72,35,'Id incidunt architecto veniam magnam praesentium qui tenetur.','Necessitatibus eum maiores hic ad ut blanditiis voluptas dolorem. Sit omnis et itaque cumque eum. Rerum nihil eius id.','80 x 67 x 10',371,'Distinctio recusandae reprehenderit ipsa laboriosam dolores eum amet sapiente. Quo vitae aspernatur ex veniam mollitia. Sed voluptatum ipsa veritatis. Necessitatibus voluptatem quia aut nihil tenetur.',3,685.00,'2020-04-13 22:19:34','2020-12-07 11:46:59'),(73,39,'Aut tenetur quia velit quia.','Non incidunt est rerum nostrum aut fugit alias. Aut omnis voluptatem minus sit. Quia quas numquam magnam vitae laudantium id qui. Beatae doloribus dolor facere amet.','79 x 32 x 5',184,'Perspiciatis voluptate odit explicabo consequuntur quia nemo. Et laboriosam dolorem enim ipsa dolorem nisi. Nulla modi a sint. Ut et blanditiis debitis sapiente.',1,696.00,'2020-08-01 20:25:56','2020-12-07 11:46:59'),(74,25,'Est odit reprehenderit quis velit dolorem nostrum.','Et laborum qui deleniti sed doloremque eligendi. Perferendis dolor aut aut et autem. Aspernatur porro doloribus repudiandae ducimus provident velit. Quasi quis ad consequatur consequuntur.','62 x 70 x 3',305,'Et iste magni mollitia corporis. Labore doloremque alias consequatur aspernatur ut. Sed mollitia quod sed consequatur eveniet nam. Distinctio qui quia quos modi laborum in laborum.',7,325.00,'2020-12-08 16:07:24','2020-12-07 11:46:59'),(75,9,'Totam molestiae consequuntur nesciunt quod error vel.','Et velit adipisci eius. Qui fuga adipisci reprehenderit perspiciatis omnis ullam fuga. Quisquam voluptates rerum saepe hic corrupti. Amet velit beatae nemo eius quia.','50 x 40 x 10',472,'Explicabo ut corrupti voluptatem quo molestiae dolores est. Ut delectus libero molestiae fugiat pariatur asperiores qui. Blanditiis qui consequatur voluptatum fuga saepe cum provident. Recusandae quaerat architecto ipsa error hic.',1,437.00,'2020-04-12 00:41:56','2020-12-07 11:46:59'),(76,11,'Harum dolorem vel itaque eius fugit qui.','Voluptate error minus odit non. Fugit ea voluptate quia sapiente possimus. Voluptatum mollitia dolorum aut quia tempore. Aliquam alias cupiditate impedit odit et minima. Quasi enim eum voluptatem exercitationem.','62 x 45 x 9',445,'Et unde hic ipsam quia. Ea voluptas quo adipisci delectus. Reprehenderit in eum sequi quam.',7,110.00,'2020-03-25 15:03:27','2020-12-07 11:46:59'),(77,42,'Occaecati fuga iure laboriosam cum est vero alias.','Nulla velit repudiandae accusamus aut. Laudantium voluptatem molestias velit illum harum repellat. Ut eaque atque excepturi in. Voluptas voluptas eum eveniet et omnis.','56 x 39 x 7',308,'Quis veniam aperiam hic tenetur amet. Consequatur iste et qui iusto qui. Cum ducimus eligendi rerum possimus.',4,175.00,'2020-02-07 20:20:09','2020-12-07 11:46:59'),(78,46,'Dolore inventore et nostrum quos voluptas in excepturi pariatur.','Atque sunt quibusdam eius rem magnam voluptatem. Aut similique dicta debitis repudiandae accusamus occaecati. Voluptas ipsum vel non quos alias.','74 x 58 x 4',206,'Tenetur error praesentium perferendis sint consectetur repellat molestias. Dolores ut voluptatem expedita voluptatibus repellat. Dolores natus officiis illum laboriosam.',4,144.00,'2020-08-21 08:28:51','2020-12-07 11:46:59'),(79,38,'Voluptates vitae error quod ullam numquam similique.','Rerum pariatur dolore ad et. Illo corrupti qui ut natus culpa. Consequatur veritatis porro voluptatem repudiandae. Voluptas atque et sapiente hic nihil temporibus. Iste nesciunt consequatur saepe nihil iure rerum.','61 x 79 x 3',104,'Possimus cupiditate consequatur et consequuntur sed. Quis et ipsa neque sunt nihil ut. Rem nostrum voluptatem adipisci. Est quidem ratione inventore eum earum.',9,138.00,'2020-06-03 00:54:23','2020-12-07 11:46:59'),(80,52,'Placeat numquam facere quod.','Eveniet reiciendis in neque expedita sed. Ut dolorem doloremque dolor qui vel dolorem. Et neque repudiandae sed tempora sed aut qui unde. Saepe aut cupiditate repellat quo voluptate.','70 x 39 x 8',400,'Libero consectetur voluptatem eum eaque perferendis sapiente. Ut illo nulla enim nisi quia consequuntur facere. Tempora ut aut itaque voluptates. Quo facere omnis consectetur. Rerum perferendis ut ut mollitia.',8,193.00,'2020-03-31 18:24:00','2020-12-07 11:46:59'),(81,11,'Enim blanditiis numquam sit reprehenderit sapiente sunt molestiae.','Consequuntur dolore quo aut nam libero nobis labore. Modi eveniet et consequatur enim culpa voluptas. Vero laboriosam perferendis non.','64 x 36 x 8',190,'Accusamus fugiat repellat repellat quis culpa distinctio. Dolores enim architecto dicta explicabo occaecati. Distinctio dicta a sed.',1,135.00,'2020-08-03 02:19:55','2020-12-07 11:46:59'),(82,32,'Reiciendis pariatur et tempore.','Et eius quas sunt rerum ab assumenda. Nesciunt voluptate aut ipsa quod accusamus expedita non non.','69 x 65 x 4',251,'Nostrum magni aperiam sequi asperiores possimus consectetur eos. Minus eaque facere voluptatem sunt porro fuga quia. Delectus autem et quis qui distinctio tempore accusantium. Sint aut consequuntur est qui architecto ea.',6,198.00,'2020-01-17 08:27:39','2020-12-07 11:46:59'),(83,59,'Iusto deserunt optio nesciunt est eum.','Adipisci itaque reiciendis sed et. Sint pariatur voluptate accusamus ullam quod excepturi.','76 x 63 x 8',182,'Quia labore rerum cumque excepturi et qui est. Ratione consequuntur voluptates quia quia in.',2,184.00,'2020-04-27 21:52:57','2020-12-07 11:46:59'),(84,7,'Quaerat rerum eum perferendis dolorem dolore adipisci tempore.','Enim aut amet debitis. Excepturi deserunt ducimus ratione exercitationem alias. Aut inventore veritatis numquam. Voluptatibus vero tempore odio qui ad qui.','88 x 59 x 7',156,'Et sit voluptatibus iure neque. Quisquam voluptate rerum placeat dicta ut consequuntur.',2,304.75,'2020-12-23 03:48:58','2020-12-07 11:46:59'),(85,31,'Impedit excepturi voluptate nesciunt et.','Et maxime hic qui fugiat inventore omnis distinctio accusamus. Mollitia commodi doloribus tempora aut dicta sint exercitationem ex. Libero consequatur praesentium eum excepturi. Debitis ab est nihil adipisci omnis quam dolorem odio.','68 x 77 x 7',236,'Unde ut est et minima. Est saepe eum ea possimus adipisci. Accusamus aut vel dolores consequatur sed et omnis. Aliquid possimus ex doloremque dolore nulla totam quasi sed.',2,262.00,'2020-03-11 17:31:42','2020-12-07 11:46:59'),(86,16,'Sint iure illo libero rerum nemo iure est.','Facere veritatis et sed quos id iure. Eius expedita odio corporis est aut.','62 x 48 x 2',212,'Repellat laudantium iure deserunt soluta cupiditate a. Delectus illo perspiciatis illo est enim. Qui eum et sed minus fugiat alias. Est blanditiis molestiae tempora.',6,796.00,'2020-05-06 07:02:09','2020-12-07 11:46:59'),(87,52,'Quo alias consequuntur doloremque dolorum inventore.','Iure consequatur nesciunt rerum aliquam repellat quis necessitatibus provident. Nostrum sint ut et blanditiis quod assumenda optio. Cupiditate corrupti ipsa facilis est aut facilis et. Architecto rerum aut aliquam corporis et accusamus.','75 x 37 x 3',349,'Id alias facilis in. Dignissimos distinctio quasi eligendi rem vero et. Voluptatibus officiis cumque corrupti expedita et.',2,146.26,'2020-09-21 02:28:02','2020-12-07 11:46:59'),(88,12,'Maxime accusantium qui unde et sit.','Nihil est ipsam tempore dolores. Non voluptatem explicabo ut doloremque. Aut omnis placeat beatae non non et architecto. Sit voluptatem atque perspiciatis est mollitia.','91 x 47 x 3',110,'Est iusto qui fugiat blanditiis. Est assumenda non beatae repellendus. Rerum et laudantium et ullam aperiam dolor rerum porro.',6,1096.00,'2020-03-08 11:57:16','2020-12-07 11:46:59'),(89,37,'Quia occaecati numquam quia ullam hic libero.','Ipsum dignissimos omnis adipisci et qui quae numquam autem. Dolor voluptas molestiae fugit.','71 x 43 x 1',2,'Dolores odio fuga molestiae. Ipsam magni quidem id ratione qui. Non quia amet et iusto est rem. Iure consequuntur fugit quis deleniti.',8,125.00,'2020-03-27 07:40:32','2020-12-07 11:46:59'),(90,14,'Vel cupiditate inventore repellat iusto iusto omnis.','Dicta similique consequatur maxime. Non nihil nesciunt aut ut eaque. Est architecto ullam in est sequi perspiciatis.','65 x 55 x 7',179,'Quis et est sunt odio qui repellendus non. Et dolor soluta et ea molestiae cumque. Non sit debitis ut eius minus ad.',2,991.00,'2020-01-09 03:44:44','2020-12-07 11:46:59'),(91,30,'Sit quidem inventore distinctio sunt.','Cumque ipsam laboriosam est et facere. Non impedit eveniet reprehenderit eum dolorem possimus. Nemo maxime perferendis fuga voluptatibus vero et. Aliquam libero ipsum sed et ea vel qui.','75 x 64 x 10',390,'Voluptas illo optio incidunt soluta velit vero eligendi ut. Sit similique quae corporis id a et. Reiciendis omnis et pariatur possimus.',8,175.00,'2020-10-27 16:19:36','2020-12-07 11:46:59'),(92,29,'Qui qui molestiae dolorem maxime est.','Expedita dolorem aut qui incidunt. Hic vel eius beatae fugit qui. Tenetur quo voluptates vel quia sed voluptatibus sit culpa.','78 x 32 x 6',412,'Quas non officia nobis hic et aliquam. Repellendus dolores nostrum eum reiciendis recusandae eaque. Hic sunt aperiam ipsum.',6,566.00,'2020-09-16 01:23:04','2020-12-07 11:46:59'),(93,63,'Ut quas beatae blanditiis tempore sapiente quas.','Architecto reiciendis at est perferendis rem voluptates ut. Ex sed voluptas nihil animi sed. Quia totam enim officiis voluptas accusamus corporis vel. Adipisci saepe id dignissimos porro ut optio asperiores.','90 x 43 x 10',388,'Voluptatem nihil est consectetur nemo. Quasi cum dolorum repellat aperiam dolor ut. Id eos magni dolorum non delectus illum voluptatum. Consequatur sit modi ut laudantium.',3,101.00,'2020-03-19 20:07:29','2020-12-07 11:46:59'),(94,30,'Necessitatibus optio aliquid voluptate odit debitis sed quia.','Commodi voluptatem in eaque rerum neque. Cupiditate et suscipit eos possimus aperiam reprehenderit id provident. In aut est et iste. Quam accusamus ipsum tempore quae.','93 x 57 x 2',205,'Perferendis aut ducimus vel placeat ut. Aliquid perspiciatis voluptatem nulla et deserunt impedit incidunt. Ea dolores est recusandae deserunt porro. Non harum deleniti cupiditate corporis reiciendis natus.',4,760.00,'2020-11-10 08:47:13','2020-12-07 11:46:59'),(95,19,'Omnis ratione officiis voluptatem nam velit sint quaerat.','Reprehenderit et et similique molestiae porro. Doloribus deserunt tempore dolore sequi. Velit quisquam id nesciunt. Et id quo tempora aut.','95 x 42 x 6',361,'Aut nihil est eum voluptatibus. Itaque sapiente culpa laborum harum. Et eius aut omnis eum. Ut vero libero voluptatum.',5,1001.00,'2020-07-06 06:13:48','2020-12-07 11:46:59'),(96,7,'Ut rerum amet consequuntur placeat assumenda.','Voluptate sit est animi ut. Qui rerum veniam rerum tempora debitis atque qui est. Nam velit aut vel debitis. Dolorum optio est temporibus accusantium dolores itaque maxime. Beatae voluptatum voluptatem nobis error explicabo nam.','89 x 51 x 8',189,'Et quas consequuntur voluptates aut dolor. Aut eum porro non sit. Ipsa voluptas eligendi ipsum et eveniet est dignissimos. Magnam cupiditate doloremque consequatur.',6,628.00,'2020-05-29 18:38:49','2020-12-07 11:46:59'),(97,46,'Cupiditate error quia soluta occaecati quia qui dolorem.','Quasi itaque magnam nobis similique optio illum. Est beatae aut facilis sint et maxime. Numquam magni enim omnis quia id.','77 x 53 x 7',363,'Dolores maxime ipsa neque voluptas magnam ut qui. Aut totam beatae quia qui et rerum.',5,178.00,'2020-11-19 20:15:49','2020-12-07 11:46:59'),(98,9,'Impedit soluta porro adipisci quod magni.','Exercitationem quis enim explicabo eaque assumenda tenetur. Maxime blanditiis maxime quo sed quisquam voluptas dolorem. Modi eum earum qui et necessitatibus reiciendis.','94 x 55 x 9',248,'Autem eaque sunt nemo et quia. Delectus dolor est non culpa enim debitis. Quia iure vel hic.',9,190.00,'2020-09-10 06:28:35','2020-12-07 11:46:59'),(99,40,'Aspernatur sint iure ab sit est voluptas qui.','Et ex adipisci distinctio illo cum. Unde non ea laboriosam maxime. Qui vero suscipit nostrum.','83 x 69 x 1',150,'Illo nemo est nemo perspiciatis aperiam. Consectetur excepturi inventore cum doloremque. Ipsam consequatur iusto modi sint corrupti molestias est sapiente. Ea vitae odio excepturi.',2,1036.00,'2020-09-27 08:08:45','2020-12-07 11:46:59'),(100,39,'Nemo ullam molestiae molestiae cum possimus blanditiis voluptas.','Sunt hic tenetur hic omnis. Commodi sed non ipsam quas minima. Rerum adipisci quia nam quis suscipit rerum omnis.','82 x 42 x 4',3,'Dolorem id nostrum qui autem inventore sint quia eos. Eius unde vel architecto corrupti et quam. Amet voluptatem provident laborum quo quae.',5,196.00,'2020-07-24 09:21:32','2020-12-07 11:46:59'),(101,10,'Et impedit et amet eos et laudantium nulla.','Quos fugit cum dolorem eaque nobis. Consequuntur qui excepturi accusamus voluptas. Aliquid recusandae deserunt molestiae nesciunt nisi molestiae. In ea perspiciatis sed vel ipsa. Optio itaque rerum error et quibusdam nesciunt.','89 x 79 x 7',68,'Veritatis excepturi consequuntur facilis optio eligendi laboriosam. Sit distinctio minima odio tempora et mollitia nisi. Et nihil architecto quidem doloremque similique. Voluptate sed est dolor ab autem.',6,117.00,'2020-08-18 19:47:08','2020-12-07 11:46:59'),(102,64,'Delectus voluptates tenetur explicabo corrupti pariatur nemo tempora.','Pariatur assumenda minima et est voluptatem expedita. Similique aut praesentium facilis aut unde quam sit. Sit velit pariatur est voluptatem hic. Nemo quia et eum voluptate dolorem facilis odio voluptates.','51 x 47 x 7',329,'Reiciendis non beatae quod doloremque enim reiciendis et. Dolorum vel est odit. A numquam ex sapiente omnis veritatis dolor. Eaque dolor quasi at magni eos porro blanditiis.',4,773.00,'2020-09-14 07:17:29','2020-12-07 11:46:59'),(103,26,'Et vero et aliquam aut eveniet facere.','Dolores ut consequatur dolores voluptate numquam. Ipsa corrupti aut adipisci corrupti molestiae. Dolor quo molestiae debitis earum dolorum.','66 x 60 x 1',439,'Molestiae vitae labore ipsam nihil asperiores. Aut adipisci eveniet sit odit et iusto. Omnis ex asperiores minus quae dolor deleniti blanditiis.',1,177.00,'2020-04-28 20:45:12','2020-12-07 11:46:59'),(104,10,'Ut maxime aut et quis.','Et rem repellendus fuga. Tempora sed voluptas voluptatem molestiae dolore. Tempore fuga ipsa aliquam et ex.','79 x 62 x 5',207,'Dolorem rerum fugiat odio ut quam sit consequatur nulla. Explicabo illum nemo minus cum. Similique voluptatem illum natus iste sit repellat dolores. Nemo qui maiores velit veritatis quia accusantium.',5,114.00,'2020-08-15 19:07:02','2020-12-07 11:46:59'),(105,11,'Atque eaque voluptatem nobis quisquam qui aut accusantium.','Quas nostrum esse eum adipisci nihil. Qui cum quae ea cupiditate nam voluptatem laudantium autem. Modi dolor perferendis eveniet. Modi facilis numquam nam temporibus vel minima.','74 x 31 x 7',217,'At possimus explicabo et et voluptatum aut eos veritatis. Commodi est modi sunt cupiditate ducimus hic eum. Eos quo voluptatem minus nostrum eaque.',5,119.00,'2020-11-14 12:55:42','2020-12-07 11:46:59'),(106,40,'Placeat consequuntur voluptatem voluptatem porro soluta ullam aut.','Eum consequatur omnis explicabo ullam consequatur. At iusto et magni vitae amet doloribus. Dolores suscipit molestiae sapiente at commodi. Modi aut iste officia alias quae aperiam.','57 x 70 x 7',463,'Earum asperiores ea nisi iste placeat unde officia. Enim accusantium minima id aperiam. Et consectetur ullam quasi et.',4,156.00,'2020-12-26 19:21:33','2020-12-07 11:46:59'),(107,33,'Dolore numquam vero rerum cum.','Eos iste quasi est recusandae. Perspiciatis maxime dolorem tempora corporis optio voluptatibus assumenda. Et vel consequuntur earum animi eius quaerat voluptatem. Aperiam culpa rerum dicta nisi.','83 x 56 x 6',165,'Enim iure sed autem facere quia. Dolorem repellat odit nesciunt ea molestiae laudantium. Nesciunt magni iste ratione omnis quo nesciunt.',4,121.00,'2020-05-18 14:08:43','2020-12-07 11:46:59'),(108,46,'Odit similique consequatur reprehenderit alias.','Sunt et vero odio deleniti veritatis ipsum maiores. Non quis aut officiis aut vitae. Cum est et vel suscipit dolor deserunt aut.','64 x 68 x 10',435,'Molestiae omnis placeat est assumenda quos quia. Sed excepturi non expedita.',9,465.00,'2020-09-25 12:03:37','2020-12-07 11:46:59'),(109,62,'Inventore facere laboriosam rerum culpa ut.','Eos nisi doloremque enim totam. Possimus in et tenetur rerum.','64 x 65 x 7',178,'Dolorem quibusdam et porro. Et autem quia eos aut. Natus non ut et consequatur. Ut omnis ut deleniti ut nesciunt fuga dicta.',6,697.00,'2020-10-02 00:23:22','2020-12-07 11:46:59'),(110,42,'Sint ullam et ut.','Quam in beatae fuga nobis sit illo. Et magnam modi quaerat. Sit fugiat porro autem.','57 x 68 x 4',84,'Ex dolorem ipsum exercitationem velit harum voluptas. Accusamus nesciunt voluptatem vitae perferendis eos. Voluptatibus qui dolorem est iure.',1,989.00,'2020-09-10 22:10:43','2020-12-07 11:46:59'),(111,23,'Nesciunt illo vitae qui labore incidunt hic.','Sed quo ex porro sit asperiores id commodi. Nihil reiciendis nobis ratione qui sunt asperiores. Labore ea sed reprehenderit nobis voluptatibus. Voluptatem commodi quia non. Est aperiam nihil facere recusandae aut.','83 x 39 x 10',389,'Nihil quis labore in porro ut corrupti. Asperiores quia sit laborum enim. Vitae iste dolore explicabo quisquam et. Possimus animi iste autem incidunt ut.',2,755.00,'2020-12-05 03:36:44','2020-12-07 11:43:36'),(112,52,'Consectetur tenetur amet rem error.','Odit voluptate et explicabo dolorem dolores. Ullam eius autem sapiente odio et suscipit. Veritatis repudiandae repellendus quos alias fuga unde cupiditate.','59 x 32 x 8',189,'Laborum ipsum nam cupiditate facere esse ipsum eligendi sed. Aliquid eveniet vitae beatae. Aliquid doloremque officia et. Quo reprehenderit aut eaque atque similique ab.',8,707.00,'2020-02-15 09:31:59','2020-12-07 11:46:59'),(113,62,'Quam voluptatem aspernatur voluptates quae sequi aut quam.','Delectus quia alias est quod ea enim. Autem voluptatem sunt consectetur accusantium. Ipsum aperiam similique ratione. Et vel quis molestias consequatur ut rerum a.','69 x 71 x 10',278,'Hic et hic totam repellendus molestiae voluptatem corrupti omnis. Doloremque vero veritatis voluptas sed ducimus quod commodi. Ut voluptatem sed nihil et vel provident quis. Sit nisi reiciendis culpa.',2,172.00,'2020-11-24 20:36:28','2020-12-07 11:46:59'),(114,18,'Dolor quia et quis laboriosam est quae.','Minus blanditiis omnis optio corrupti est quam adipisci earum. Dicta nesciunt et velit dolores aliquam enim. A quaerat accusantium excepturi quaerat aut dolor.','73 x 46 x 3',324,'Velit eveniet sed placeat at suscipit id. Dolorem distinctio doloremque modi provident modi voluptas. Qui odit animi veritatis corrupti. Reprehenderit rerum vero dolores adipisci quia reprehenderit libero.',5,638.00,'2020-02-20 20:09:24','2020-12-07 11:46:59'),(115,39,'Officiis nemo et suscipit quia sed ad sed.','Sunt earum deserunt totam voluptatem. Molestias excepturi aut voluptas perspiciatis iure animi consequatur quasi. Eos quo quia beatae sit laborum non ab. Natus facilis aut in.','73 x 52 x 9',283,'Est harum quis rerum. Autem expedita pariatur odit et ducimus. Et rerum voluptates eligendi minus. Provident amet praesentium pariatur consequatur esse aut.',6,122.00,'2020-07-14 18:38:07','2020-12-07 11:46:59'),(116,7,'Sint fuga expedita ipsa mollitia voluptatum labore voluptatem.','Possimus beatae aut deserunt eos aperiam ab. Animi explicabo eveniet rem nostrum vel vel aut. Incidunt sed et voluptatem soluta natus occaecati dolores officiis. Esse soluta facere eos non sed.','92 x 65 x 1',446,'Non et ad blanditiis minus officia quidem ea voluptatem. Asperiores hic quis facilis voluptates ut rem. Voluptatem quam eum praesentium qui molestiae itaque quia architecto.',6,121.04,'2020-09-10 00:27:55','2020-12-07 11:46:59'),(117,51,'Настольная игра \"Арктика\": на 2-4 игрока','Арктика - стратегическая семейная игра, в которой участники превратятся в охотников севера: белого медведя, косатку, тюленя или эскимоса.','25 x 25 x 6',770,'Арктика - стратегическая семейная игра. Передвигая льдины и перемещаясь по игровому полю, охотники стараются поймать добычу. Однако каждый из них и сам может стать едой!\nКаждый охотник - уникален . \"Арктика\" - игра с ассиметричными ролями, в ней каждый герой обладает своими сильными сторонами и охотится на определённую добычу.\n- Белый медведь – самый крупный наземный хищник. Он быстро передвигается по льду, и готов напасть на каждого.\n- Косатка – быстрый и хитрый морской хищник, никто не сравнится с ней в скорости в воде. Однако от неё можно спрятаться на суше.\n- Тюлени плавают как рыбы, ей же и питаются. А вот по льду тюлени передвигаются медленно. Они могут стать добычей.\n- Эскимос не столь быстр как остальные охотники, зато умеет охотиться в любых условиях. Например, может добывать рыбу из-подо льда. Свои запасы хранит в снежном доме – иглу.\nЛёд дрейфует и тает. Большое шестиугольное игровое поле изменяется с каждым ходом, ведь участники могут передвигать льдины и управлять их таянием. Это помогает добраться до соперника или спастись от преследования.\nАрктика - это простор для тактических маневров. Можно тщательно спланировать атаку или же, наоборот, рискнуть и получить добычу побольше. В этой игре всегда надо быть настороже!\nКрасивое игровое поле с белоснежными льдинами и 15 деревянных фигурок помогут игрокам почувствовать дыхание севера и погрузиться в атмосферу Арктики.',1,1490.00,'2020-03-25 17:03:14','2020-12-11 09:17:06'),(118,34,'Sit et velit incidunt debitis id.','Modi quia at rerum enim. Rem quo exercitationem mollitia quasi et sint. Omnis quo nostrum quod sunt sit et occaecati.','93 x 70 x 5',49,'Dolore reprehenderit unde non blanditiis placeat delectus. Harum molestiae asperiores quia reprehenderit. Voluptates atque voluptate ut odit commodi.',9,868.00,'2020-09-27 01:00:37','2020-12-07 11:46:59'),(119,16,'Laborum praesentium nihil suscipit magnam.','Adipisci voluptatem iusto non cum quia sunt. Fugiat qui ut quis vel quia. Rem temporibus labore non consequatur ut rem. Non et incidunt quae excepturi ut et numquam id.','51 x 62 x 2',112,'Omnis porro similique consectetur quis illo dolore eaque. Reiciendis aut maxime voluptatem laboriosam minus. Et aut vel consectetur doloribus ad eum deserunt.',9,509.00,'2020-10-07 14:05:48','2020-12-07 11:46:59'),(120,44,'Alias veniam voluptate amet sit sit vel voluptatum.','Excepturi non id quis eum consequatur illum quis. In suscipit sed ut minima nisi aut. Et eveniet cumque atque sit minima voluptates officia omnis. Sit distinctio provident suscipit perspiciatis soluta.','50 x 52 x 2',411,'Sequi cumque debitis impedit dolore. Quaerat placeat provident ducimus numquam eveniet nesciunt. Ut non tempora sint sunt saepe alias voluptatem.',5,844.00,'2020-04-25 06:10:23','2020-12-07 11:46:59'),(121,38,'Consequatur aut est sit quis.','Voluptatibus aut adipisci rerum blanditiis quo. Praesentium qui ipsum totam rerum. Impedit rerum fugit omnis voluptatem aut quos quis. Vel quo animi reiciendis quasi.','82 x 62 x 4',222,'Dolor error tenetur qui dolores quos. Quo molestiae voluptate molestiae iusto vel ipsam dolores vero.',1,595.00,'2020-08-18 16:08:48','2020-12-07 11:46:59'),(122,59,'Quisquam temporibus magnam veniam ut.','Rerum sunt iste dicta tempora velit beatae velit. Quo quia nemo eum autem eos maxime. Doloribus et possimus cupiditate tempore nesciunt.','86 x 59 x 9',374,'Facere ut aut numquam ipsam magnam ab quia. Ut minima voluptates dicta et aspernatur harum. Delectus quidem at reprehenderit excepturi aliquam magnam sit non. Nesciunt consequuntur ipsum tempora.',2,142.00,'2020-06-09 12:31:34','2020-12-07 11:46:59'),(123,49,'Est autem quia quia unde.','Libero eius magni sed magni et sit ducimus. Delectus eveniet sunt omnis inventore totam hic facilis. Qui rerum rerum quae perferendis tenetur. Illum magnam dolores et veniam soluta corrupti veniam.','67 x 40 x 1',204,'Fugit eveniet rerum natus dignissimos. Facere dolorum sint molestiae soluta molestiae et omnis quo. Dolore ab facere nihil sequi voluptas impedit voluptatem at.',1,341.00,'2020-11-17 23:16:06','2020-12-07 11:46:59'),(124,6,'Ipsam ea odit earum explicabo eum voluptatem.','Itaque ratione in atque animi minima cumque perspiciatis voluptatem. Voluptatum qui incidunt quia sit nesciunt ad ea. Omnis vitae et voluptatem veniam. Animi voluptates quidem vel tempore a. Et excepturi officiis repellat sunt totam quis.','83 x 39 x 9',397,'Hic recusandae aliquam porro soluta cupiditate et similique. Eveniet dolorum voluptas sapiente ut. Aut ab aliquid nostrum totam. Repellendus nam non quod ratione et.',9,143.00,'2020-05-23 20:02:55','2020-12-07 11:46:59'),(125,58,'Omnis suscipit ipsa quas exercitationem.','Eaque molestias corporis nostrum ab porro voluptatem voluptates unde. Consectetur in voluptatem velit odio. Velit at doloribus non. Ut voluptas dolores dignissimos est sapiente facilis.','97 x 30 x 3',372,'Quo quis commodi autem ipsum deleniti ut labore. Voluptatum at quas qui rerum qui fugiat dolorem ducimus. Nobis debitis rerum eos placeat adipisci.',7,191.00,'2020-02-05 12:34:16','2020-12-07 11:46:59'),(126,19,'Omnis ea pariatur id molestiae modi.','Consequatur nostrum non eaque sed animi autem eos. Quisquam iste ab molestias. Impedit in assumenda hic temporibus sed atque veritatis.','53 x 62 x 1',169,'Laboriosam quod ullam et ut sit iusto. Vitae ut esse hic laboriosam quod. Nihil illum aut ipsa accusamus neque est.',9,822.00,'2020-11-24 09:48:09','2020-12-07 11:46:59'),(127,52,'Tenetur et sit possimus blanditiis sit dolorem.','Ipsa et voluptatum quidem unde inventore. Nulla laboriosam error autem deleniti ut culpa. Quaerat quis blanditiis est ea. Aut expedita reprehenderit repellendus quia nam soluta.','70 x 69 x 8',228,'Eos quibusdam consequatur enim et aspernatur aspernatur dolore. Sint aut debitis et sunt incidunt.',8,989.00,'2020-12-28 03:09:59','2020-12-07 11:46:59'),(128,8,'Molestiae perferendis voluptatibus voluptatem sequi quos facere soluta.','Aperiam maiores nihil nihil dignissimos. Maiores est qui molestiae odio. Explicabo aliquam eius molestiae incidunt quod modi.','74 x 35 x 1',133,'Dolorem voluptas qui dolorem incidunt dicta. Rem consequatur minus non dolore. Delectus ratione blanditiis nam quasi nam asperiores sapiente animi.',2,128.00,'2020-11-29 02:36:11','2020-12-07 11:46:59'),(129,13,'Saepe ut ea libero voluptatem corporis.','Mollitia rem quas qui quo consequatur. Fuga aliquid consectetur ut rerum ducimus veritatis ullam cupiditate. Quos odio in enim minus repellendus itaque est sint. Exercitationem provident molestiae quis delectus consequuntur fugiat et.','55 x 44 x 2',481,'Deserunt facere perspiciatis facilis provident voluptatum. Earum ut cupiditate ad minus et est quia. Tempore optio laborum ea est qui totam.',1,165.00,'2020-08-27 14:46:15','2020-12-07 11:46:59'),(130,40,'Qui dolor reprehenderit pariatur numquam.','Impedit nihil sit fugit aliquid culpa similique in. Ut dignissimos molestias voluptatem et. Sint quo unde in quidem repudiandae mollitia at.','84 x 34 x 5',4,'Laudantium quam molestiae vel quidem. Saepe libero debitis reprehenderit illo ea corrupti ut laborum. Dolor quasi necessitatibus et quia voluptatem. Esse facilis voluptas harum id fuga a. Unde rerum fugit beatae.',6,377.00,'2020-04-17 01:42:20','2020-12-07 11:46:59'),(131,29,'Qui exercitationem saepe aspernatur cupiditate.','Dignissimos mollitia voluptas rerum quo. Fugit provident quam eveniet quidem omnis distinctio. Et inventore atque eos maiores.','91 x 71 x 8',75,'Itaque sed vel magnam. Ipsam tenetur veniam et sit est et laudantium quia. Placeat aliquam ut aut nihil voluptatibus sunt. Molestiae magni in molestiae et.',4,477.70,'2020-03-28 00:15:24','2020-12-07 11:46:59'),(132,26,'Perspiciatis expedita animi aut sit aspernatur dolore nemo.','Sit quos sunt deserunt et. Inventore nemo eum molestiae sunt unde qui enim alias. Dolores nihil voluptatum et voluptatem voluptas.','57 x 56 x 3',366,'Laborum et sint odio rerum eligendi architecto dolores voluptas. Corporis rem dolores dignissimos a cumque nesciunt sunt. Perspiciatis enim et suscipit consequuntur eos inventore iusto.',2,821.00,'2020-07-18 19:42:07','2020-12-07 11:46:59'),(133,42,'Qui accusantium hic vero omnis.','Repudiandae et distinctio aliquam veritatis debitis. Eos suscipit laborum amet culpa cupiditate. Molestiae vero totam voluptatem eius id quis amet. Blanditiis eum dolores aut laborum.','82 x 54 x 6',102,'Laborum vel recusandae doloribus ea esse voluptatem fuga nam. Dolores nemo amet velit eos. Autem dicta et aut illum delectus voluptatem.',9,141.00,'2020-08-17 19:40:28','2020-12-07 11:46:59'),(134,65,'Rem repudiandae veritatis tempore perspiciatis praesentium dolorum ipsum voluptas.','Rerum repellat quas velit ea omnis dolor. Consequatur ratione assumenda aut veritatis autem laboriosam. Nesciunt ipsa eligendi iure dolore sint consectetur ut. Quia veniam excepturi libero voluptas autem molestiae. Nihil vero itaque cum autem nemo.','56 x 35 x 2',414,'Eius vel quia qui eum repudiandae recusandae. Ut aliquid ea architecto velit eum eaque. Non harum corrupti optio rerum quidem. Quis molestiae quibusdam ut odio.',4,112.00,'2020-10-06 14:45:24','2020-12-07 11:46:59'),(135,66,'Sapiente labore animi excepturi aut voluptas.','Voluptatem omnis debitis iure eligendi occaecati nemo ratione. Aspernatur perferendis et laboriosam et harum. Fuga dicta est vel qui totam.','74 x 76 x 3',264,'Quis ad debitis laudantium dolorem porro odit et. Mollitia culpa rerum cupiditate tempore. Debitis animi iure assumenda est et.',8,873.00,'2020-04-23 03:27:32','2020-12-07 11:46:59'),(136,7,'Corporis quis autem id a.','Enim maiores repellat quis. Fugit totam id accusantium ex explicabo nihil numquam. Mollitia veniam sit odit quia explicabo. Sit eum veritatis aut facilis reprehenderit voluptates voluptatibus.','65 x 75 x 6',77,'Ea vel sunt autem soluta et. Minima aut ab ipsam velit. Numquam dicta quidem dignissimos qui. Officiis qui aperiam enim possimus.',4,804.00,'2020-01-15 02:55:59','2020-12-07 11:46:59'),(137,10,'Natus aut voluptatum mollitia maxime autem ea provident.','Sed aperiam commodi eveniet voluptates excepturi. Omnis corrupti rerum et sit explicabo. Aut mollitia ex quas unde accusantium recusandae.','62 x 54 x 7',91,'Quisquam illum porro doloremque aspernatur laboriosam. Perspiciatis odit quidem pariatur placeat sed sed debitis molestias. Dolores fuga tempora aliquam provident. Et magnam delectus enim adipisci omnis nobis velit. Nobis odio ab praesentium non occaecati repellat eum.',6,966.00,'2020-02-14 04:21:44','2020-12-07 11:46:59'),(138,43,'Aut dolores dolore laborum consectetur.','Esse aut eum aut natus omnis. Qui ab rerum est sit iure sit dolores aut. Sunt a quas cum quis et maiores et nulla. Optio cum quae at ut sunt sint error ex.','50 x 76 x 7',222,'Et accusantium eaque in aliquid. Vel pariatur rerum molestiae ea qui quae odit. Odio tempore vel velit. Aliquam animi facilis esse blanditiis.',2,301.00,'2020-06-04 02:42:52','2020-12-07 11:46:59'),(139,52,'Cum et molestiae tenetur cumque esse.','Id vel id vitae et minus. Ipsa praesentium alias iste.','62 x 53 x 6',340,'Non accusantium vero facilis eos est voluptatum ipsam. Quia hic autem et ratione quam ex. Nihil corporis facere vel officia unde suscipit.',9,137.00,'2020-01-23 19:17:36','2020-12-07 11:46:59'),(140,65,'Necessitatibus labore maxime omnis omnis.','Ipsam iste provident perspiciatis numquam vitae debitis. Non eum omnis quos veritatis. Quam alias voluptatem ipsa corrupti nihil. Tempora dolor ut qui accusamus.','65 x 75 x 7',33,'Laborum et aut libero tempore maiores. Aut ipsa reiciendis ut iusto porro. Odit et optio sint sed labore dolorum. Similique unde nam minima deleniti illo libero non.',9,992.00,'2020-05-26 20:39:51','2020-12-07 11:46:59'),(141,37,'Aut voluptatibus sed earum sint magnam.','Molestiae modi distinctio distinctio blanditiis voluptatem ut. Qui earum totam maxime asperiores distinctio. Minima aut quis beatae quia impedit culpa delectus.','69 x 35 x 4',144,'Officiis aperiam ut id suscipit eligendi nobis magni. Repellendus voluptas a non veniam laborum. Unde ut eos accusantium sit et est. Amet voluptatum et eveniet blanditiis delectus ipsa quidem.',8,150.00,'2020-12-11 23:14:59','2020-12-07 11:46:59'),(142,58,'Deleniti labore eos adipisci.','Ex quas error et ab voluptatem. Praesentium commodi facilis aut dolorum. Est enim delectus et et.','69 x 76 x 5',118,'Molestiae omnis et possimus sed. Fugiat qui quo ullam. Perspiciatis maiores quasi voluptate vel quas enim adipisci. Ut quis velit eius nostrum et ut commodi eos.',5,959.00,'2020-10-23 16:06:30','2020-12-07 11:46:59'),(143,35,'Omnis neque exercitationem eveniet eligendi.','Ullam aut ea adipisci quo. Sint et quasi ut vitae voluptas eos est. Et esse neque fugit culpa et. Qui soluta commodi ratione officiis non assumenda.','79 x 57 x 10',161,'Veniam repellat sed molestias doloremque totam saepe. Eos nihil repellat perspiciatis. Est voluptatum nisi harum tenetur fugit.',8,719.00,'2020-12-15 16:16:07','2020-12-07 11:46:59'),(144,7,'Quam at amet nostrum ullam.','Et ut neque dolores ut qui repudiandae. Distinctio culpa dicta voluptas sunt quisquam ratione rerum.','50 x 42 x 3',448,'Ut maxime ratione sequi voluptatem quisquam tenetur dolores. Odio et vitae et quis quod eveniet reprehenderit.',3,617.00,'2020-06-28 16:30:26','2020-12-07 11:46:59'),(145,60,'Perspiciatis qui qui rerum quas.','Libero et voluptas fugiat officia veniam. Aut quis cum quis quod repellat nulla omnis nobis. Aliquid molestiae dolorem libero id tempore vel rem voluptatem. Similique commodi voluptatibus quasi sed voluptas.','75 x 68 x 4',259,'Eum odit blanditiis beatae iusto maiores adipisci aliquid rerum. Quasi corporis facere ullam consequuntur. Necessitatibus neque natus provident ullam rerum. Quibusdam molestiae perspiciatis provident magnam aut labore.',5,830.00,'2020-10-17 06:34:25','2020-12-07 11:46:59'),(146,14,'Nihil omnis aut et laudantium.','Tenetur quas ut est ut recusandae rem. Magnam incidunt voluptates velit voluptatem. Nobis vitae aliquam rerum aut eveniet odio rerum.','71 x 33 x 1',449,'Sunt est doloribus eos repellat cupiditate id est. Beatae voluptas pariatur molestiae sit. Omnis quia enim laudantium quos tenetur voluptas qui laboriosam. Recusandae eos quis aut et deleniti rerum ut.',8,553.66,'2020-07-15 10:50:54','2020-12-07 11:46:59'),(147,24,'Ipsam et est totam tempora harum dicta.','Dicta veniam quia labore quo. Officia maiores in eos nobis id est ut. Nam est a molestias dolore est. Enim culpa voluptas et.','50 x 75 x 6',470,'Et ipsum molestiae sint eos perspiciatis. Et harum minus ullam rerum exercitationem sit. Reiciendis quos et aspernatur laboriosam expedita dolores ut labore.',8,199.00,'2020-07-08 08:24:54','2020-12-07 11:46:59'),(148,13,'Molestiae quisquam vero facilis eveniet aspernatur exercitationem.','Illo nostrum perspiciatis est id neque cumque. Corrupti eius harum nesciunt omnis sed earum autem. Non omnis est id qui. Sit dolor est et.','93 x 71 x 6',500,'Ipsam ducimus expedita eos. Incidunt aliquid itaque fugit enim modi error. Ab pariatur est corrupti eum harum molestiae. Iusto similique cupiditate temporibus molestiae illum.',7,406.00,'2020-10-10 17:59:12','2020-12-07 11:46:59'),(149,55,'Accusantium fuga et nulla natus.','Doloribus laudantium doloremque unde quia quae non. Minima corrupti ipsa libero sed ad doloremque voluptas in. Enim ut eos architecto voluptas tempora provident tenetur. Eligendi porro totam explicabo ea.','51 x 63 x 3',90,'Laborum dolorem delectus nam aut. Tempore cupiditate maiores iusto et numquam est omnis. Ut et culpa voluptas nemo. Saepe accusantium vel est voluptatem nisi. Corrupti et cum mollitia ut voluptas dolorum.',4,333.00,'2020-04-22 08:10:32','2020-12-07 11:46:59'),(150,38,'Sapiente aut voluptatem itaque provident.','Occaecati quibusdam expedita sed vero molestiae. Dolore ut autem explicabo nihil quia tenetur aut dicta. Architecto voluptatem quam temporibus architecto. Sapiente saepe ad qui suscipit molestiae possimus accusantium.','57 x 33 x 10',450,'Veniam non aut accusantium sed est fuga. Delectus praesentium aut veniam labore delectus aut magnam modi. Et sit nulla fugit. Culpa rerum consequatur quibusdam.',6,347.00,'2020-07-13 02:07:17','2020-12-07 11:46:59'),(151,26,'Beatae nihil dolorem explicabo omnis omnis inventore est.','Quo sed dolorem qui itaque consequatur. Odio odio doloremque reiciendis magni voluptatem fugiat placeat cupiditate. Cumque soluta est delectus quaerat et dolore. Quidem quas ipsa officiis optio dicta nostrum incidunt vero. Nemo qui qui qui in aliquid qui nam.','65 x 73 x 4',480,'Adipisci facere quae quam. Quia ut tenetur qui tempora velit repudiandae. Ab voluptatum architecto totam.',1,636.00,'2020-07-19 19:25:55','2020-12-07 11:46:59'),(152,17,'Dolorem repudiandae sit accusamus sint rem sed repellendus.','Sint hic nihil libero eveniet sed. Animi ullam ab possimus debitis. Dolorem consequatur vel consequatur delectus nobis.','68 x 62 x 2',51,'Dolorum a ut dignissimos perferendis officia blanditiis sit. Nihil non quaerat iure qui. Officia magni omnis vero repellendus sit id repellat.',6,1042.00,'2020-04-10 05:53:57','2020-12-07 11:46:59'),(153,9,'Enim dolor expedita dolor est est non eos.','Sunt totam dolore eos odio aut. Quasi quisquam nobis nobis perspiciatis. Nisi et officia hic pariatur voluptas quaerat. Consequatur animi officiis non quam ipsam molestiae.','85 x 37 x 7',313,'Quia et soluta odio aut. Necessitatibus cumque et deserunt voluptas perferendis. Eligendi asperiores qui dolorem recusandae nesciunt architecto.',7,141.00,'2020-12-01 17:30:10','2020-12-07 11:46:59'),(154,37,'Et consequuntur maiores voluptatem omnis molestiae dicta illum.','Deserunt officiis possimus officia aut unde reprehenderit architecto. Impedit enim maxime quis veniam sed saepe. Error in vel ab tempore alias nam similique. Voluptatem ex ut qui neque expedita tenetur nesciunt. Placeat eius molestiae sed ut sint.','79 x 36 x 9',410,'Nihil dignissimos eos incidunt aut ex. Assumenda sapiente impedit laudantium similique iusto. Id porro praesentium velit.',1,155.00,'2020-10-16 11:21:52','2020-12-07 11:46:59'),(155,40,'Pariatur inventore omnis voluptatibus ut architecto est ipsam.','Impedit voluptatibus id unde atque dicta. Ipsum amet quaerat qui exercitationem aperiam rerum qui.','98 x 43 x 5',113,'Soluta animi optio odio sed magni sed vero. Dolorem fuga omnis nihil qui porro aliquid veritatis. Neque laboriosam voluptas cum sint aliquam. Ut architecto dolorem tenetur quia.',2,200.00,'2020-07-04 15:49:22','2020-12-07 11:46:59'),(156,20,'Et culpa modi alias harum ea et.','Et tempora repudiandae odio. Enim pariatur quae atque dolor qui. Sit veritatis consectetur rerum vel aspernatur explicabo. A soluta magnam minima cumque animi velit dolores quia.','61 x 74 x 9',332,'Explicabo non alias voluptatem nihil et dolor corrupti. Voluptatem similique excepturi aspernatur rerum nihil. Aut velit repellendus placeat quibusdam ut dolores recusandae.',3,152.00,'2020-01-06 12:16:29','2020-12-07 11:46:59'),(157,47,'Ab ut sunt voluptatem voluptatibus est vitae.','Sed qui inventore ad pariatur harum inventore. Rerum sed molestiae deleniti maiores repudiandae. Sunt non repellat libero officiis quasi nobis quia. Odio harum qui rerum magnam saepe repellendus.','67 x 46 x 7',322,'Enim ut sint porro dolor voluptas reiciendis maxime. Aut aut ut dolores deleniti error repellendus. Rem beatae minima ea itaque pariatur corrupti qui beatae.',2,776.00,'2020-06-17 11:22:29','2020-12-07 11:46:59'),(158,43,'Pariatur ut est sed et culpa.','Corrupti eos cupiditate qui aut quibusdam. Voluptatem possimus harum ut et sequi ut libero. Beatae laborum qui id explicabo nam quam.','51 x 48 x 8',115,'Consectetur hic magni delectus id sit. Non reiciendis mollitia quia ut sit quis. Ducimus autem cum eius.',8,538.00,'2020-05-16 16:32:45','2020-12-07 11:46:59'),(159,7,'Cum veniam id non.','Voluptas impedit quisquam velit est nihil. Aliquam impedit impedit quae adipisci minus. Aliquid odio et exercitationem provident quia aliquam.','76 x 53 x 8',108,'Eaque est libero nam. Perspiciatis ducimus explicabo ut eos quis minima voluptatem quos. Odio doloribus rerum velit labore sit laudantium consequatur. Aut dicta dicta quam saepe aut.',1,178.00,'2020-11-23 02:03:10','2020-12-07 11:46:59'),(160,36,'Nihil rerum explicabo eum eum.','Vero voluptas adipisci eligendi alias cupiditate eos quia. Dignissimos iste dignissimos rerum ullam laborum. Optio eveniet neque libero voluptatibus debitis sed qui. Repudiandae earum provident ut debitis non eum quae.','74 x 35 x 1',194,'Ducimus quasi dolor aperiam dolorum assumenda nulla mollitia. Minima illum quod voluptatem dolor labore esse. Officia nostrum debitis enim autem vero earum velit.',5,465.00,'2020-12-18 09:45:39','2020-12-07 11:46:59'),(161,30,'Est pariatur fuga qui sapiente.','Soluta ea laudantium quaerat non molestiae libero alias. Laborum delectus soluta ratione doloribus. Dolores assumenda consequatur similique impedit. Qui consequatur eligendi sint maxime ipsa optio unde. Exercitationem accusantium mollitia et ut neque enim vel.','98 x 65 x 7',147,'Similique deserunt ullam temporibus aut sunt soluta vel. Recusandae aspernatur unde omnis omnis facere velit corrupti qui. Odit reprehenderit sed dolore non quia accusantium.',9,194.00,'2020-05-29 17:02:46','2020-12-07 11:46:59'),(162,32,'Rem odio et facilis.','Voluptatem eligendi cum consequatur aut natus. Consequatur alias labore labore aperiam eos. Corporis quas ad ipsam sed porro magnam. Provident ex quis et dolore ullam quaerat maiores dolorum.','50 x 38 x 9',150,'Architecto dolores ut dolore molestiae voluptatum. Dolorum corporis et officiis doloribus dolores et accusantium. Id est debitis fugiat ut accusamus.',1,691.00,'2020-10-09 20:57:46','2020-12-07 11:46:59'),(163,7,'Deserunt ut minus vitae dolorum ab.','Est aut est facere sed. Eos explicabo earum voluptate debitis ipsum. Quod corporis quis assumenda. Mollitia qui quo nesciunt quod nihil est.','81 x 61 x 3',309,'Laboriosam mollitia cumque magni quia numquam nisi omnis quos. Minima est velit vel velit magnam ut similique. Aspernatur culpa quasi ab nostrum perferendis.',8,960.00,'2020-03-27 02:07:09','2020-12-07 11:46:59'),(164,8,'Facilis soluta ut molestias aliquam vitae commodi ut cupiditate.','Alias voluptas quia consectetur exercitationem. Vero quis dolore officiis accusamus eius beatae magnam. Corporis ut ut consectetur natus. Quia laudantium saepe quae est sequi rerum.','67 x 32 x 3',96,'Laborum est voluptatem enim et quibusdam officiis maiores. Incidunt sit itaque omnis vero nesciunt. Eum velit repellendus possimus ut esse. Voluptas nam voluptatem enim eius temporibus dignissimos sunt.',8,112.84,'2020-06-06 00:48:07','2020-12-07 11:46:59'),(165,15,'Esse delectus nam velit commodi facere accusamus exercitationem sint.','Voluptas deserunt veniam ad iure iusto. Hic doloribus sit rerum. Fuga alias ea incidunt odit ut qui. Officiis consequatur ut quo velit.','95 x 74 x 8',50,'Officiis dolore deleniti tenetur iste magni et. Suscipit qui impedit excepturi ipsum totam tempore eum in. Rerum hic esse explicabo explicabo id.',2,626.00,'2020-09-24 04:47:02','2020-12-07 11:46:59'),(166,53,'Aut voluptates est repellendus autem.','Dolore minima magnam praesentium est voluptatibus ut. Adipisci occaecati illo eos assumenda magni ut. Omnis cupiditate molestiae sapiente.','93 x 40 x 5',464,'Est et nobis quod. Dolorem libero provident eos recusandae qui. Explicabo fugit nesciunt eius excepturi. Eum et omnis sequi possimus rerum.',6,118.00,'2020-10-05 09:29:10','2020-12-07 11:46:59'),(167,22,'Nostrum aut animi optio inventore et aut consequatur.','Atque aut cupiditate cumque perspiciatis maiores debitis. Maiores praesentium sunt at. Cupiditate voluptatum quam adipisci voluptatem adipisci quo. Doloribus ut quo dolorem modi architecto. Nihil quis suscipit et sed ea omnis.','88 x 49 x 7',169,'Cupiditate quaerat maiores deserunt dolor praesentium nisi asperiores. Eum doloribus corporis exercitationem et sunt impedit. Dolore ipsam consectetur quis id.',4,151.00,'2020-11-18 17:52:51','2020-12-07 11:46:59'),(168,14,'Et fugiat ipsa provident iste et sed ex.','Mollitia quia quisquam sed. Assumenda debitis at ad eveniet nam. Veritatis aspernatur delectus dignissimos ex libero impedit sunt. Ut consequuntur quod qui animi dolor voluptatum.','94 x 60 x 5',452,'Soluta in necessitatibus molestiae voluptatum maxime. Rerum ut provident sed accusantium commodi. Quasi eum dolorum sit laudantium.',1,722.67,'2020-10-31 15:30:13','2020-12-07 11:46:59'),(169,10,'Vitae velit quidem fuga facere.','Doloribus sint dolor magnam et. Sit ut et adipisci consequatur. Velit velit dicta non tenetur. Inventore quia nisi natus et quo eum totam. Dolorem rerum porro eum eum occaecati voluptate.','60 x 69 x 4',253,'Odio qui architecto et doloremque atque nam placeat. Quia non nihil omnis totam. Consequuntur modi enim sit atque nihil. Non delectus ab accusamus voluptatem et.',7,778.00,'2020-01-03 17:55:53','2020-12-07 11:46:59'),(170,47,'Et non corporis magnam.','Molestiae culpa saepe amet dolorem qui magni consequatur vero. Doloremque qui ut fugit quidem. Amet et est sequi vero reiciendis iusto dolores. Non unde quasi rerum eum.','74 x 44 x 1',409,'Iure dolore quia officiis quam autem sed quaerat. Exercitationem et quo iste vero vel quia. Aut inventore sit aliquid quia occaecati sint est. Molestiae iure quod sunt occaecati.',5,337.00,'2020-11-16 14:10:58','2020-12-07 11:46:59'),(171,24,'Veniam tempore facere rerum sit quidem similique.','Adipisci eius libero et quo ducimus officiis error sunt. Ratione labore sit vero amet ex. Alias ad eos labore at minima.','58 x 70 x 6',283,'Mollitia itaque dicta voluptas harum quibusdam accusantium quia optio. Sapiente tempora sunt minima magni aspernatur sit. Nam facilis rem rerum esse nemo placeat aut. Eius illo neque adipisci.',4,326.14,'2020-01-19 00:20:08','2020-12-07 11:46:59'),(172,43,'Tempore omnis ducimus magnam quam aut quos ab qui.','Sequi eos beatae nulla ullam dolorum culpa. Sint ullam tenetur consequatur et ipsam quos neque.','62 x 63 x 6',189,'Explicabo et omnis unde qui necessitatibus. Hic omnis dolorem aut. Laboriosam facilis possimus sequi perspiciatis neque dolores.',6,250.00,'2020-12-20 13:08:46','2020-12-07 11:46:59'),(173,12,'Aliquam quod eos dolorem omnis maiores.','Assumenda quia corrupti facilis tempora. Culpa dicta quae aliquam dolores numquam qui quis qui. Cumque quia aut et illo est atque a. Ab nisi ullam doloribus ab fugit veniam.','92 x 56 x 1',93,'Perspiciatis ut impedit quo nostrum et. Sed excepturi suscipit ut et soluta excepturi consequatur. Quo minus consequatur et beatae saepe nihil. Consectetur neque qui maiores ut ipsa quidem.',7,105.00,'2020-07-10 09:03:43','2020-12-07 11:46:59'),(174,63,'Autem delectus nesciunt quis ut dolorem quasi.','Iusto quis sint quia beatae totam consectetur laboriosam. Dolor et ut quos dolorum earum nostrum porro quas. Quam repellat aliquid veniam odio eos saepe nulla eum. Fugit ratione rerum voluptatem voluptatem.','90 x 69 x 6',401,'Dicta veniam rerum recusandae in et minima voluptatem explicabo. Culpa delectus aut ipsa vero voluptate. Fugiat velit optio eius iure. Qui qui repellendus tempore veniam.',9,172.00,'2020-03-14 03:54:14','2020-12-07 11:46:59'),(175,14,'Quae id porro ut culpa aliquid possimus et.','Nulla dolorem asperiores quasi rerum. Praesentium libero mollitia voluptas at. Reiciendis consequuntur sunt cum eum officia accusantium reiciendis.','69 x 42 x 2',225,'Eos similique id repudiandae architecto ea beatae perspiciatis. Nobis iste aperiam repellat autem sed ut. Qui alias voluptate veniam. Rerum aut ab aspernatur necessitatibus ut quia ducimus.',7,144.00,'2020-12-07 11:24:14','2020-12-07 11:46:59'),(176,13,'Quo animi ut vel.','Dolor ipsa eaque voluptatibus a cumque doloribus cumque. Ipsa et maiores aut sunt adipisci tempore dolore.','89 x 59 x 7',422,'Dolore quasi repellat laboriosam molestiae perspiciatis tenetur. Laboriosam nulla porro nemo doloribus officiis iure impedit. Reiciendis repellat illo quo et. Rerum voluptate non amet asperiores corporis.',6,108.00,'2020-08-01 05:56:39','2020-12-07 11:46:59'),(177,20,'Numquam necessitatibus dolorem itaque beatae quia.','Voluptas ut eum consequatur quis corrupti. Molestiae dolorem perferendis magni aliquam maiores.','62 x 53 x 6',432,'Ut harum ratione labore omnis quae id. Exercitationem natus voluptatem debitis et occaecati est temporibus. Sapiente pariatur ea libero ipsam deserunt et.',1,140.00,'2020-08-03 09:08:19','2020-12-07 11:46:59'),(178,62,'Quam velit sit possimus.','Rerum maxime rem iste accusamus. Occaecati dicta minima tempora officiis harum.','72 x 58 x 5',393,'Doloribus eum est possimus dolores aliquam rerum voluptas rerum. Provident repellat neque quidem autem velit. Qui illo sed aut deleniti dignissimos voluptatem veritatis.',8,853.00,'2020-12-27 19:57:44','2020-12-07 11:46:59'),(179,53,'Quidem rem quisquam amet qui suscipit.','Omnis est facilis necessitatibus atque id aut. Est excepturi et odit dolorum libero est nihil. Ut sunt dolores et ut mollitia saepe.','82 x 70 x 1',172,'Porro aliquam eveniet eligendi provident perspiciatis ut reiciendis asperiores. Doloremque reiciendis quis sed. Amet iusto officia laborum ut. Modi voluptas reprehenderit nemo voluptatibus.',1,744.00,'2020-10-24 18:10:45','2020-12-07 11:46:59'),(180,10,'Ipsum consequatur qui quos dolorum sit.','Et excepturi dolorum sequi autem qui occaecati consectetur. Qui velit eveniet deleniti. Explicabo rerum est placeat velit placeat dicta saepe.','52 x 79 x 8',178,'Cumque non delectus accusamus molestiae dignissimos laborum et. Illum maxime et iure perspiciatis. Eum optio consequatur sequi corrupti voluptatem qui. Neque provident nesciunt eveniet corporis aliquid aliquid quia veritatis.',1,107.00,'2020-12-02 15:27:28','2020-12-07 11:46:59'),(181,24,'Cum ipsam ipsa quae tempore.','Adipisci id provident illo non. Voluptas qui dolor repellat excepturi labore optio sunt. Et ea voluptates eos. Laborum necessitatibus impedit officiis dolores.','92 x 77 x 3',375,'Ad occaecati provident mollitia sit. Blanditiis et soluta sint adipisci.',9,1060.00,'2020-09-24 16:27:13','2020-12-07 11:46:59'),(182,21,'Nihil voluptas laudantium voluptates non ipsam dicta accusantium.','Voluptatem reprehenderit minima quia earum magnam. Libero alias ipsa autem minus. Natus itaque ut eligendi est et culpa possimus.','62 x 59 x 2',339,'Veniam et corrupti eveniet accusamus qui. Dolores et facilis quia ab. Aut tenetur earum architecto qui.',7,971.00,'2020-09-16 20:30:31','2020-12-07 11:46:59'),(183,36,'Tempore nisi voluptate consectetur iusto.','Occaecati ipsam corrupti culpa sunt quasi molestias. Aut ab quis est eum. Consequuntur expedita a et officia voluptatum.','55 x 79 x 7',69,'Sint omnis expedita totam nobis. Animi aliquam est exercitationem doloribus et facere nobis. Id illo consequuntur ut quam.',5,576.00,'2020-11-05 09:53:59','2020-12-07 11:46:59'),(184,48,'Ut est repudiandae ea a.','Aut itaque vel amet dolore eos vel. Eos eum porro nobis praesentium molestias consequuntur. Numquam optio ab quaerat voluptate dolores assumenda distinctio.','71 x 35 x 3',329,'Inventore aut saepe tempora corrupti voluptatem temporibus esse velit. Vel nam nihil rerum dolor libero non. Est ut id est minima in laboriosam voluptatem. Sit voluptatibus quia consequatur aut.',4,869.00,'2020-05-20 10:24:12','2020-12-07 11:46:59'),(185,65,'Est eum enim in hic.','Vitae eius qui veniam ea modi sit eos eligendi. Delectus illum quia numquam eligendi minima eaque consequatur. Aperiam et quia ea esse aut consequuntur omnis. Distinctio distinctio dolores autem sed aut possimus nam. Nulla consequatur quam commodi tenetur aliquid.','51 x 46 x 6',438,'Officiis distinctio ipsam ea quos quos consequuntur quae expedita. Totam omnis nisi aut omnis voluptatem assumenda.',4,645.89,'2020-12-06 09:03:02','2020-12-07 11:46:59'),(186,50,'In labore deserunt magni sunt optio autem magni eveniet.','Minima ea quia saepe repudiandae dolorem modi inventore et. Reiciendis labore dolorem sed ipsa. Quibusdam enim et ut incidunt occaecati magnam quo.','94 x 63 x 8',202,'Suscipit qui at vero. Rerum corrupti dolore cum nulla et doloremque. Aliquam dolores neque ullam et nesciunt voluptatem vero. Laborum tempore et error cum sint.',3,514.00,'2020-09-14 10:26:54','2020-12-07 11:46:59'),(187,53,'Doloremque neque quia id dolorum.','Qui ea tenetur debitis atque repellat deserunt ea et. Eum aut voluptatum at consequatur ad esse deleniti. Voluptatibus sint quaerat rerum et. Accusamus consectetur est neque laboriosam.','77 x 60 x 5',197,'Reprehenderit dolores earum illum nam distinctio. Sed occaecati occaecati fugiat et molestiae. Delectus quo tempore cum atque. Sed voluptatem incidunt ab dolore.',8,865.00,'2020-08-06 17:30:50','2020-12-07 11:46:59'),(188,51,'Настольная игра \"Лесные истории\": на 2-5 игроков','Лесные истории -познавательная игра-приключение.','13 x 13 x 4',210,'Лесные истории -познавательная игра-приключение. В нашем лесу живут разные звери. У каждого из них есть своя любимая еда и места, где всегда можно найти что-нибудь вкусненькое.\nКак играть\n1. Выберите одного из лесных жителей.\n2. Все игроки одновременно решают, в какую из частей леса пойдут за едой их животные, и откладывают нужную карточку лицом вниз.\n3. Карточки местности открываются, все узнают планы друг друга и сравнивают их. Для животных, оказавшихся в одной местности, действуют определённые правила: более крупные животные пугают маленьких, более быстрые звери опережают медленных. Также зверей может спугнуть охотничья собака, бегающая по лесу.Не все лесные жители смогут пообедать в этот день!\n4. Игроки, животные которых получают еду, тянут карточки еды. Однако забрать себе могут только то, что ест их животное.\n5. Побеждает игрок, который первым полностью накормит своё животное.\nКому подойдёт эта игра?\n- Всем, кто любит животных\n- Юным исследователям окружающего мира\n- Семье для тёплого семейного досуга.',1,590.00,'2020-11-28 09:01:01','2020-12-11 09:17:09'),(189,29,'Ipsam fugit soluta ut harum.','Illo ut qui nihil quam. Facere voluptas eos ipsa harum perspiciatis laborum. Totam voluptatem autem ab sunt quibusdam consequatur placeat.','73 x 72 x 9',296,'Qui laudantium et consectetur architecto quia. Et ea architecto animi at assumenda at facere. Maxime consequatur quos sed voluptatum necessitatibus. Velit iure sint sed et.',2,723.00,'2020-12-24 21:51:18','2020-12-07 11:46:59'),(190,59,'Occaecati saepe harum neque ipsa corrupti nostrum et.','Enim dolorum sed voluptatem occaecati a. Ex dolorem perspiciatis optio sapiente. Sed odio ipsum aut odio dolor.','89 x 44 x 2',349,'Dignissimos laboriosam est ea dolor numquam vel quae. Amet velit assumenda nesciunt rerum officia reiciendis. Et nulla nostrum rerum sit officia. Adipisci error voluptas magni sint.',6,464.00,'2020-08-20 09:57:47','2020-12-07 11:46:59'),(191,7,'Quod ut rerum nihil recusandae est qui.','Sunt rerum magnam dolorem soluta quo consequatur consequatur. Consequatur non rerum sunt et occaecati qui quia necessitatibus. Quis autem et voluptates deserunt vel vero quis perferendis. Fugit commodi aut dolor voluptates accusamus voluptates consequatur.','93 x 74 x 9',355,'Et aut eum nisi ipsa vitae exercitationem. Repellendus et rerum omnis illo voluptas excepturi omnis dolor. Ullam deserunt dolore earum quae quibusdam sunt est. Quibusdam ipsam accusamus eos ad animi provident rerum.',5,1054.00,'2020-10-05 02:36:57','2020-12-07 11:46:59'),(192,54,'Officia mollitia eos non.','Praesentium voluptatem voluptas tempore quia nulla qui. Quasi praesentium autem facere est quae. Aspernatur eos eos quos quia et autem.','72 x 67 x 5',229,'Repellat et molestias omnis magnam excepturi consequuntur facere. Voluptatem illo amet maiores quod blanditiis consequatur pariatur. Ullam aut ut harum ab. Iusto velit accusantium repudiandae autem molestiae officia. Est quibusdam ut et dolores et ex.',3,111.00,'2020-11-11 23:21:08','2020-12-07 11:46:59'),(193,53,'Id cum impedit recusandae fuga.','Quisquam perferendis aut voluptas ratione dolor. Aut libero minima rerum quia alias. Id maxime ut aut dolorem.','92 x 78 x 4',77,'Aliquid aliquam iste ut. Consequatur aspernatur alias ea corporis recusandae est.',9,776.00,'2020-07-18 04:32:42','2020-12-07 11:46:59'),(194,37,'Provident aut neque reprehenderit.','Voluptatibus impedit esse quibusdam iusto voluptate vel ut distinctio. Voluptas voluptatem molestiae quia accusantium. Id autem illo odit unde qui sit consequuntur.','90 x 31 x 7',199,'Quia autem ipsum sed voluptatem aspernatur omnis. In itaque sunt aperiam quae eum reiciendis qui. Nulla ad facilis distinctio atque soluta debitis. Facilis ut neque qui voluptates illo nostrum quo.',7,771.40,'2020-03-01 01:34:28','2020-12-07 11:46:59'),(195,24,'Expedita soluta eligendi voluptas quos voluptas rerum beatae.','Neque aut modi ex. Similique consequuntur maxime fugit quis nihil tempora quo. Tempora eligendi ab voluptatem commodi sapiente ut. Velit officiis distinctio molestiae provident qui.','64 x 52 x 5',262,'Aut ex distinctio odio eveniet ipsum laborum ullam. Et et nemo sint eos recusandae quia corrupti. Et placeat qui et labore exercitationem totam.',8,619.00,'2020-12-22 16:26:41','2020-12-07 11:46:59'),(196,8,'Molestiae soluta occaecati veniam eum.','Quo debitis consectetur quia et fuga ipsum non. Ad molestiae sunt consectetur voluptas. Qui qui natus quis. Quisquam placeat qui quidem.','83 x 34 x 5',214,'Minima consequatur laudantium hic accusantium maiores asperiores eius. Sed nostrum voluptas recusandae quia.',4,236.68,'2020-04-24 19:49:23','2020-12-07 11:46:59'),(197,35,'Voluptas omnis commodi non dolores harum.','Maxime et quo natus sit a. Ipsum atque ipsa pariatur at quod. Ut aut unde hic repudiandae.','57 x 44 x 1',284,'Nemo ducimus quisquam qui rem autem eligendi omnis nostrum. Perspiciatis et officiis quam. Itaque a officiis dignissimos. Vero odit quia id minus est eum aliquid.',3,135.00,'2020-01-21 13:14:20','2020-12-07 11:46:59'),(198,18,'Ea et dolor adipisci eveniet quod voluptatem corrupti est.','Aut molestiae maxime quis quo nesciunt vel inventore. Quia delectus maxime veritatis voluptatem dolorum consectetur voluptas et. Sit iure consequuntur sed. Itaque sed soluta ea iure. Culpa aut earum sunt qui quaerat ullam debitis a.','61 x 34 x 8',277,'Laudantium non et in ullam sunt pariatur. Numquam fuga et dolorem quos optio. Sed alias voluptatem laboriosam vero excepturi.',5,140.00,'2020-07-28 10:26:32','2020-12-07 11:46:59'),(199,50,'Officiis qui deserunt maiores repudiandae voluptatem.','Omnis ut quisquam adipisci rem fuga voluptatem. Laboriosam animi est rerum commodi molestiae est recusandae. Ab a optio debitis placeat amet.','67 x 61 x 1',32,'Tenetur reiciendis dolore animi modi consequatur provident accusantium. Asperiores voluptatem ut sequi quibusdam a aut. Doloremque et dolorem aliquid modi.',2,199.00,'2020-09-02 13:36:25','2020-12-07 11:46:59'),(200,63,'Blanditiis impedit ipsum excepturi et fugiat.','Amet eum odit mollitia. Commodi earum molestiae illo. Dolorem modi saepe fugiat temporibus enim error necessitatibus. Sint beatae saepe velit magnam nihil possimus.','68 x 65 x 5',329,'Aliquam assumenda corporis itaque ea quia maiores. Eum vero est libero velit. Ipsum quis tenetur enim.',4,667.00,'2020-10-29 03:17:20','2020-12-07 11:46:59'),(201,8,'Деревянная фоторамка «Line natur», 10 х 15 см','Деревянная фоторамка «Line natur», 10 х 15 см','17.5 x 12.3 x 1.2',140,'Прекрасно, если вы храните фотографии или детские рисунки. Поместите их в красивую деревянную рамку и поставьте на видное место, например, на рабочий стол.\nТогда они будут напоминать вам о счастливых событиях и поднимать настроение! Фотографии в такой рамке станут отличным украшением любой комнаты.\n\nРазмер фоторамки: 17.5 х 12.5 см\nРазмер фотографии: 10 х 15 см\nМатериал: дерево\nСтрана-производитель: Китай.',0,160.00,'2020-12-12 05:40:41','2020-12-12 05:40:41'),(202,8,'Деревянная фоторамка «Line natur», 10 х 15 см','Деревянная фоторамка «Line natur», 10 х 15 см','17.5 x 12.3 x 1.2',140,'Прекрасно, если вы храните фотографии или детские рисунки. Поместите их в красивую деревянную рамку и поставьте на видное место, например, на рабочий стол.\nТогда они будут напоминать вам о счастливых событиях и поднимать настроение! Фотографии в такой рамке станут отличным украшением любой комнаты.\n\nРазмер фоторамки: 17.5 х 12.5 см\nРазмер фотографии: 10 х 15 см\nМатериал: дерево\nСтрана-производитель: Китай.',0,160.00,'2020-12-12 05:42:44','2020-12-12 05:42:44'),(203,8,'Деревянная фоторамка «Line natur», 10 х 15 см','Деревянная фоторамка «Line natur», 10 х 15 см','17.5 x 12.3 x 1.2',140,'Прекрасно, если вы храните фотографии или детские рисунки. Поместите их в красивую деревянную рамку и поставьте на видное место, например, на рабочий стол.\nТогда они будут напоминать вам о счастливых событиях и поднимать настроение! Фотографии в такой рамке станут отличным украшением любой комнаты.\n\nРазмер фоторамки: 17.5 х 12.5 см\nРазмер фотографии: 10 х 15 см\nМатериал: дерево\nСтрана-производитель: Китай.',0,160.00,'2020-12-12 05:47:38','2020-12-12 05:47:38'),(204,8,'Деревянная фоторамка «Line natur», 10 х 15 см','Деревянная фоторамка «Line natur», 10 х 15 см','17.5 x 12.3 x 1.2',140,'Прекрасно, если вы храните фотографии или детские рисунки. Поместите их в красивую деревянную рамку и поставьте на видное место, например, на рабочий стол.\nТогда они будут напоминать вам о счастливых событиях и поднимать настроение! Фотографии в такой рамке станут отличным украшением любой комнаты.\n\nРазмер фоторамки: 17.5 х 12.5 см\nРазмер фотографии: 10 х 15 см\nМатериал: дерево\nСтрана-производитель: Китай.',0,160.00,'2020-12-12 05:48:42','2020-12-12 05:48:42');
/*!40000 ALTER TABLE `products` ENABLE KEYS */;
UNLOCK TABLES;
/*!50003 SET @saved_cs_client      = @@character_set_client */ ;
/*!50003 SET @saved_cs_results     = @@character_set_results */ ;
/*!50003 SET @saved_col_connection = @@collation_connection */ ;
/*!50003 SET character_set_client  = utf8mb4 */ ;
/*!50003 SET character_set_results = utf8mb4 */ ;
/*!50003 SET collation_connection  = utf8mb4_0900_ai_ci */ ;
/*!50003 SET @saved_sql_mode       = @@sql_mode */ ;
/*!50003 SET sql_mode              = 'ONLY_FULL_GROUP_BY,STRICT_TRANS_TABLES,NO_ZERO_IN_DATE,NO_ZERO_DATE,ERROR_FOR_DIVISION_BY_ZERO,NO_ENGINE_SUBSTITUTION' */ ;
DELIMITER ;;
/*!50003 CREATE*/ /*!50017 DEFINER=`root`@`localhost`*/ /*!50003 TRIGGER `check_available_insert` BEFORE INSERT ON `products` FOR EACH ROW BEGIN 
	-- Количество доступных товаров (products.available) нового товара по умолчанию.
	-- Cоздан на случай, если будет попытка добавления в таблицу products нового товара,
 	-- с количеством товара available отличным от нуля.
	SET NEW.available = 0;
END */;;
DELIMITER ;
/*!50003 SET sql_mode              = @saved_sql_mode */ ;
/*!50003 SET character_set_client  = @saved_cs_client */ ;
/*!50003 SET character_set_results = @saved_cs_results */ ;
/*!50003 SET collation_connection  = @saved_col_connection */ ;
/*!50003 SET @saved_cs_client      = @@character_set_client */ ;
/*!50003 SET @saved_cs_results     = @@character_set_results */ ;
/*!50003 SET @saved_col_connection = @@collation_connection */ ;
/*!50003 SET character_set_client  = utf8mb4 */ ;
/*!50003 SET character_set_results = utf8mb4 */ ;
/*!50003 SET collation_connection  = utf8mb4_0900_ai_ci */ ;
/*!50003 SET @saved_sql_mode       = @@sql_mode */ ;
/*!50003 SET sql_mode              = 'ONLY_FULL_GROUP_BY,STRICT_TRANS_TABLES,NO_ZERO_IN_DATE,NO_ZERO_DATE,ERROR_FOR_DIVISION_BY_ZERO,NO_ENGINE_SUBSTITUTION' */ ;
DELIMITER ;;
/*!50003 CREATE*/ /*!50017 DEFINER=`root`@`localhost`*/ /*!50003 TRIGGER `check_available_update` BEFORE UPDATE ON `products` FOR EACH ROW BEGIN 
	-- Количество доступных товаров (products.available) не может быть меньше нуля.
	IF NEW.available < 0 THEN 
	 	-- Ошибка. Количество товара не может быть меньше нуля.
		SIGNAL SQLSTATE '45000' SET MESSAGE_TEXT = 'ITEM QUANTITY CANNOT BE LESS THAN ZERO';
	END IF;
END */;;
DELIMITER ;
/*!50003 SET sql_mode              = @saved_sql_mode */ ;
/*!50003 SET character_set_client  = @saved_cs_client */ ;
/*!50003 SET character_set_results = @saved_cs_results */ ;
/*!50003 SET collation_connection  = @saved_col_connection */ ;

--
-- Table structure for table `products_promotons`
--

DROP TABLE IF EXISTS `products_promotons`;
/*!40101 SET @saved_cs_client     = @@character_set_client */;
/*!50503 SET character_set_client = utf8mb4 */;
CREATE TABLE `products_promotons` (
  `product_id` int unsigned NOT NULL COMMENT 'Идентификатор товара',
  `promotion_id` int unsigned NOT NULL COMMENT 'Идентификатор акции',
  PRIMARY KEY (`product_id`,`promotion_id`) COMMENT 'Составной первичный ключ',
  KEY `products_promotons_promotion_id_fk` (`promotion_id`),
  CONSTRAINT `products_promotons_product_id_fk` FOREIGN KEY (`product_id`) REFERENCES `products` (`id`),
  CONSTRAINT `products_promotons_promotion_id_fk` FOREIGN KEY (`promotion_id`) REFERENCES `promotions` (`id`)
) ENGINE=InnoDB DEFAULT CHARSET=utf8mb4 COLLATE=utf8mb4_unicode_ci COMMENT='Товары_Акции';
/*!40101 SET character_set_client = @saved_cs_client */;

--
-- Dumping data for table `products_promotons`
--

LOCK TABLES `products_promotons` WRITE;
/*!40000 ALTER TABLE `products_promotons` DISABLE KEYS */;
INSERT INTO `products_promotons` VALUES (104,1),(108,1),(127,1),(61,2),(169,2),(15,3),(58,3),(120,3),(138,3),(177,3),(136,4),(139,4),(146,4),(180,4),(181,4),(16,5),(134,5),(179,5),(189,5),(114,6),(136,6),(178,7),(200,7),(10,8),(34,8),(107,8),(136,8),(140,8),(183,8),(200,8),(62,9),(15,10),(79,10),(15,12),(106,13),(111,13),(42,14),(100,14),(140,14),(156,15),(162,15),(32,16),(190,16),(1,17),(12,18),(101,18),(106,18),(79,19),(75,20),(155,20),(54,23),(83,23),(33,24),(69,24),(119,24),(37,25),(80,26),(134,26),(184,26),(52,27),(76,27),(48,28),(70,28),(106,28),(140,28),(25,29),(99,29),(74,30),(41,33),(61,33),(151,33),(72,34),(198,34),(39,35),(70,35),(155,35),(64,37),(104,41),(190,41),(122,42),(132,42),(172,42),(175,42),(197,42),(199,42),(29,44),(89,44),(178,44),(12,45),(33,45),(134,45),(87,46),(118,46),(190,46),(166,47),(12,49),(15,49),(104,49),(110,49),(109,51),(152,51),(196,51),(34,53),(36,53),(153,54),(168,54),(51,57),(64,58),(75,58),(104,58),(191,58),(197,59),(19,60),(99,60),(43,61),(94,61),(115,61),(131,62),(32,63),(42,63),(87,63),(105,63),(42,64),(161,65),(195,65),(93,66),(33,67),(39,68),(41,68),(49,68),(105,68),(157,68),(14,69),(37,69),(158,70),(31,72),(80,72),(77,73),(106,73),(119,73),(168,73),(21,74),(26,74),(43,74),(82,74),(17,75),(47,75),(56,75),(43,76),(129,76),(132,76),(129,78),(163,78),(36,79),(29,80),(52,80),(68,80),(80,80),(91,80),(26,81),(30,81),(34,81),(42,81),(54,81),(69,82),(16,83),(81,83),(175,84),(27,85),(33,85),(107,85),(72,86),(77,86),(116,86),(144,87),(59,88),(100,88),(2,89),(86,89),(113,89),(25,90),(74,90),(79,90),(171,90),(47,91),(145,91),(176,91),(94,92),(111,92),(9,93),(54,93),(84,93),(84,94),(132,94),(52,95),(157,95),(101,96),(145,96),(10,98),(168,99);
/*!40000 ALTER TABLE `products_promotons` ENABLE KEYS */;
UNLOCK TABLES;

--
-- Table structure for table `products_shops`
--

DROP TABLE IF EXISTS `products_shops`;
/*!40101 SET @saved_cs_client     = @@character_set_client */;
/*!50503 SET character_set_client = utf8mb4 */;
CREATE TABLE `products_shops` (
  `product_id` int unsigned NOT NULL COMMENT 'Идентификатор товара',
  `shop_id` int unsigned NOT NULL COMMENT 'Идентификатор магазина',
  `product_count` int NOT NULL COMMENT 'Количество товара',
  `created_at` datetime DEFAULT CURRENT_TIMESTAMP COMMENT 'Время создания строки',
  `updated_at` datetime DEFAULT CURRENT_TIMESTAMP ON UPDATE CURRENT_TIMESTAMP COMMENT 'Время обновления строки',
  PRIMARY KEY (`product_id`,`shop_id`) COMMENT 'Составной первичный ключ',
  KEY `shops_shop_id_fk` (`shop_id`),
  CONSTRAINT `products_shops_product_id_fk` FOREIGN KEY (`product_id`) REFERENCES `products` (`id`),
  CONSTRAINT `shops_shop_id_fk` FOREIGN KEY (`shop_id`) REFERENCES `shops` (`id`)
) ENGINE=InnoDB DEFAULT CHARSET=utf8mb4 COLLATE=utf8mb4_unicode_ci COMMENT='Товары_Магазины';
/*!40101 SET character_set_client = @saved_cs_client */;

--
-- Dumping data for table `products_shops`
--

LOCK TABLES `products_shops` WRITE;
/*!40000 ALTER TABLE `products_shops` DISABLE KEYS */;
INSERT INTO `products_shops` VALUES (1,15,11,'2020-12-12 04:40:51','2020-12-12 05:31:01'),(1,34,5,'2020-05-21 14:35:58','2020-12-12 05:31:12'),(1,35,13,'2020-12-12 04:42:20','2020-12-12 04:42:20'),(1,75,1,'2020-12-12 04:42:08','2020-12-12 04:42:08'),(2,72,14,'2020-06-13 18:34:42','2020-12-07 13:00:16'),(3,54,9,'2020-01-27 04:15:53','2020-12-07 13:00:16'),(4,53,3,'2020-02-21 03:23:27','2020-12-07 13:00:16'),(5,5,14,'2020-11-26 13:51:49','2020-12-07 13:00:16'),(6,64,10,'2020-08-04 13:17:20','2020-12-07 13:00:16'),(7,6,7,'2020-12-13 13:18:05','2020-12-07 13:00:16'),(8,35,5,'2020-04-03 17:42:04','2020-12-07 13:00:16'),(9,60,4,'2020-05-20 02:14:12','2020-12-07 13:00:16'),(10,92,6,'2020-01-05 15:55:49','2020-12-07 13:00:16'),(11,81,16,'2020-08-01 08:03:48','2020-12-07 13:00:16'),(12,29,13,'2020-04-29 21:10:48','2020-12-07 13:00:16'),(13,1,16,'2020-07-09 02:17:52','2020-12-07 13:00:16'),(14,16,16,'2020-06-13 20:57:39','2020-12-07 13:00:16'),(15,77,7,'2020-11-18 10:22:55','2020-12-07 13:00:16'),(16,37,10,'2020-12-14 05:37:01','2020-12-07 13:00:16'),(17,54,4,'2020-03-13 17:58:01','2020-12-07 13:00:16'),(18,57,13,'2020-07-12 19:56:21','2020-12-07 13:00:16'),(19,23,5,'2020-01-08 23:38:14','2020-12-07 13:00:16'),(20,45,9,'2020-03-31 08:27:38','2020-12-07 13:00:16'),(21,53,4,'2020-02-24 21:10:52','2020-12-07 13:00:16'),(22,29,16,'2020-02-11 20:00:38','2020-12-07 13:00:16'),(23,86,19,'2020-05-20 23:13:55','2020-12-07 13:00:16'),(24,43,22,'2020-10-15 11:13:19','2020-12-07 13:00:16'),(25,56,2,'2020-01-02 04:16:09','2020-12-07 13:00:16'),(26,52,19,'2020-04-13 12:32:53','2020-12-07 13:00:16'),(27,89,12,'2020-06-25 12:29:11','2020-12-07 13:00:16'),(28,91,4,'2020-07-04 10:07:36','2020-12-07 13:00:16'),(29,88,9,'2020-07-30 11:13:36','2020-12-07 13:00:16'),(30,66,6,'2020-03-22 06:05:23','2020-12-07 13:00:16'),(31,63,2,'2020-05-03 14:01:15','2020-12-07 13:00:16'),(32,20,19,'2020-02-08 19:12:31','2020-12-07 13:00:16'),(33,7,12,'2020-12-02 22:58:53','2020-12-07 13:00:16'),(34,76,2,'2020-10-15 06:34:09','2020-12-07 13:00:16'),(35,58,22,'2020-07-25 20:31:28','2020-12-07 13:00:16'),(36,60,4,'2020-11-15 13:14:35','2020-12-07 13:00:16'),(37,28,6,'2020-05-13 14:38:17','2020-12-07 13:00:16'),(38,58,17,'2020-11-18 09:22:08','2020-12-07 13:00:16'),(39,5,16,'2020-10-16 05:32:47','2020-12-07 13:00:16'),(40,52,3,'2020-12-10 06:54:08','2020-12-07 13:00:16'),(41,44,16,'2020-12-14 02:03:14','2020-12-07 13:00:16'),(42,62,20,'2020-07-10 23:11:44','2020-12-07 13:00:16'),(43,79,3,'2020-01-08 14:11:17','2020-12-07 13:00:16'),(44,8,6,'2020-10-26 02:10:16','2020-12-07 13:00:16'),(45,5,19,'2020-03-21 16:44:39','2020-12-07 13:00:16'),(46,97,25,'2020-03-05 17:03:24','2020-12-07 13:00:16'),(47,72,17,'2020-05-19 19:35:31','2020-12-07 13:00:16'),(48,66,8,'2020-05-25 01:08:10','2020-12-07 13:00:16'),(49,14,17,'2020-10-21 00:45:56','2020-12-07 13:00:16'),(50,74,11,'2020-08-27 07:29:51','2020-12-07 13:00:16'),(51,26,3,'2020-05-27 20:20:39','2020-12-07 13:00:16'),(52,8,6,'2020-02-03 12:57:55','2020-12-07 13:00:16'),(53,62,20,'2020-09-18 06:58:49','2020-12-07 13:00:16'),(54,83,7,'2020-03-26 15:50:02','2020-12-07 13:00:16'),(55,31,1,'2020-08-01 03:57:58','2020-12-07 13:00:16'),(56,6,6,'2020-06-29 20:28:52','2020-12-07 13:00:16'),(57,35,4,'2020-04-24 08:30:05','2020-12-07 13:00:16'),(58,55,1,'2020-05-15 05:52:18','2020-12-07 13:00:16'),(59,70,17,'2020-01-24 06:57:58','2020-12-07 13:00:16'),(60,87,5,'2020-11-21 21:59:37','2020-12-07 13:00:16'),(61,23,23,'2020-05-17 11:07:39','2020-12-07 13:00:16'),(62,56,25,'2020-06-02 17:51:37','2020-12-07 13:00:16'),(63,7,7,'2020-09-30 17:05:24','2020-12-07 13:00:16'),(64,68,7,'2020-03-22 05:50:17','2020-12-07 13:00:16'),(65,17,15,'2020-12-08 21:51:35','2020-12-07 13:00:16'),(66,79,4,'2020-01-08 22:51:53','2020-12-07 13:00:16'),(67,47,22,'2020-03-29 19:10:40','2020-12-07 13:00:16'),(68,97,24,'2020-02-14 03:30:28','2020-12-07 13:00:16'),(69,42,5,'2020-09-20 22:30:17','2020-12-07 13:00:16'),(70,20,1,'2020-01-17 13:32:26','2020-12-07 13:00:16'),(71,71,15,'2020-02-06 16:53:31','2020-12-07 13:00:16'),(72,96,21,'2020-09-30 13:13:29','2020-12-07 13:00:16'),(73,67,9,'2020-02-28 19:47:39','2020-12-07 13:00:16'),(74,48,5,'2020-04-10 16:43:07','2020-12-07 13:00:16'),(75,36,1,'2020-01-09 23:31:28','2020-12-07 13:00:16'),(76,36,13,'2020-01-30 11:11:17','2020-12-07 13:00:16'),(77,72,10,'2020-03-31 18:39:20','2020-12-07 13:00:16'),(78,49,13,'2020-07-02 01:19:25','2020-12-07 13:00:16'),(79,31,10,'2020-02-08 03:04:09','2020-12-07 13:00:16'),(80,8,10,'2020-05-10 17:41:28','2020-12-07 13:00:16'),(81,46,20,'2020-03-30 20:30:55','2020-12-07 13:00:16'),(82,5,21,'2020-05-11 12:17:12','2020-12-07 13:00:16'),(83,86,17,'2020-01-11 19:51:10','2020-12-07 13:00:16'),(84,17,24,'2020-06-24 02:57:50','2020-12-07 13:00:16'),(85,23,18,'2020-02-06 10:24:58','2020-12-07 13:00:16'),(86,65,19,'2020-07-15 01:26:28','2020-12-07 13:00:16'),(87,56,14,'2020-06-11 11:16:27','2020-12-07 13:00:16'),(88,83,13,'2020-08-13 15:49:59','2020-12-07 13:00:16'),(89,49,21,'2020-05-16 07:59:02','2020-12-07 13:00:16'),(90,92,14,'2020-08-04 02:46:34','2020-12-07 13:00:16'),(91,16,10,'2020-12-23 15:19:53','2020-12-07 13:00:16'),(92,3,6,'2020-12-03 13:26:31','2020-12-07 13:00:16'),(93,66,23,'2020-03-14 12:03:58','2020-12-07 13:00:16'),(94,22,23,'2020-05-19 07:24:39','2020-12-07 13:00:16'),(95,11,21,'2020-05-19 17:08:52','2020-12-07 13:00:16'),(96,89,10,'2020-07-06 07:58:42','2020-12-07 13:00:16'),(97,12,14,'2020-07-21 11:08:07','2020-12-07 13:00:16'),(98,92,11,'2020-02-17 03:15:55','2020-12-07 13:00:16'),(99,24,14,'2020-02-01 04:55:49','2020-12-07 13:00:16'),(100,44,9,'2020-06-01 18:24:14','2020-12-07 13:00:16'),(101,45,5,'2020-09-06 21:23:11','2020-12-07 13:00:16'),(102,93,22,'2020-04-15 18:36:47','2020-12-07 13:00:16'),(103,32,21,'2020-06-06 21:02:14','2020-12-07 13:00:16'),(104,79,10,'2020-05-06 21:26:17','2020-12-07 13:00:16'),(105,100,15,'2020-01-13 02:11:39','2020-12-07 13:00:16'),(106,61,17,'2020-08-07 21:32:44','2020-12-07 13:00:16'),(107,6,17,'2020-02-19 10:21:15','2020-12-07 13:00:16'),(108,44,5,'2020-11-16 23:35:53','2020-12-07 12:58:37'),(109,3,2,'2020-07-21 12:16:54','2020-12-07 12:58:37'),(110,82,18,'2020-07-31 22:03:42','2020-12-07 13:00:16'),(111,100,7,'2020-07-19 05:12:29','2020-12-07 13:00:16'),(112,54,6,'2020-06-30 11:44:51','2020-12-07 12:58:37'),(113,71,10,'2020-06-17 15:52:08','2020-12-07 13:00:16'),(114,92,6,'2020-03-10 07:41:41','2020-12-07 13:00:16'),(115,45,25,'2020-04-11 11:44:04','2020-12-07 13:00:16'),(116,50,6,'2020-10-09 17:22:51','2020-12-07 13:00:16'),(117,14,10,'2020-11-28 04:23:26','2020-12-11 08:56:36'),(118,18,2,'2020-05-18 06:58:59','2020-12-07 13:00:16'),(119,51,21,'2020-04-27 14:02:59','2020-12-07 13:00:16'),(120,97,1,'2020-12-17 00:33:48','2020-12-07 13:00:16'),(121,34,16,'2020-05-12 04:30:31','2020-12-07 13:00:16'),(122,80,2,'2020-08-07 09:29:07','2020-12-07 13:00:16'),(123,94,12,'2020-12-16 09:57:12','2020-12-07 13:00:16'),(124,30,2,'2020-04-27 10:00:26','2020-12-07 12:58:37'),(125,70,25,'2020-05-13 18:15:51','2020-12-07 13:00:16'),(126,57,16,'2020-10-21 20:11:43','2020-12-07 13:00:16'),(127,75,5,'2020-10-18 18:55:15','2020-12-07 12:58:37'),(128,4,2,'2020-08-07 04:28:14','2020-12-07 13:00:16'),(129,93,21,'2020-05-08 15:01:35','2020-12-07 13:00:16'),(130,55,20,'2020-09-22 20:20:51','2020-12-07 13:00:16'),(131,93,15,'2020-02-16 14:00:31','2020-12-07 13:00:16'),(132,99,14,'2020-09-11 20:10:15','2020-12-07 13:00:16'),(133,17,25,'2020-09-26 04:10:04','2020-12-07 13:00:16'),(134,87,9,'2020-03-19 23:08:44','2020-12-07 13:00:16'),(135,83,17,'2020-10-26 07:43:04','2020-12-07 13:00:16'),(136,54,9,'2020-09-04 00:10:36','2020-12-07 12:58:37'),(137,20,20,'2020-06-14 20:58:05','2020-12-07 13:00:16'),(138,40,19,'2020-08-29 13:39:06','2020-12-07 13:00:16'),(139,36,11,'2020-03-05 01:42:04','2020-12-07 13:00:16'),(140,62,20,'2020-03-13 07:38:58','2020-12-07 13:00:16'),(141,3,20,'2020-02-10 13:19:19','2020-12-07 13:00:16'),(142,25,14,'2020-06-30 15:50:30','2020-12-07 13:00:16'),(143,17,9,'2020-11-18 12:58:40','2020-12-07 12:58:37'),(144,9,1,'2020-11-22 05:02:42','2020-12-07 13:00:16'),(145,94,2,'2020-03-25 12:16:28','2020-12-07 13:00:16'),(146,43,7,'2020-04-27 01:05:45','2020-12-07 12:58:37'),(147,33,2,'2020-10-13 05:29:24','2020-12-07 13:00:16'),(148,35,15,'2020-04-23 23:55:12','2020-12-07 13:00:16'),(149,77,20,'2020-11-08 09:31:42','2020-12-07 13:00:16'),(150,76,5,'2020-05-26 00:54:04','2020-12-07 13:00:16'),(151,51,12,'2020-08-23 16:40:57','2020-12-07 13:00:16'),(152,27,21,'2020-06-30 16:57:34','2020-12-07 13:00:16'),(153,81,16,'2020-08-15 01:51:36','2020-12-07 13:00:16'),(154,23,18,'2020-05-21 06:17:17','2020-12-07 13:00:16'),(155,71,17,'2020-10-30 04:51:16','2020-12-07 13:00:16'),(156,88,6,'2020-03-14 11:34:31','2020-12-07 13:00:16'),(157,25,1,'2020-07-13 00:23:13','2020-12-07 13:00:16'),(158,60,14,'2020-01-29 22:01:16','2020-12-07 13:00:16'),(159,23,17,'2020-08-27 18:16:12','2020-12-07 13:00:16'),(160,37,18,'2020-12-15 14:59:47','2020-12-07 13:00:16'),(161,16,11,'2020-04-14 23:59:38','2020-12-07 13:00:16'),(162,66,1,'2020-03-01 05:25:09','2020-12-07 12:58:37'),(163,83,23,'2020-03-09 17:44:44','2020-12-07 13:00:16'),(164,18,10,'2020-02-12 04:28:40','2020-12-07 13:00:16'),(165,38,8,'2020-08-26 13:38:48','2020-12-07 13:00:16'),(166,38,8,'2020-06-28 14:26:23','2020-12-07 13:00:16'),(167,75,14,'2020-10-29 08:28:15','2020-12-07 13:00:16'),(168,58,20,'2020-03-08 14:35:06','2020-12-07 13:00:16'),(169,67,7,'2020-09-15 06:14:47','2020-12-07 13:00:16'),(170,61,3,'2020-09-02 03:55:19','2020-12-07 13:00:16'),(171,1,15,'2020-02-01 20:52:18','2020-12-07 13:00:16'),(172,24,17,'2020-07-09 22:42:34','2020-12-07 13:00:16'),(173,14,16,'2020-04-09 02:43:49','2020-12-07 13:00:16'),(174,98,3,'2020-11-08 12:25:03','2020-12-07 12:58:37'),(175,49,15,'2020-12-29 08:37:16','2020-12-07 13:00:16'),(176,48,17,'2020-06-22 19:44:17','2020-12-07 13:00:16'),(177,92,12,'2020-10-06 01:34:40','2020-12-07 13:00:16'),(178,19,10,'2020-01-31 00:03:40','2020-12-07 13:00:16'),(179,16,14,'2020-10-20 15:52:39','2020-12-07 13:00:16'),(180,22,14,'2020-06-28 17:52:25','2020-12-07 13:00:16'),(181,64,3,'2020-09-15 19:50:28','2020-12-07 13:00:16'),(182,53,22,'2020-12-18 01:13:24','2020-12-07 13:00:16'),(183,72,25,'2020-12-05 07:27:07','2020-12-07 13:00:16'),(184,1,7,'2020-03-31 02:22:57','2020-12-07 13:00:16'),(185,86,13,'2020-08-05 05:57:37','2020-12-07 13:00:16'),(186,30,17,'2020-01-14 12:02:14','2020-12-07 13:00:16'),(187,90,20,'2020-07-24 02:29:00','2020-12-07 13:00:16'),(188,58,24,'2020-09-17 17:10:57','2020-12-07 13:00:16'),(189,21,8,'2020-05-03 06:00:27','2020-12-07 13:00:16'),(190,30,18,'2020-08-31 20:41:30','2020-12-07 13:00:16'),(191,86,16,'2020-10-29 13:46:13','2020-12-07 13:00:16'),(192,41,25,'2020-05-22 03:52:29','2020-12-07 13:00:16'),(193,45,1,'2020-08-13 01:04:22','2020-12-07 13:00:16'),(194,100,6,'2020-07-15 01:07:28','2020-12-07 13:00:16'),(195,66,2,'2020-11-07 10:14:14','2020-12-07 13:00:16'),(196,31,16,'2020-07-09 04:42:29','2020-12-07 13:00:16'),(197,56,23,'2020-03-03 20:30:55','2020-12-07 13:00:16'),(198,85,18,'2020-06-21 19:17:14','2020-12-07 13:00:16'),(199,55,21,'2020-12-21 01:20:16','2020-12-07 13:00:16'),(200,22,23,'2020-11-06 05:57:39','2020-12-07 13:00:16');
/*!40000 ALTER TABLE `products_shops` ENABLE KEYS */;
UNLOCK TABLES;
/*!50003 SET @saved_cs_client      = @@character_set_client */ ;
/*!50003 SET @saved_cs_results     = @@character_set_results */ ;
/*!50003 SET @saved_col_connection = @@collation_connection */ ;
/*!50003 SET character_set_client  = utf8mb4 */ ;
/*!50003 SET character_set_results = utf8mb4 */ ;
/*!50003 SET collation_connection  = utf8mb4_0900_ai_ci */ ;
/*!50003 SET @saved_sql_mode       = @@sql_mode */ ;
/*!50003 SET sql_mode              = 'ONLY_FULL_GROUP_BY,STRICT_TRANS_TABLES,NO_ZERO_IN_DATE,NO_ZERO_DATE,ERROR_FOR_DIVISION_BY_ZERO,NO_ENGINE_SUBSTITUTION' */ ;
DELIMITER ;;
/*!50003 CREATE*/ /*!50017 DEFINER=`root`@`localhost`*/ /*!50003 TRIGGER `check_products_count_insert` AFTER INSERT ON `products_shops` FOR EACH ROW BEGIN 
	-- При добавлении новой записи в таблицу products_shops, должно измениться общее количество товара
	-- в таблице товаров (products.available), для соответствующей позиции.
	IF NEW.product_count < 0 THEN 
	 	-- Ошибка. Количество товара не может быть меньше нуля.
		SIGNAL SQLSTATE '45000' SET MESSAGE_TEXT = 'ITEM QUANTITY CANNOT BE LESS THAN ZERO';
	ELSE
		-- Увеличиваем общее количество товара доступное для покупателя
		UPDATE products
		   SET available=available + NEW.product_count
		 WHERE id = NEW.product_id;	
	END IF;
END */;;
DELIMITER ;
/*!50003 SET sql_mode              = @saved_sql_mode */ ;
/*!50003 SET character_set_client  = @saved_cs_client */ ;
/*!50003 SET character_set_results = @saved_cs_results */ ;
/*!50003 SET collation_connection  = @saved_col_connection */ ;
/*!50003 SET @saved_cs_client      = @@character_set_client */ ;
/*!50003 SET @saved_cs_results     = @@character_set_results */ ;
/*!50003 SET @saved_col_connection = @@collation_connection */ ;
/*!50003 SET character_set_client  = utf8mb4 */ ;
/*!50003 SET character_set_results = utf8mb4 */ ;
/*!50003 SET collation_connection  = utf8mb4_0900_ai_ci */ ;
/*!50003 SET @saved_sql_mode       = @@sql_mode */ ;
/*!50003 SET sql_mode              = 'ONLY_FULL_GROUP_BY,STRICT_TRANS_TABLES,NO_ZERO_IN_DATE,NO_ZERO_DATE,ERROR_FOR_DIVISION_BY_ZERO,NO_ENGINE_SUBSTITUTION' */ ;
DELIMITER ;;
/*!50003 CREATE*/ /*!50017 DEFINER=`root`@`localhost`*/ /*!50003 TRIGGER `check_products_count_update` AFTER UPDATE ON `products_shops` FOR EACH ROW -- При изменении количества товара в магазине, общее количество товара в таблице товаров (поле products.available),
-- должно изменяться на соответствующую величину.
-- Если количество товара становится < 0, выдаётся ошибка о недопустимости подобного действия
-- Если всё в порядке, обновляется поле available таблицы product
BEGIN 
	DECLARE num INT;
	SET num = product_count(NEW.product_id);
    -- SELECT SUM(product_count) AS product_count FROM products_shops WHERE product_id = NEW.product_id GROUP BY product_id INTO num;
  	IF num < 0 THEN 
  	 	-- Ошибка. Количество товара не может быть меньше нуля.
		SIGNAL SQLSTATE '45000' SET MESSAGE_TEXT = 'ITEM QUANTITY CANNOT BE LESS THAN ZERO';
	ELSE
		UPDATE products
		   SET available = num
		 WHERE id = NEW.product_id;
	END IF;
END */;;
DELIMITER ;
/*!50003 SET sql_mode              = @saved_sql_mode */ ;
/*!50003 SET character_set_client  = @saved_cs_client */ ;
/*!50003 SET character_set_results = @saved_cs_results */ ;
/*!50003 SET collation_connection  = @saved_col_connection */ ;

--
-- Table structure for table `promotions`
--

DROP TABLE IF EXISTS `promotions`;
/*!40101 SET @saved_cs_client     = @@character_set_client */;
/*!50503 SET character_set_client = utf8mb4 */;
CREATE TABLE `promotions` (
  `id` int unsigned NOT NULL AUTO_INCREMENT COMMENT 'Идентификатор акции',
  `start_date` datetime NOT NULL COMMENT 'Дата начала акции',
  `end_date` datetime NOT NULL COMMENT 'Дата окончания акции',
  `discount` int NOT NULL COMMENT '% скидки',
  `bonuse` int NOT NULL COMMENT 'Бонусы',
  `description` varchar(255) COLLATE utf8mb4_unicode_ci NOT NULL COMMENT 'Описание',
  `created_at` datetime DEFAULT CURRENT_TIMESTAMP COMMENT 'Время создания строки',
  `updated_at` datetime DEFAULT CURRENT_TIMESTAMP ON UPDATE CURRENT_TIMESTAMP COMMENT 'Время обновления строки',
  PRIMARY KEY (`id`)
) ENGINE=InnoDB AUTO_INCREMENT=101 DEFAULT CHARSET=utf8mb4 COLLATE=utf8mb4_unicode_ci COMMENT='Акции';
/*!40101 SET character_set_client = @saved_cs_client */;

--
-- Dumping data for table `promotions`
--

LOCK TABLES `promotions` WRITE;
/*!40000 ALTER TABLE `promotions` DISABLE KEYS */;
INSERT INTO `promotions` VALUES (1,'2020-06-21 16:31:09','2020-07-06 16:31:09',3,5,'Dolores amet hic quod qui. Non quisquam corrupti placeat repellendus. Vitae fugit repellendus in iste.','2020-06-21 16:31:09','2020-12-07 13:12:41'),(2,'2020-07-19 21:35:10','2020-08-03 21:35:10',8,7,'Nobis cupiditate iure vero nostrum velit ut. Est voluptatem quisquam et culpa voluptatibus. Ut cupiditate id repellendus in facere culpa.','2020-07-19 21:35:10','2020-12-07 13:12:41'),(3,'2020-09-01 11:52:18','2020-09-16 11:52:18',10,5,'Aliquam voluptates sit possimus et a omnis. Voluptatem cum ut odit id. Debitis deleniti quia tempore perspiciatis sapiente aperiam possimus.','2020-09-01 11:52:18','2020-12-07 13:12:41'),(4,'2020-07-17 01:26:02','2020-08-01 01:26:02',8,6,'Laudantium suscipit maxime dolore. Qui expedita culpa aliquam et odio animi et. Delectus possimus quam et exercitationem sit.','2020-07-17 01:26:02','2020-12-07 13:12:41'),(5,'2020-03-02 00:00:40','2020-03-17 00:00:40',8,3,'Veniam nisi ut voluptatibus nihil minus iure quas. Aperiam minus neque incidunt et omnis atque. Ea adipisci eaque voluptas quia cupiditate laudantium amet ut.','2020-03-02 00:00:40','2020-12-07 13:12:41'),(6,'2020-01-21 19:22:00','2020-02-05 19:22:00',4,4,'Voluptatem et non iure quia temporibus. Laborum odit iste sit ea culpa ducimus rem doloremque. Corporis enim dolore dolor beatae porro optio necessitatibus.','2020-01-21 19:22:00','2020-12-07 13:12:41'),(7,'2020-12-30 12:46:25','2021-01-14 12:46:25',6,9,'Esse qui et iste accusantium architecto at. Iste officia iusto molestias laudantium. Quas et quis sed veritatis. Dolor quibusdam natus officiis unde ut quod id id.','2020-12-30 12:46:25','2020-12-07 13:12:41'),(8,'2020-07-11 02:54:08','2020-07-26 02:54:08',7,5,'Quis dolorem suscipit dolor natus est. Sequi quia quia architecto harum sequi modi laborum. Aut recusandae unde minima et neque voluptate placeat. Architecto fugiat voluptates nisi sunt ducimus placeat.','2020-07-11 02:54:08','2020-12-07 13:12:41'),(9,'2020-12-28 00:08:01','2021-01-12 00:08:01',8,6,'Quia perspiciatis dolorem molestias deleniti numquam. Esse laborum qui sed nostrum suscipit soluta. Ut velit earum est velit libero. Beatae veritatis sed autem consequuntur.','2020-12-28 00:08:01','2020-12-07 13:12:41'),(10,'2020-12-07 20:45:03','2020-12-22 20:45:03',8,5,'Sed facilis dolorem et nisi velit. Numquam quisquam accusantium voluptas quam aut quo. Aut quia enim ipsam ut laudantium ut laudantium.','2020-12-07 20:45:03','2020-12-07 13:12:41'),(11,'2020-06-20 10:56:45','2020-07-05 10:56:45',7,6,'Et aperiam sit voluptatem ut facere nostrum quia voluptate. Fugiat aliquid voluptatem tempore nisi ullam.','2020-06-20 10:56:45','2020-12-07 13:12:41'),(12,'2020-04-30 22:46:06','2020-05-15 22:46:06',7,7,'Quod eveniet vel eaque. Atque itaque ipsa qui quia nam asperiores placeat. Itaque sed corrupti debitis quaerat sequi dolore.','2020-04-30 22:46:06','2020-12-07 13:12:41'),(13,'2020-02-21 20:26:33','2020-03-07 20:26:33',7,1,'Quam officiis animi sequi. Enim fuga ad eligendi fuga. Nihil sit commodi odio distinctio. Dolores adipisci sit laborum quae sed et. Aspernatur optio eum vel.','2020-02-21 20:26:33','2020-12-07 13:12:41'),(14,'2020-05-08 14:18:27','2020-05-23 14:18:27',2,5,'Consequatur officia quod neque tenetur quisquam. Qui non sit aspernatur expedita possimus nulla et. Aut consequuntur maiores nostrum labore magnam. Omnis dolorum exercitationem qui nam in.','2020-05-08 14:18:27','2020-12-07 13:12:41'),(15,'2020-08-30 01:15:13','2020-09-14 01:15:13',1,5,'Magnam ut consequatur quod illum et explicabo iste veritatis. Pariatur perferendis odio ea molestiae corporis totam quia.','2020-08-30 01:15:13','2020-12-07 13:12:41'),(16,'2020-06-26 06:42:47','2020-07-11 06:42:47',5,5,'Aut dolorum fuga optio. Ut eum dolorum non nesciunt eos praesentium. Qui sed facilis libero et. Voluptas perspiciatis dolore necessitatibus perspiciatis doloribus.','2020-06-26 06:42:47','2020-12-07 13:12:41'),(17,'2020-02-20 08:26:06','2020-03-06 08:26:06',2,9,'Voluptatem eum doloremque eum. Cupiditate quos excepturi quia in et quis repellendus numquam. Officiis fuga adipisci quis consequatur veniam molestiae quo. Dicta ducimus qui praesentium tempore rerum consequatur. Et voluptate consequatur fugit consequuntu','2020-02-20 08:26:06','2020-12-07 13:12:41'),(18,'2020-06-30 03:18:42','2020-07-15 03:18:42',6,2,'Dignissimos aspernatur quis est. Quo quis illum quae dicta dolores nobis. Est excepturi id cumque nemo delectus. Architecto et omnis molestiae assumenda velit suscipit dolorem. Distinctio ex tempora quidem consequatur eum corrupti aspernatur autem.','2020-06-30 03:18:42','2020-12-07 13:12:41'),(19,'2020-11-19 09:11:53','2020-12-04 09:11:53',4,4,'Facere est sit aut repudiandae enim est voluptatum. Velit suscipit sed quia aliquid fuga et tempore et. Consequatur laboriosam nisi quo nobis temporibus.','2020-11-19 09:11:53','2020-12-07 13:12:41'),(20,'2020-05-08 04:10:42','2020-05-23 04:10:42',3,6,'Quas repellat neque consequatur vero rem perspiciatis ipsam officia. Sunt deserunt qui ea in. Non qui autem et expedita ratione.','2020-05-08 04:10:42','2020-12-07 13:12:41'),(21,'2020-12-24 04:35:13','2021-01-08 04:35:13',9,8,'Voluptates sit occaecati corporis aperiam. Iure eaque quos vero est eaque accusamus. Aut aut beatae beatae at quis ipsa eligendi. Maxime asperiores omnis id non laboriosam ea ut.','2020-12-24 04:35:13','2020-12-07 13:12:41'),(22,'2020-12-02 04:23:39','2020-12-17 04:23:39',9,1,'Quas suscipit voluptate quis sed est nemo. Voluptatibus vel minus molestiae eos facere. Asperiores dicta dolorum vitae quam hic magni.','2020-12-02 04:23:39','2020-12-07 13:12:41'),(23,'2020-07-13 03:18:59','2020-07-28 03:18:59',5,2,'Officiis velit iusto incidunt omnis eaque in delectus. Quos voluptas omnis sint eos molestiae. Consequatur eos exercitationem sint quae. Consectetur nihil consectetur qui saepe est praesentium.','2020-07-13 03:18:59','2020-12-07 13:12:41'),(24,'2020-05-02 22:19:48','2020-05-17 22:19:48',8,5,'Debitis eum animi dignissimos. Voluptatem illo molestiae cumque et aut sit. Est at qui facere beatae autem consequatur.','2020-05-02 22:19:48','2020-12-07 13:12:41'),(25,'2020-02-13 18:15:31','2020-02-28 18:15:31',4,9,'Eius sint amet beatae tenetur. Inventore in praesentium error fuga. Inventore facere et accusantium ipsum aliquam.','2020-02-13 18:15:31','2020-12-07 13:12:41'),(26,'2020-09-12 14:19:30','2020-09-27 14:19:30',5,9,'Neque sed rerum impedit quaerat error et labore qui. Eos sunt voluptas eum distinctio qui officia odit. Non sunt nihil nulla. Aliquid ut doloremque dolor vero sequi molestiae.','2020-09-12 14:19:30','2020-12-07 13:12:41'),(27,'2020-05-12 10:19:25','2020-05-27 10:19:25',4,4,'Quidem maxime explicabo animi id. Ut recusandae distinctio qui. Eos impedit voluptas ipsa quisquam earum dolores.','2020-05-12 10:19:25','2020-12-07 13:12:41'),(28,'2020-03-09 04:21:50','2020-03-24 04:21:50',3,2,'Quibusdam reprehenderit debitis officiis inventore libero in dolorem. Quae blanditiis voluptatem et dolore eum. Dolore quos laborum aut ad quibusdam autem. Reprehenderit ipsa dolore porro ipsam blanditiis est.','2020-03-09 04:21:50','2020-12-07 13:12:41'),(29,'2020-12-13 08:50:11','2020-12-28 08:50:11',5,8,'Corporis dolore recusandae soluta aut distinctio. Aut est mollitia porro qui ut unde. Dolor ipsa cum nihil.','2020-12-13 08:50:11','2020-12-07 13:12:41'),(30,'2020-08-09 06:02:36','2020-08-24 06:02:36',3,5,'In provident dolorem magnam quidem veniam eos. Veritatis quia quasi eaque perspiciatis. Sunt quisquam nulla consequuntur eos vitae maiores. Accusantium voluptatem vel sint voluptatibus quasi modi delectus.','2020-08-09 06:02:36','2020-12-07 13:12:41'),(31,'2020-04-10 07:12:05','2020-04-25 07:12:05',9,4,'Provident ut laborum doloribus aspernatur. Quo rerum itaque qui voluptatem atque et. Consectetur a iste at dicta quas. Eaque magni at ab ex rerum.','2020-04-10 07:12:05','2020-12-07 13:12:41'),(32,'2020-08-06 08:52:37','2020-08-21 08:52:37',6,3,'Qui aut est blanditiis officiis. Consequuntur enim odio consequatur ut. Sint vel et aut et distinctio autem odio veniam. Placeat eveniet velit ullam dolor est saepe.','2020-08-06 08:52:37','2020-12-07 13:12:41'),(33,'2020-04-28 12:43:32','2020-05-13 12:43:32',4,8,'Fuga fuga qui quis velit veritatis rem. Aspernatur reprehenderit quidem sit veniam. Aut sunt tempora rerum dicta explicabo nihil.','2020-04-28 12:43:32','2020-12-07 13:12:41'),(34,'2020-02-18 23:07:48','2020-03-04 23:07:48',10,1,'Enim asperiores minima voluptas dolorem officiis architecto. Quibusdam facilis neque alias reprehenderit quam dolores non. Nihil iste sit neque rerum nostrum. Nulla suscipit omnis sit dolorum et rerum aut.','2020-02-18 23:07:48','2020-12-07 13:12:41'),(35,'2020-03-29 08:51:37','2020-04-13 08:51:37',6,2,'Dolorem ut dolor ea. Quod velit blanditiis soluta excepturi iure quos. Quas quibusdam reiciendis cupiditate id fuga in voluptatum.','2020-03-29 08:51:37','2020-12-07 13:12:41'),(36,'2020-01-09 15:44:39','2020-01-24 15:44:39',10,6,'Nesciunt quisquam tempora explicabo minima suscipit sed aperiam quia. Impedit exercitationem fuga soluta ipsam voluptatem non enim. Porro cumque facere aut et. Inventore consequatur et in rerum in soluta est.','2020-01-09 15:44:39','2020-12-07 13:12:41'),(37,'2020-08-10 15:16:26','2020-08-25 15:16:26',4,2,'Et sint error praesentium ea. Nihil officiis quod et perferendis ut. Nobis nobis qui expedita delectus nostrum.','2020-08-10 15:16:26','2020-12-07 13:12:41'),(38,'2020-12-20 13:32:36','2021-01-04 13:32:36',6,6,'Quam quos illo aliquid ducimus. Consectetur culpa ut autem occaecati. Quasi numquam est laudantium iste mollitia id eum illo. Ullam nihil perferendis et autem.','2020-12-20 13:32:36','2020-12-07 13:12:41'),(39,'2020-12-21 01:39:50','2021-01-05 01:39:50',10,6,'Sint et consectetur et quas. Fuga a delectus consectetur iste vel voluptates. Repellendus cupiditate ipsa harum dolore. Autem quia deleniti animi sit consequatur itaque quas. In quidem deserunt vel reprehenderit corrupti quos esse.','2020-12-21 01:39:50','2020-12-07 13:12:41'),(40,'2020-08-30 02:17:39','2020-09-14 02:17:39',10,8,'Qui quas enim ipsa magnam officia. Mollitia dolorum natus illum et amet quia rerum. Dolor non ut nihil iure aut animi nihil. Et quo saepe exercitationem.','2020-08-30 02:17:39','2020-12-07 13:12:41'),(41,'2020-12-30 12:14:33','2021-01-14 12:14:33',2,4,'Distinctio dolorum omnis magni odit et consequatur vel. Itaque voluptatibus nostrum libero recusandae tenetur. Nostrum et reiciendis asperiores. Ad ipsum maiores ipsa qui in.','2020-12-30 12:14:33','2020-12-07 13:12:41'),(42,'2020-07-25 08:01:19','2020-08-09 08:01:19',8,1,'Eos tempora alias eveniet ex laborum aliquam quia. Fuga rerum suscipit ea ipsum nemo nostrum ea. Eos laudantium modi sed sit.','2020-07-25 08:01:19','2020-12-07 13:12:41'),(43,'2020-04-15 01:15:34','2020-04-30 01:15:34',2,2,'Pariatur tenetur et qui molestiae at. Qui et sit harum temporibus quasi et eligendi. Modi iure voluptatem nihil dolor repudiandae qui. Vitae placeat ad ut rem iusto quia.','2020-04-15 01:15:34','2020-12-07 13:12:41'),(44,'2020-11-24 03:32:15','2020-12-09 03:32:15',5,9,'Voluptas dignissimos cum illo cum animi. Eius at et illo sed et. Sed consequatur aut repellendus voluptates aliquid.','2020-11-24 03:32:15','2020-12-07 13:12:41'),(45,'2020-06-23 20:47:42','2020-07-08 20:47:42',2,6,'Harum esse soluta deserunt ut. Adipisci quam repellat eos recusandae impedit hic.','2020-06-23 20:47:42','2020-12-07 13:12:41'),(46,'2020-10-12 12:15:20','2020-10-27 12:15:20',1,4,'Commodi voluptatem odit aut aut magnam. Accusamus cum repellendus qui voluptatibus. Omnis rerum est voluptatum aspernatur delectus. Vel eum ea corporis voluptatem et.','2020-10-12 12:15:20','2020-12-07 13:12:41'),(47,'2020-01-08 12:38:26','2020-01-23 12:38:26',9,1,'Est voluptas aperiam qui perferendis repellat qui amet. Qui numquam placeat voluptas voluptatem excepturi. Sit quidem dolor eius ut similique id. Molestias quibusdam porro cum fuga aperiam fuga.','2020-01-08 12:38:26','2020-12-07 13:12:41'),(48,'2020-12-15 19:19:23','2020-12-30 19:19:23',3,9,'Omnis est vitae odit ipsum voluptatem recusandae possimus. Qui debitis impedit ut officiis occaecati. Voluptatem quidem in quisquam sit nisi ut aut culpa.','2020-12-15 19:19:23','2020-12-07 13:12:41'),(49,'2020-03-24 17:50:22','2020-04-08 17:50:22',7,4,'Debitis vel porro nobis. Saepe autem debitis totam aut porro reiciendis qui. Nemo quia iste impedit dolorum aut illum quis.','2020-03-24 17:50:22','2020-12-07 13:12:41'),(50,'2020-09-06 08:03:00','2020-09-21 08:03:00',6,5,'Quidem earum qui possimus totam. Officiis dolores ullam similique in. Itaque blanditiis voluptatem non rerum consectetur. Expedita ratione blanditiis cum explicabo quia autem.','2020-09-06 08:03:00','2020-12-07 13:12:41'),(51,'2020-05-16 21:13:35','2020-05-31 21:13:35',10,5,'Sequi qui corrupti excepturi et. Et omnis ut qui molestiae minima quia voluptatibus. Eius et vero in quae nihil et. Consectetur totam repudiandae facere molestiae quasi unde velit aut.','2020-05-16 21:13:35','2020-12-07 13:12:41'),(52,'2020-08-28 11:46:09','2020-09-12 11:46:09',9,5,'Consectetur dicta labore dolorem pariatur nihil ut. Aperiam officia voluptatem labore cumque est. Sit quisquam labore voluptas et facilis sit. Non optio sequi optio sint est nobis.','2020-08-28 11:46:09','2020-12-07 13:12:41'),(53,'2020-05-16 07:05:37','2020-05-31 07:05:37',5,5,'Consectetur voluptatem et excepturi magni reprehenderit ut ut necessitatibus. Sequi temporibus iusto fugiat voluptatem alias autem vel. Voluptatum optio laboriosam in quia eum nostrum incidunt. Maiores inventore et ea qui est.','2020-05-16 07:05:37','2020-12-07 13:12:41'),(54,'2020-11-22 22:25:22','2020-12-07 22:25:22',9,7,'Aut dolores ut exercitationem et explicabo. Nesciunt quaerat veritatis sit amet eos dolores. Saepe ducimus voluptatem rerum perferendis eaque. Non officia qui minima illo debitis qui iusto.','2020-11-22 22:25:22','2020-12-07 13:12:41'),(55,'2020-12-24 19:38:51','2021-01-08 19:38:51',7,3,'Quia dicta itaque architecto non accusantium iure. Itaque earum dolore corporis maxime vero dolor. Consequatur beatae est sapiente doloremque. Nihil voluptas at aut sed.','2020-12-24 19:38:51','2020-12-07 13:12:41'),(56,'2020-07-09 02:07:42','2020-07-24 02:07:42',9,8,'Dolorem non voluptatem eligendi. Sint sit quo omnis deleniti ipsum. Magnam sed veritatis ipsam ullam facilis. Assumenda quia voluptatibus minus ut qui.','2020-07-09 02:07:42','2020-12-07 13:12:41'),(57,'2020-09-20 01:11:59','2020-10-05 01:11:59',4,5,'Accusantium odit aspernatur ipsum. Recusandae velit et facilis vitae sunt voluptatem consequatur. Illum quia velit odit nulla.','2020-09-20 01:11:59','2020-12-07 13:12:41'),(58,'2020-11-04 05:27:13','2020-11-19 05:27:13',4,2,'Qui velit dolores saepe praesentium. Eos autem ad voluptatem perferendis. Molestiae totam dolor voluptas.','2020-11-04 05:27:13','2020-12-07 13:12:41'),(59,'2020-07-05 02:10:50','2020-07-20 02:10:50',4,9,'Eos distinctio corrupti officiis nihil omnis id. Neque aspernatur consectetur et. Maiores ad est ab rerum sit neque et. Perspiciatis sed et architecto iure adipisci. Praesentium minus quo necessitatibus non id assumenda.','2020-07-05 02:10:50','2020-12-07 13:12:41'),(60,'2020-08-09 14:56:21','2020-08-24 14:56:21',1,9,'Reiciendis officiis inventore sint aut iste aut. Illum expedita doloremque ut repellendus non qui consequatur. Corrupti ut voluptatibus pariatur consectetur odio.','2020-08-09 14:56:21','2020-12-07 13:12:41'),(61,'2020-12-22 02:38:55','2021-01-06 02:38:55',1,4,'Et ratione soluta quae impedit et quos odio. Corporis nostrum cupiditate tenetur adipisci ullam cumque. Tempore amet maiores mollitia.','2020-12-22 02:38:55','2020-12-07 13:12:41'),(62,'2020-05-10 07:45:26','2020-05-25 07:45:26',4,5,'Repellat consequatur et maiores eaque. Sit est quibusdam ut magni similique aut. Et ad eum cum dolor dignissimos. Sit repudiandae dolore modi nam at inventore asperiores.','2020-05-10 07:45:26','2020-12-07 13:12:41'),(63,'2020-03-03 05:30:34','2020-03-18 05:30:34',3,2,'Ad et consequatur magnam ipsa pariatur. Sapiente voluptatum consequuntur ut reiciendis est illum. Soluta nisi dolores placeat nisi molestiae inventore quod. Ea aspernatur facere rerum nihil nemo. Explicabo maxime fugiat doloribus nulla id id dolores id.','2020-03-03 05:30:34','2020-12-07 13:12:41'),(64,'2020-02-20 11:29:22','2020-03-06 11:29:22',5,6,'Voluptatem ut a et ut odit. Ut eaque dolores assumenda reiciendis architecto. Et sint aut qui explicabo rerum ullam sunt consequatur. Qui mollitia ut sed magnam deserunt.','2020-02-20 11:29:22','2020-12-07 13:12:41'),(65,'2020-09-09 22:55:18','2020-09-24 22:55:18',4,5,'Occaecati maiores ratione et sequi voluptas. Praesentium error ea doloribus reiciendis ut voluptatem et aut.','2020-09-09 22:55:18','2020-12-07 13:12:41'),(66,'2020-10-03 21:55:29','2020-10-18 21:55:29',5,7,'Molestiae aut autem sunt quos ducimus. Rerum qui architecto laborum dolorem. Autem dolores dolorem quia. Laboriosam sunt culpa dolor architecto eos iste.','2020-10-03 21:55:29','2020-12-07 13:12:41'),(67,'2020-12-20 15:59:12','2021-01-04 15:59:12',4,1,'Excepturi consequatur aut eos non harum. Eos molestiae et eaque minus doloribus corporis itaque aut.','2020-12-20 15:59:12','2020-12-07 13:12:41'),(68,'2020-06-30 11:18:50','2020-07-15 11:18:50',3,4,'Quaerat excepturi officia est ducimus dolor non magni et. Deleniti accusamus aliquam adipisci expedita alias illo. Accusamus natus eos ut est sint consequatur.','2020-06-30 11:18:50','2020-12-07 13:12:41'),(69,'2020-09-14 01:10:31','2020-09-29 01:10:31',2,4,'Harum delectus blanditiis et et quam vel et. Atque rerum eos laborum sed quos quo autem saepe. Voluptas blanditiis nostrum ad dicta.','2020-09-14 01:10:31','2020-12-07 13:12:41'),(70,'2020-11-13 13:20:57','2020-11-28 13:20:57',3,4,'Et possimus eum et pariatur. Qui ipsum aspernatur omnis quae. Non accusamus sit veniam beatae qui non ad. Quisquam ut omnis qui velit incidunt ullam iure.','2020-11-13 13:20:57','2020-12-07 13:12:41'),(71,'2020-10-04 02:47:00','2020-10-19 02:47:00',7,6,'Tempore ut adipisci nemo ea et vero. Officia libero expedita eos voluptatem nulla rerum veritatis. Officiis amet corporis et omnis et voluptas tempora at. Odio numquam officiis similique debitis aut.','2020-10-04 02:47:00','2020-12-07 13:12:41'),(72,'2020-11-20 03:48:00','2020-12-05 03:48:00',7,4,'Excepturi consequatur nihil hic ipsum minima rerum ea aliquid. Ut eligendi ex hic alias dolores vel. Vel voluptatem blanditiis doloremque nostrum sit nisi.','2020-11-20 03:48:00','2020-12-07 13:12:41'),(73,'2020-08-02 16:35:41','2020-08-17 16:35:41',4,9,'Voluptatibus in aut est porro nemo voluptas. Temporibus vel nihil rerum iure voluptas. Cumque omnis corrupti beatae et. Vel laboriosam voluptate nesciunt vel aut.','2020-08-02 16:35:41','2020-12-07 13:12:41'),(74,'2020-12-16 21:58:47','2020-12-31 21:58:47',8,2,'Est deserunt dolores consequatur qui voluptatibus ex voluptatum. Tempora harum quo aliquid voluptatem nesciunt perferendis non. Voluptatem veniam rerum incidunt. Repellat eaque nulla ducimus quo voluptatem ad voluptatem repellendus.','2020-12-16 21:58:47','2020-12-07 13:12:41'),(75,'2020-05-12 18:40:31','2020-05-27 18:40:31',7,9,'Qui perferendis tempora consequatur id rerum odio suscipit. Incidunt tempora incidunt qui. Delectus neque eum laboriosam a.','2020-05-12 18:40:31','2020-12-07 13:12:41'),(76,'2020-09-24 12:29:32','2020-10-09 12:29:32',10,8,'Reprehenderit ut minima cupiditate aut. Omnis consequatur saepe tempore iste officia voluptatem iusto. Minima magnam odit unde iste eos quisquam. Optio consequatur corporis et.','2020-09-24 12:29:32','2020-12-07 13:12:41'),(77,'2020-09-16 23:22:01','2020-10-01 23:22:01',8,6,'Aut sit qui corporis consectetur. Saepe quisquam itaque qui labore aspernatur. Repellendus molestias dolorum quia maiores aliquam. Et et numquam suscipit rerum reiciendis soluta.','2020-09-16 23:22:01','2020-12-07 13:12:41'),(78,'2020-11-23 05:49:21','2020-12-08 05:49:21',1,8,'Quas et illum nemo consequuntur sint voluptatem molestiae. Rem quia iusto et nesciunt est dolores facilis. Porro sequi molestias et consectetur sed ducimus sapiente sunt. Odio eligendi est consectetur temporibus praesentium et.','2020-11-23 05:49:21','2020-12-07 13:12:41'),(79,'2020-01-01 10:32:18','2020-01-16 10:32:18',10,9,'Voluptas placeat dolor asperiores. Facilis consequatur quae alias minima non aspernatur voluptatem. Id ut qui consequatur dolore rem.','2020-01-01 10:32:18','2020-12-07 13:12:41'),(80,'2020-03-02 17:44:40','2020-03-17 17:44:40',5,2,'Eum sapiente veniam odit ab ut unde quasi. Doloribus maxime totam veritatis. Nemo cupiditate vel voluptatem harum similique sit. Quasi quo autem quia ipsum et.','2020-03-02 17:44:40','2020-12-07 13:12:41'),(81,'2020-01-05 22:07:20','2020-01-20 22:07:20',4,8,'Est voluptatem iste a. Est quia et ab molestiae corporis aperiam sapiente. Voluptatum tempora vel delectus enim modi ea. Voluptatem molestiae aut ut qui. Eveniet necessitatibus quae beatae consectetur quia esse perspiciatis.','2020-01-05 22:07:20','2020-12-07 13:12:41'),(82,'2020-06-12 01:01:16','2020-06-27 01:01:16',4,8,'Voluptatum nisi non vel molestiae. Ut et aut facilis libero consequatur maiores. Ipsum aut doloremque voluptatem. Quasi repellendus sit distinctio assumenda perferendis et.','2020-06-12 01:01:16','2020-12-07 13:12:41'),(83,'2020-09-13 16:58:31','2020-09-28 16:58:31',1,1,'Vitae dolor nesciunt voluptatum ad maxime aut. A qui voluptate et ipsa dolorum ab. Impedit molestiae molestiae incidunt sunt et architecto vero.','2020-09-13 16:58:31','2020-12-07 13:12:41'),(84,'2020-03-21 12:16:58','2020-04-05 12:16:58',10,1,'Non enim autem aliquam. Doloremque rem eius voluptatem quis repudiandae molestiae perferendis. Deserunt cumque ut ipsa nihil.','2020-03-21 12:16:58','2020-12-07 13:12:41'),(85,'2020-07-06 05:30:17','2020-07-21 05:30:17',5,7,'Tenetur ex et corrupti corporis voluptate quod culpa recusandae. Non exercitationem adipisci aut et ut praesentium reiciendis. Inventore cumque repellat aut a omnis consequuntur quis. Sequi voluptatem enim quisquam doloribus ipsum accusamus.','2020-07-06 05:30:17','2020-12-07 13:12:41'),(86,'2020-09-06 10:37:13','2020-09-21 10:37:13',8,3,'Eaque ipsum illum accusamus aliquam qui temporibus. Esse dolores nemo corrupti est ut. Rerum quis ex dolor et laudantium pariatur adipisci. Quod aspernatur aperiam voluptas sit qui natus natus id.','2020-09-06 10:37:13','2020-12-07 13:12:41'),(87,'2020-04-03 13:42:05','2020-04-18 13:42:05',2,5,'Inventore sed commodi minima a assumenda optio rerum. Similique ipsa optio expedita voluptas autem magnam. Amet repudiandae quo tempora pariatur sed quis.','2020-04-03 13:42:05','2020-12-07 13:12:41'),(88,'2020-05-02 10:09:21','2020-05-17 10:09:21',7,7,'Deserunt est quas cumque adipisci aliquam deserunt. Alias veniam in dolorem voluptatem qui ut vitae.','2020-05-02 10:09:21','2020-12-07 13:12:41'),(89,'2020-02-15 04:51:28','2020-03-01 04:51:28',8,5,'Eius voluptatum voluptatum non ad aliquam cupiditate excepturi. Corporis delectus et quaerat aut minus praesentium voluptatem. Cupiditate accusantium hic fuga distinctio. Voluptatem ullam ipsam voluptate culpa illo excepturi.','2020-02-15 04:51:28','2020-12-07 13:12:41'),(90,'2020-12-12 01:06:53','2020-12-27 01:06:53',8,2,'Eum eum alias qui. Perspiciatis ab eum officia iure est. Autem itaque aut iure dolorem.','2020-12-12 01:06:53','2020-12-07 13:12:41'),(91,'2020-02-09 20:18:45','2020-02-24 20:18:45',4,5,'Omnis et quia sit nostrum dolorem perspiciatis quidem. Labore ut recusandae quibusdam et assumenda enim et et. Et in consequuntur et delectus cum voluptas aut harum. Ut et reprehenderit eius dolorum.','2020-02-09 20:18:45','2020-12-07 13:12:41'),(92,'2020-01-09 13:25:57','2020-01-24 13:25:57',8,4,'Est dolorem sunt nulla et nihil voluptas. Voluptatem expedita quidem quae et corporis voluptates reprehenderit. Optio id quasi minima sed ut sit quia. Occaecati voluptatem reprehenderit delectus voluptas consequatur consequatur eveniet.','2020-01-09 13:25:57','2020-12-07 13:12:41'),(93,'2020-08-04 09:17:17','2020-08-19 09:17:17',7,1,'Accusantium nesciunt officia sit voluptatem. Iusto odit ut vel sunt. Quia quos omnis voluptatibus et ad tempora.','2020-08-04 09:17:17','2020-12-07 13:12:41'),(94,'2020-10-30 06:51:27','2020-11-14 06:51:27',1,6,'Fuga soluta eos repellat et. Consequuntur nam harum quis et.','2020-10-30 06:51:27','2020-12-07 13:12:41'),(95,'2020-10-10 06:40:56','2020-10-25 06:40:56',3,2,'Repellendus vel reiciendis voluptatum. Hic non ut explicabo voluptates consequatur et. Quam voluptas sunt quia illo rerum. Corporis recusandae suscipit unde odit quod beatae optio.','2020-10-10 06:40:56','2020-12-07 13:12:41'),(96,'2020-04-01 10:22:34','2020-04-16 10:22:34',3,6,'Dolor et sed ut consequuntur vero voluptatum libero. Repellendus reprehenderit ut necessitatibus error necessitatibus sequi ut. Quis temporibus amet quam commodi quo odio quaerat. Reprehenderit repellendus nisi voluptate dolore optio autem. Quis illo hic ','2020-04-01 10:22:34','2020-12-07 13:12:41'),(97,'2020-10-30 07:33:17','2020-11-14 07:33:17',3,5,'Aut praesentium minus quia incidunt dolore in qui. Ipsam doloribus vero aut qui tempora. Quae numquam beatae dolorem beatae totam inventore.','2020-10-30 07:33:17','2020-12-07 13:12:41'),(98,'2020-01-15 20:44:37','2020-01-30 20:44:37',8,7,'Qui quis exercitationem cumque sed earum qui. Culpa est molestias odio eos asperiores.','2020-01-15 20:44:37','2020-12-07 13:12:41'),(99,'2020-03-17 11:00:51','2020-04-01 11:00:51',10,9,'Nostrum quam voluptatibus optio suscipit culpa. Eum et ut autem quaerat laboriosam. Veritatis et excepturi vel quasi odit.','2020-03-17 11:00:51','2020-12-07 13:12:41'),(100,'2020-10-24 02:31:22','2020-11-08 02:31:22',7,9,'Voluptate est aut consequatur et at. Iure sint nisi et fugit quisquam quia. Et et asperiores tenetur unde dignissimos.','2020-10-24 02:31:22','2020-12-07 13:12:41');
/*!40000 ALTER TABLE `promotions` ENABLE KEYS */;
UNLOCK TABLES;

--
-- Table structure for table `publishing_houses`
--

DROP TABLE IF EXISTS `publishing_houses`;
/*!40101 SET @saved_cs_client     = @@character_set_client */;
/*!50503 SET character_set_client = utf8mb4 */;
CREATE TABLE `publishing_houses` (
  `id` int unsigned NOT NULL AUTO_INCREMENT COMMENT 'УИД Издательства',
  `name` varchar(255) COLLATE utf8mb4_unicode_ci NOT NULL COMMENT 'Название',
  `description` varchar(255) COLLATE utf8mb4_unicode_ci NOT NULL COMMENT 'Описание',
  `created_at` datetime DEFAULT CURRENT_TIMESTAMP COMMENT 'Время создания строки',
  `updated_at` datetime DEFAULT CURRENT_TIMESTAMP ON UPDATE CURRENT_TIMESTAMP COMMENT 'Время обновления строки',
  PRIMARY KEY (`id`)
) ENGINE=InnoDB AUTO_INCREMENT=101 DEFAULT CHARSET=utf8mb4 COLLATE=utf8mb4_unicode_ci COMMENT='Издательства';
/*!40101 SET character_set_client = @saved_cs_client */;

--
-- Dumping data for table `publishing_houses`
--

LOCK TABLES `publishing_houses` WRITE;
/*!40000 ALTER TABLE `publishing_houses` DISABLE KEYS */;
INSERT INTO `publishing_houses` VALUES (1,'Enim possimus ad sapiente maiores libero provident.','Veniam quo unde sint beatae voluptas voluptas. Modi consequatur eum id consequatur numquam in. Ipsum laudantium earum suscipit et porro corporis. Perferendis culpa enim dolorem consequatur nemo placeat.','2020-10-25 01:10:40','2020-12-07 13:26:32'),(2,'Aut et quas qui voluptatum.','Et ullam quasi vero soluta alias porro et. Nesciunt quia et qui molestiae iure aperiam dolor quia. Exercitationem tenetur vitae natus autem. Odit vitae quam consequatur dolorem sapiente. Expedita culpa ad illo praesentium aliquam.','2020-02-19 10:33:52','2020-12-07 13:26:32'),(3,'Ipsum occaecati nihil et reiciendis illum libero eos.','Dolor quaerat enim dolores consequatur. Praesentium vero similique aspernatur sint. Necessitatibus cupiditate qui similique laborum.','2020-06-09 07:28:39','2020-12-07 13:26:32'),(4,'Dolores consequatur ut eum ut sequi repudiandae quis.','Et corrupti qui in earum. Possimus qui non ratione provident et unde dolor. Nobis deserunt aut natus voluptatem sint.','2020-04-02 12:32:05','2020-12-07 13:26:32'),(5,'Vel sed voluptatem quas sapiente.','Sit eveniet quod laborum ex quis et aut. Nostrum iusto deserunt sunt expedita expedita. Et quod quidem dolores.','2020-04-02 18:58:53','2020-12-07 13:26:32'),(6,'Enim deleniti culpa qui earum qui dolorum dolor provident.','Est quia quidem vel distinctio sed distinctio. Qui enim corrupti vitae aut. Quas rerum corporis ut quos molestias error. Voluptas quia odio nisi eaque.','2020-10-28 14:22:03','2020-12-07 13:26:32'),(7,'Deleniti temporibus commodi omnis laudantium cum ut ducimus tempora.','Non consequatur in et impedit ad harum. Eos commodi sint molestias molestiae et vero nihil vitae. Vel quia alias ea sed mollitia tempora adipisci. Est nam voluptate harum et repudiandae.','2020-05-26 13:49:15','2020-12-07 13:26:32'),(8,'Libero qui sit laborum.','Inventore dolorem voluptas dolorem. Asperiores iusto velit distinctio. Corrupti ut saepe provident rerum consequuntur ea impedit occaecati.','2020-06-05 21:33:31','2020-12-07 13:26:32'),(9,'Exercitationem eum voluptas excepturi exercitationem doloribus architecto.','Dolorem voluptas mollitia quidem aut error. Qui nisi maiores nostrum. Officiis fugiat architecto architecto nemo occaecati qui magnam. Architecto quo sint est veniam.','2020-06-27 00:41:01','2020-12-07 13:26:32'),(10,'Sit necessitatibus magni voluptatem saepe voluptate voluptas neque consectetur.','Assumenda voluptatem est dolor aut nisi aut id. Est possimus aut doloribus dolorum eum inventore. Quia aut facilis omnis consectetur provident temporibus. Corporis aspernatur sint reiciendis et quia placeat voluptatum.','2020-12-04 22:49:29','2020-12-07 13:26:32'),(11,'Voluptatem reprehenderit rerum rem commodi sed.','Provident deserunt rerum quia enim. Aperiam aliquam non culpa voluptatem. Sunt corporis quos tempore dicta itaque quia. Impedit magni quaerat dignissimos repudiandae suscipit voluptatem.','2020-11-17 11:00:55','2020-12-07 13:26:32'),(12,'Eaque vel ipsam ut quod sit ratione.','Enim similique aut et vel repellat. Omnis sunt cum cumque expedita maiores in eum. Vel eius debitis rerum quas possimus corporis. Ratione dolorem ex qui consequuntur sint eaque et quia.','2020-08-01 17:07:27','2020-12-07 13:26:32'),(13,'Aut ipsum ab quaerat et iure.','Impedit magni sequi quidem eaque rem quam. Sequi et sed quidem omnis. Enim officia qui iusto praesentium et.','2020-07-20 21:47:23','2020-12-07 13:26:32'),(14,'Qui quae qui enim ad dignissimos dolor.','Cum modi consectetur porro dolorem nam. Velit voluptatem rem ea et. Ducimus delectus id quia quas.','2020-08-14 19:44:43','2020-12-07 13:26:32'),(15,'Recusandae aut voluptas repellat non.','Nam nihil numquam minus et provident sint et. Accusamus dolores voluptas dolores. Ut sed dolorem aut iusto illum expedita atque.','2020-05-28 10:27:33','2020-12-07 13:26:32'),(16,'Magni fugit est architecto aut.','Cum ea maiores perspiciatis. Nulla et ex officia sed non itaque consequatur. Voluptatem rem ea tenetur. Pariatur harum omnis et qui quo dolorem aut.','2020-08-10 06:11:35','2020-12-07 13:26:32'),(17,'Ducimus vel deserunt et ipsam.','Aut velit labore quisquam veritatis praesentium animi et. Dolor exercitationem ratione sunt. Deleniti suscipit voluptate quisquam. Impedit excepturi blanditiis et nobis praesentium ut et.','2020-11-23 23:14:10','2020-12-07 13:26:32'),(18,'Fuga voluptas nam harum quia dolorem consequatur.','Corrupti sit sunt debitis et quia sunt. Laudantium tempore esse vel voluptas similique. Amet recusandae veritatis aspernatur possimus. Sapiente et quaerat voluptates fuga hic ut excepturi. Repellendus molestiae unde ut deserunt molestias ea.','2020-08-05 10:48:34','2020-12-07 13:26:32'),(19,'Culpa enim corrupti exercitationem rerum consequatur adipisci aspernatur molestiae.','Itaque praesentium est sapiente modi cumque. Enim est repellat quidem nesciunt velit et repellendus. Quae vel eos id cupiditate eum consectetur.','2020-06-29 05:09:17','2020-12-07 13:26:32'),(20,'Assumenda est deserunt perferendis quaerat itaque accusantium.','Sit est et quia. Amet assumenda saepe ut accusantium praesentium consequuntur ipsam. Ut aliquam quisquam et nisi ducimus.','2020-06-24 09:05:40','2020-12-07 13:26:32'),(21,'Odio totam fuga ad ipsum porro rem.','Asperiores esse ut officiis ut laborum numquam nesciunt autem. Vel voluptates corrupti laboriosam consequatur alias et consequatur. Corporis culpa recusandae doloremque quisquam nulla illum.','2020-08-25 20:43:28','2020-12-07 13:26:32'),(22,'Deserunt omnis non nihil ea.','Molestiae neque autem optio libero est fugit vitae. Fugiat enim voluptates quia laborum cum mollitia dolorum doloribus. Temporibus at quia aut quasi suscipit dicta. Aspernatur in modi unde eum praesentium deserunt beatae.','2020-04-18 23:52:28','2020-12-07 13:26:32'),(23,'Quibusdam et consequuntur earum iure enim vero ea possimus.','Amet modi et labore dolorem. Explicabo cum accusantium quasi aliquid.','2020-12-02 15:11:24','2020-12-07 13:26:32'),(24,'Nesciunt aut consequuntur sit libero dignissimos.','Natus necessitatibus perspiciatis aperiam qui praesentium in velit atque. Tenetur illum cum assumenda culpa. Nemo aut dolorum consequuntur voluptas tempora deleniti.','2020-06-11 21:50:12','2020-12-07 13:26:32'),(25,'Porro aut aliquam autem rerum dolor facilis cumque.','Praesentium laudantium fuga saepe alias sed dolore sunt. In vero facere molestiae omnis dolor. Et velit perspiciatis nihil sit beatae est. Et esse unde consectetur soluta sed quo velit. Earum dolor consequatur a explicabo.','2020-09-10 21:28:48','2020-12-07 13:26:32'),(26,'Expedita temporibus iure et ratione quo accusantium quidem.','Dolorum est temporibus totam quasi. Pariatur et molestiae temporibus alias dicta aspernatur porro. Explicabo tempore dolorem accusamus recusandae odio tempore commodi velit.','2020-08-20 02:10:28','2020-12-07 13:26:32'),(27,'Laudantium asperiores exercitationem voluptatem dolore.','Neque quis ullam tempore harum. Sint laudantium dolores saepe. Quia quas quo voluptatem sint ullam fuga. Minus non laudantium quaerat facere dolor sint ut rerum.','2020-05-11 08:14:30','2020-12-07 13:26:32'),(28,'Inventore dignissimos natus laudantium ut explicabo iste.','Sunt qui neque corrupti libero voluptas. Nemo amet eum maxime. Nemo illum eveniet id quaerat. Et facilis quia facilis expedita similique consequuntur et.','2020-01-04 17:24:13','2020-12-07 13:26:32'),(29,'Sint velit beatae enim non quia.','Similique error modi ut atque itaque sequi quisquam. Quia accusantium praesentium sed quia laborum iusto vitae. At laudantium qui vero rerum. Adipisci necessitatibus ad expedita est sint architecto.','2020-08-27 19:04:09','2020-12-07 13:26:32'),(30,'Eos voluptate quae eligendi eum quos molestias.','Perferendis in eveniet ut voluptatem esse. Repellendus quis cumque exercitationem suscipit molestiae. Ipsa cum amet adipisci veniam quis suscipit itaque et. Est quidem autem sint tempora velit dolore.','2020-04-19 17:26:56','2020-12-07 13:26:32'),(31,'Aliquam earum quas sint.','Tempore voluptatibus dolores architecto delectus rem. Odio recusandae nisi quia numquam deserunt. Consequatur distinctio nihil vero enim amet necessitatibus similique. Eaque velit ut molestiae quaerat enim est aut.','2020-07-16 06:32:55','2020-12-07 13:26:32'),(32,'Exercitationem voluptatum quisquam vero est.','Earum et et omnis placeat ex dolores optio. Magni iure eos natus vitae similique qui molestias sapiente. Quisquam impedit hic ut enim deleniti rerum quia. Aut officiis repudiandae delectus illum asperiores.','2020-07-30 21:11:00','2020-12-07 13:26:32'),(33,'Culpa nesciunt quia sit nihil.','Tenetur ab debitis autem tenetur sequi nesciunt. Illum at magni qui commodi. Ex eum minima dolorum alias.','2020-08-07 23:11:21','2020-12-07 13:26:32'),(34,'Aut accusantium perferendis id similique occaecati accusantium tempore ea.','Ea facilis eaque ab nesciunt delectus qui ut. Ipsa reiciendis laboriosam ducimus quis delectus dolores vel. Fugit quas non vero. Natus tempore iusto saepe rerum autem velit rerum. Voluptatem possimus temporibus vel dolor ullam ea necessitatibus laborum.','2020-06-24 05:05:31','2020-12-07 13:26:32'),(35,'Eum nulla quo iste ut.','Aut quibusdam eum laudantium exercitationem. Incidunt iure eveniet id sit sit facilis nihil.','2020-07-30 01:10:29','2020-12-07 13:26:32'),(36,'Et non ut ex sed sed.','Voluptatem tenetur rerum quibusdam commodi et accusantium. Ut hic nostrum tempora aut. Possimus vero iure rerum ducimus ea quis facilis facere.','2020-09-04 03:25:09','2020-12-07 13:26:32'),(37,'In impedit qui sint ducimus vel dignissimos voluptas necessitatibus.','Aut nobis maxime laudantium ut aut. Vero omnis quaerat voluptas blanditiis velit ut deserunt. Soluta fuga vitae quas voluptates dolore. Est quos perferendis deserunt corporis odit quia ab.','2020-09-08 12:24:29','2020-12-07 13:26:32'),(38,'Qui ducimus rerum vitae est rem provident.','Et reiciendis consectetur nihil et veniam et eum. Quo maxime molestiae et atque officia ut ratione esse. Est voluptatem voluptatibus esse cum aut.','2020-11-06 23:31:56','2020-12-07 13:26:32'),(39,'Et consequatur sunt distinctio distinctio dolor qui porro.','Dolores sit sit quae dolores. Exercitationem magni provident aut architecto. Explicabo consequuntur et quia porro dolores quis.','2020-07-19 18:20:33','2020-12-07 13:26:32'),(40,'Iure est rerum qui.','Earum sit consequatur dolores voluptas minima. Iure saepe numquam quia ea sit ex laborum. Nesciunt qui eos voluptatem ea odio sint. Dignissimos minima cupiditate architecto nobis assumenda eum officiis.','2020-12-21 03:51:53','2020-12-07 13:26:32'),(41,'Provident in qui assumenda architecto ea.','Sequi doloribus similique illo nobis nihil doloribus. Tempora nesciunt corporis qui voluptatem et. Fugiat aut ea nesciunt deserunt iste esse occaecati molestiae.','2020-01-17 12:02:31','2020-12-07 13:26:32'),(42,'Labore voluptatem dolor quam voluptas quos voluptates.','Perferendis occaecati voluptas eaque molestias. Eius libero quibusdam illo deleniti ipsum quaerat molestiae. Provident dolorum quis delectus neque sed velit quaerat similique. A dolorem illo voluptatem assumenda numquam et sit.','2020-10-18 04:32:29','2020-12-07 13:26:32'),(43,'Dolorum nihil ipsa a repellat vitae illum.','Voluptatem deserunt ut fuga sit quidem. Odit voluptatem inventore esse et alias quidem et. Est numquam reiciendis animi praesentium placeat vero.','2020-03-25 10:00:21','2020-12-07 13:26:32'),(44,'Suscipit ut commodi rerum incidunt quam quae dolores totam.','Facilis doloremque consequatur porro est. Aut dolores eos placeat. Et deserunt laudantium voluptatem at quia sit sint hic. Minus doloremque magnam excepturi dolor.','2020-10-15 20:55:10','2020-12-07 13:26:32'),(45,'Quis nostrum magnam voluptas dolorem assumenda sint laudantium quia.','Cumque tempora et perspiciatis sapiente est. Qui sequi voluptatem molestiae sunt unde autem. Autem in architecto consequuntur quis dolor labore eos.','2020-01-04 22:42:27','2020-12-07 13:26:32'),(46,'Culpa recusandae recusandae accusantium praesentium.','Quo eaque numquam ut fuga quisquam mollitia. Quia minus necessitatibus maiores amet inventore vitae nisi. Nihil autem quis ipsa ut autem cum. Quis aspernatur cumque vero aliquam rerum quos dolorem.','2020-07-30 12:21:49','2020-12-07 13:26:32'),(47,'Eum temporibus ullam atque.','Recusandae voluptas excepturi iure qui veniam cumque quia. Non sed sint eum vel reprehenderit sit. Sint sint sed repellat sit ut voluptate.','2020-05-05 14:05:52','2020-12-07 13:26:32'),(48,'Excepturi iure eveniet sit aut nemo.','Enim odit velit minus quo. Distinctio saepe dignissimos praesentium dolorem et totam. Qui unde rerum minima ex pariatur repellat nihil.','2020-02-24 15:29:52','2020-12-07 13:26:32'),(49,'Voluptate voluptas error quo a ea similique.','Id dolores aut ut sequi doloribus. Perspiciatis similique corporis enim eos sed maiores. Dolore provident sed sint eaque itaque. Magnam aut labore quia commodi incidunt.','2020-06-11 20:23:15','2020-12-07 13:26:32'),(50,'Sed iste eum aperiam dolor aut ea et.','In et et numquam quaerat molestias doloremque. Non in sunt quia id aspernatur. Et recusandae voluptatem a rem eum ratione quia optio. In in dignissimos dolorem nobis. Tenetur id nostrum culpa at assumenda earum odio.','2020-08-21 18:26:24','2020-12-07 13:26:32'),(51,'Ut nemo nisi facilis est.','Possimus sint autem qui est. Ad illo laborum sunt repellat et pariatur. Non voluptatibus ducimus quae magnam. Et qui illo ullam ut nisi.','2020-03-27 10:47:31','2020-12-07 13:26:32'),(52,'Tenetur accusamus facere sunt temporibus dolorem delectus.','Ut repellat aut officiis dolor. Dolorum corrupti autem commodi exercitationem. Qui error sed et illum et voluptatem quaerat.','2020-11-01 09:46:22','2020-12-07 13:26:32'),(53,'Nostrum eaque voluptates qui voluptatem magni praesentium voluptatem.','Deserunt quod dignissimos consectetur dicta non consectetur. Voluptates saepe molestiae aut consequatur voluptatem consequatur. Est repellat molestias ut officia consequatur veniam rem. Qui voluptatem doloribus numquam qui nihil ab dolorum.','2020-03-26 02:03:39','2020-12-07 13:26:32'),(54,'Quasi fugit optio perspiciatis maxime rem perferendis id.','Impedit impedit eos harum reiciendis. Voluptatum quod necessitatibus sit animi aut natus. Quam culpa ipsa aliquam illum sit tempore.','2020-10-24 00:10:25','2020-12-07 13:26:32'),(55,'Dolor pariatur voluptatibus accusantium sint.','Esse architecto impedit quibusdam quia omnis. Aut eaque provident nisi quisquam sint quia mollitia.','2020-04-20 02:19:31','2000-07-22 17:11:02'),(56,'Suscipit iusto rerum beatae.','Nam nulla optio rem distinctio vitae voluptas. Aut quis qui sint quasi tempora. Cupiditate aliquam qui consequuntur vitae odit laboriosam ut.','2020-08-15 05:49:17','2020-12-07 13:26:32'),(57,'Est ut iste ullam occaecati id.','Eius ut deleniti possimus sed. Qui reprehenderit dolores vitae et eaque aut. Consectetur cumque alias sequi provident eum. Nam laborum asperiores quis ut sapiente voluptatem odio error. Nihil ut dicta est consequatur aut quia error.','2020-02-08 00:48:48','2020-12-07 13:26:32'),(58,'Ipsam qui quas consequatur eum dolor.','Exercitationem eos maiores dignissimos architecto optio aspernatur et. Quia et quo est quia amet quod blanditiis. Est dicta aut qui numquam cum rerum animi.','2020-05-30 11:02:31','2020-12-07 13:26:32'),(59,'Tenetur sit explicabo soluta impedit ratione id qui.','Labore qui laudantium quibusdam et facere molestias. In perferendis deleniti vero consectetur sit eaque. Voluptas rem aliquid est. Harum non perspiciatis iure quia dolor et et.','2020-05-21 19:16:27','2020-12-07 13:26:32'),(60,'Ut sed distinctio aut.','Dolores consequuntur maxime alias saepe error dolores. Aut delectus assumenda inventore rerum. Nisi praesentium iusto pariatur voluptatem. Quia distinctio architecto nihil reiciendis nemo.','2020-06-10 00:04:40','2020-12-07 13:26:32'),(61,'Consequatur tempore repellendus dolore aut.','Dolore cum exercitationem in et. Porro ullam repudiandae qui tempora architecto et incidunt iusto. Perspiciatis quidem hic dolores ut.','2020-11-16 16:35:03','2020-12-07 13:26:32'),(62,'Ad aut totam et totam ea magnam molestias.','Quisquam deserunt fugiat enim. Nesciunt in totam accusantium nobis. Qui nam sed accusamus possimus ullam ut dolor.','2020-09-21 12:42:27','2020-12-07 13:26:32'),(63,'Unde et nisi possimus ullam.','Maxime eius et voluptate quaerat sunt cupiditate. Recusandae earum id consequatur voluptatibus ab. Aut veritatis nihil aut assumenda iste voluptates esse.','2020-03-28 12:03:24','2020-12-07 13:26:32'),(64,'Itaque vel a atque non sed.','Ut dolorem minima architecto harum dolorum. Et magni fugit inventore cupiditate.','2020-02-13 18:04:17','2020-12-07 13:26:32'),(65,'Accusamus laborum ab enim fugit optio sint.','Ad molestiae ut sit dolorem aut iste. Molestiae fugiat praesentium aut illum laborum aut soluta. Voluptas voluptates rerum nobis enim quia enim enim labore.','2020-09-10 04:58:11','2020-12-07 13:26:32'),(66,'Et quisquam ducimus voluptas maxime voluptas saepe iusto aliquam.','Et quisquam ut porro officia. Reprehenderit asperiores repudiandae ullam cum. Voluptatibus rerum delectus est accusantium culpa. Sed eos vitae earum quae officia rem.','2020-10-16 16:00:06','2020-12-07 13:26:32'),(67,'Quidem reprehenderit quos iste nesciunt.','Autem non hic reiciendis earum. Blanditiis cupiditate quaerat repudiandae et.','2020-04-05 20:45:52','2020-12-07 13:26:32'),(68,'Eos enim qui incidunt blanditiis dolores.','Odio praesentium doloremque explicabo doloribus aut autem sunt. Nam amet sequi est in. Quis eos dicta blanditiis quia sunt consequuntur sit molestias.','2020-07-06 16:48:07','2020-12-07 13:26:32'),(69,'Et quas a repellendus odio libero ut amet laboriosam.','Optio accusamus sint dolorem libero commodi et alias. Odit dolorem sit sit deserunt maiores aut molestiae.','2020-05-09 23:40:40','2020-12-07 13:26:32'),(70,'Porro omnis voluptas voluptate accusantium eius commodi.','Consectetur sint neque voluptatem nihil non dolorum. In magni exercitationem maiores. Doloremque quas rerum quidem eligendi earum tenetur assumenda. Sed reprehenderit est rem velit blanditiis commodi alias eveniet.','2020-05-21 20:43:42','2020-12-07 13:26:32'),(71,'Aperiam ut quidem qui perferendis similique pariatur deleniti.','Dolores molestiae qui tenetur voluptas fugit. Quam excepturi dicta vero qui mollitia sed. Sint magni dolores consequatur. Qui voluptatem non et ut similique quidem quos nihil.','2020-01-04 08:49:57','2020-12-07 13:26:32'),(72,'Magni nisi nobis quo fugiat dolores.','Beatae quos accusantium in nesciunt at non deleniti. Temporibus explicabo veritatis voluptas voluptas. Reiciendis totam sed sed corporis sapiente. Deserunt occaecati quia quia eum.','2020-11-13 20:08:12','2020-12-07 13:26:32'),(73,'Et quas modi qui pariatur.','Illo doloremque qui ut quasi quia. Non aut omnis quibusdam qui. Suscipit accusantium veniam et temporibus omnis qui rem. Ut nesciunt non nisi voluptatum similique a sit.','2020-09-03 01:10:31','2020-12-07 13:26:32'),(74,'Reprehenderit eum molestias magni.','Quam sunt repellendus facere. Consequatur et mollitia facere quidem aut. Sit delectus tempore qui molestiae rerum. Labore porro minus officiis est.','2020-11-28 08:04:35','2020-12-07 13:26:32'),(75,'Autem delectus optio eum aut aliquid qui voluptates.','Sint ea mollitia error placeat pariatur commodi sunt aut. Doloremque asperiores et aspernatur non. Ipsam doloremque veritatis qui ullam eaque sed.','2020-01-21 00:20:20','2020-12-07 13:26:32'),(76,'Voluptatem rerum explicabo ut autem explicabo voluptate numquam.','Adipisci et possimus quos sit in vel vitae voluptatem. Dolorem voluptates iure veritatis placeat in facilis. Aliquam laborum quod officiis. Labore tenetur et a dolores.','2020-11-17 12:23:36','2020-12-07 13:26:32'),(77,'Est non perferendis ab.','Recusandae non ut magnam ad. Iste nam amet sapiente aut beatae illo possimus repellat. Earum ipsam laborum unde iure dignissimos sed qui vero. Aliquid incidunt nisi molestias fugiat recusandae.','2020-11-18 11:48:18','1982-10-05 18:14:29'),(78,'Quod veniam eum recusandae quos.','Et doloribus earum quidem eum. Aut rem ex repudiandae. Molestiae dolorum id ut quibusdam dolor vel aut et.','2020-04-02 22:46:46','2020-12-07 13:26:32'),(79,'Veniam iure voluptatem et accusantium ea.','Reprehenderit sit consectetur totam ipsum deserunt soluta. Atque reprehenderit iure rerum quo. Ratione rerum tempore aspernatur recusandae delectus aut.','2020-02-07 15:58:48','2020-12-07 13:26:32'),(80,'Aspernatur officiis veritatis velit esse rerum nulla.','Corporis praesentium voluptas facere quis rem similique. Sed sint et placeat inventore veniam ad. Aliquid unde debitis in. Quia corrupti velit et cum rerum enim voluptatem.','2020-11-04 22:30:46','2020-12-07 13:26:32'),(81,'Hic consequatur sed dolorum quia quae sit.','At laborum omnis minima quas. Amet eaque ut omnis consequatur libero quam maxime. Cumque eius ut facere quo.','2020-02-23 22:27:00','2020-12-07 13:26:32'),(82,'Aut optio quis voluptates eum quia.','Voluptatem qui officiis incidunt illum ut laborum vitae. Quia eius nemo iure amet magnam. Pariatur exercitationem explicabo porro ratione ut modi quae esse. Voluptas laborum reprehenderit veniam veritatis dolorum.','2020-09-19 20:57:33','2020-12-07 13:26:32'),(83,'Ab natus odio blanditiis fuga ad aut.','Quos ut dolores suscipit repellat quia cumque autem. Est tempora eveniet animi distinctio facere vero aliquam necessitatibus.','2020-05-18 10:45:31','2020-12-07 13:26:32'),(84,'Cupiditate quia amet quisquam magnam in.','Consequatur corrupti commodi ipsum voluptas et blanditiis est. Vero adipisci eum rem quod. Commodi alias dolorem velit doloribus porro accusantium blanditiis.','2020-01-26 17:27:20','2020-12-07 13:26:32'),(85,'Tempora libero vero voluptatem quos iste perferendis consectetur et.','Et quam ex reprehenderit fugiat vel deleniti. Molestiae esse qui sed unde itaque sit et. Omnis non dolores vitae corrupti explicabo. Repellat ut voluptas repellendus.','2020-01-23 08:11:44','2020-12-07 13:26:32'),(86,'Aut at omnis ipsa numquam veniam.','Molestias similique esse et quasi est cumque. Natus nesciunt molestiae autem neque consectetur a. Laborum sequi natus explicabo. Fugiat eaque ad adipisci repellat.','2020-06-05 03:19:34','2020-12-07 13:26:32'),(87,'Quis distinctio exercitationem enim id a quae harum.','Est facere qui officia eligendi quasi quasi accusamus. Et animi est facere earum placeat. Totam vero repellendus excepturi at. Magnam quibusdam consequatur in quam cum sit.','2020-02-06 06:06:06','2020-12-07 13:26:32'),(88,'Dolores consectetur molestiae maxime perspiciatis fugiat.','Et dignissimos in nulla vero pariatur sed. Inventore vel aperiam incidunt eum alias voluptatibus recusandae laboriosam. Est laudantium perspiciatis non omnis labore dolorem sit. Ut eos dolorum voluptatem illo tempora.','2020-01-18 09:58:43','2020-12-07 13:26:32'),(89,'Provident corrupti autem esse voluptates.','Eius veritatis eos magnam facilis. Sequi dolore laudantium dolores nostrum nulla. Consequatur nostrum enim incidunt voluptates labore.','2020-03-02 23:43:04','2020-12-07 13:26:32'),(90,'Odit ut harum fuga veritatis assumenda.','Aliquam est minima ea atque. Ipsum molestiae omnis quas a maxime. Unde assumenda voluptatem ut ea. Vitae natus modi mollitia voluptatibus quas nulla optio eligendi. Quis vero ut accusamus nisi error odio quasi.','2020-11-24 16:40:47','2020-12-07 13:26:32'),(91,'Aspernatur esse non dolorem.','Qui aut consequuntur ut ullam nobis reiciendis. Ut itaque sed a asperiores eum temporibus. Ea est est quia molestias possimus. Mollitia quia qui animi voluptas.','2020-10-26 17:45:53','2020-12-07 13:26:32'),(92,'Explicabo sit rem consequatur enim neque et.','Molestiae hic enim totam hic natus quasi dolores. Sed voluptas perferendis vel minima. Sequi deleniti sed exercitationem. A consequuntur ea perspiciatis magni et labore necessitatibus.','2020-03-19 08:53:12','2020-12-07 13:26:32'),(93,'Qui qui ut aut dicta quos.','Quibusdam reprehenderit qui ea alias natus eum nesciunt. Ratione possimus perferendis modi velit itaque sequi cum. Tenetur optio ut iste nemo nihil consequatur.','2020-05-02 17:52:28','2020-12-07 13:26:32'),(94,'Et a sint sequi dolore harum et.','Maxime minus sed illo. Consequatur et odit consequuntur porro aut eius reprehenderit. Exercitationem exercitationem aliquid sit voluptatibus.','2020-09-23 15:14:46','2020-12-07 13:26:32'),(95,'Animi quasi doloremque sunt amet explicabo odit est.','Tenetur dolores eius quo praesentium. Aperiam est architecto quis velit. Non ab officiis et et quod.','2020-03-10 08:52:15','2020-12-07 13:26:32'),(96,'Veniam est et est ullam vero.','Tempore totam cumque quia. Eius non ut ea accusamus. Placeat quam nihil voluptas quia. Est autem modi aliquam ex.','2020-05-22 09:14:30','2020-12-07 13:26:32'),(97,'In illum sunt atque tempore.','Minima impedit corrupti ut sint tempora et. Nisi aut quo blanditiis aut maiores. Ipsum aut qui eius occaecati praesentium. Sunt totam tenetur velit magnam magnam unde eos.','2020-03-23 12:26:55','2020-12-07 13:26:32'),(98,'Odit excepturi pariatur voluptates ullam laboriosam inventore.','Saepe eos optio culpa iure. Omnis consequatur aliquid quas consectetur voluptas alias. Similique voluptatibus sed sunt et quasi. Consectetur architecto error id non est.','2020-06-21 15:41:00','2020-12-07 13:26:32'),(99,'Sed aperiam ut et dolores voluptas fuga libero ab.','Unde voluptatum qui praesentium non enim perferendis. Rerum neque consequuntur qui tempora ut dignissimos. Voluptatem perferendis totam repudiandae eum voluptas. Ut ut ut maiores mollitia suscipit praesentium.','2020-12-20 15:46:07','2020-12-07 13:26:32'),(100,'Voluptas quia consequatur suscipit voluptates temporibus.','Sed quasi voluptatem doloremque est. Praesentium distinctio recusandae numquam accusamus. Nobis maxime explicabo eos quibusdam blanditiis quia assumenda.','2020-03-27 04:27:54','2020-12-07 13:26:32');
/*!40000 ALTER TABLE `publishing_houses` ENABLE KEYS */;
UNLOCK TABLES;

--
-- Table structure for table `ratings`
--

DROP TABLE IF EXISTS `ratings`;
/*!40101 SET @saved_cs_client     = @@character_set_client */;
/*!50503 SET character_set_client = utf8mb4 */;
CREATE TABLE `ratings` (
  `id` int unsigned NOT NULL AUTO_INCREMENT COMMENT 'УИД оценки, отзыва',
  `user_id` int unsigned NOT NULL COMMENT 'Идентификатор покупателя',
  `product_id` int unsigned NOT NULL COMMENT 'Идентификатор товара',
  `estimate` enum('0','1','2','3','4','5') COLLATE utf8mb4_unicode_ci NOT NULL,
  `feedback` varchar(255) COLLATE utf8mb4_unicode_ci DEFAULT NULL COMMENT 'Отзыв',
  `created_at` datetime DEFAULT CURRENT_TIMESTAMP COMMENT 'Дата создания строки',
  `updated_at` datetime DEFAULT CURRENT_TIMESTAMP ON UPDATE CURRENT_TIMESTAMP COMMENT 'Время обновления строки',
  PRIMARY KEY (`id`),
  KEY `ratings_product_id_fk` (`product_id`),
  KEY `ratings_user_id_fk` (`user_id`),
  CONSTRAINT `ratings_product_id_fk` FOREIGN KEY (`product_id`) REFERENCES `products` (`id`),
  CONSTRAINT `ratings_user_id_fk` FOREIGN KEY (`user_id`) REFERENCES `users` (`id`)
) ENGINE=InnoDB AUTO_INCREMENT=301 DEFAULT CHARSET=utf8mb4 COLLATE=utf8mb4_unicode_ci COMMENT='Оценки, отзывый';
/*!40101 SET character_set_client = @saved_cs_client */;

--
-- Dumping data for table `ratings`
--

LOCK TABLES `ratings` WRITE;
/*!40000 ALTER TABLE `ratings` DISABLE KEYS */;
INSERT INTO `ratings` VALUES (1,15,23,'1','Laudantium neque vitae quae ab. Expedita autem ut et enim veritatis at harum. Rem sapiente sint et rerum quas ut repellat. Occaecati quos porro debitis cumque.','2020-11-09 15:32:50','2020-12-08 03:09:36'),(2,89,152,'4','Qui non non hic repellendus non sunt vel. Ut vero consequatur qui deleniti qui. Dolorem non amet saepe delectus.','2020-12-17 07:48:31','2020-12-08 03:09:36'),(3,55,183,'5','Impedit sint dolor tenetur aut earum delectus consequatur. Fugit vel nisi architecto soluta. Sed architecto molestiae modi qui.','2020-02-27 12:55:12','2020-12-08 03:09:36'),(4,31,34,'0','Deserunt fuga qui quia similique voluptatum voluptatem quod. Quas expedita numquam placeat temporibus eos. Voluptatem minima qui vel sint autem.','2020-09-08 09:57:34','2020-12-08 03:09:36'),(5,120,164,'3','Aperiam id sint voluptatem fugit similique beatae dolorum. Commodi dignissimos sint dolorem corrupti ab dolorem ipsam. Quidem in quisquam similique ut reiciendis. Accusantium aut id ut officiis qui. Quo fuga dolorem ut impedit.','2020-05-13 08:16:56','2020-12-08 03:09:36'),(6,135,193,'0','Eveniet saepe sint vero voluptatum minus. Quia rem non iusto nobis. Eaque ab iusto ab id aspernatur. Consequatur id sit quos quaerat amet aut ipsam delectus.','2020-07-12 02:59:49','2020-12-08 03:09:36'),(7,53,133,'0','Alias veritatis et totam dolores. Dolores saepe ea voluptatem et reprehenderit error beatae dolorum. Voluptas pariatur ipsam illum voluptate suscipit mollitia magnam. Tempora iste deserunt dolores est.','2020-03-16 23:32:41','2020-12-08 03:09:36'),(8,106,165,'4','Molestiae id debitis expedita accusantium velit saepe. Exercitationem dolores voluptatem eos consequatur dicta fuga totam. Id quis animi velit ut doloremque. Nemo est autem aut veritatis natus laudantium.','2020-05-03 09:45:22','2020-12-08 03:09:36'),(9,62,143,'3','Eum sint et et vel. Et voluptatibus accusamus soluta qui. Aut voluptatem ipsum nam aut consectetur et doloribus. Qui quam debitis et enim.','2020-05-12 12:51:34','2020-12-08 03:09:36'),(10,121,131,'0','Et fugit aut laborum dolores adipisci possimus non. Commodi voluptatem corrupti exercitationem nihil sint libero culpa deserunt. Eum eius dignissimos sapiente. Distinctio minima deleniti dolore saepe.','2020-02-02 15:48:15','2020-12-08 03:09:36'),(11,70,62,'3','Est velit reprehenderit magni asperiores sed ut. Sed sed tempora ipsam fugiat velit quibusdam architecto.','2020-09-18 22:18:31','2020-12-08 03:09:36'),(12,102,146,'5','Aut maiores unde qui sunt ut. Molestias in quam velit et tenetur. Eius cumque consequatur dignissimos alias aliquam alias.','2020-04-21 21:39:23','2020-12-08 03:09:36'),(13,149,104,'0','In animi consectetur ut aliquam sit aut voluptatem. Explicabo iste vero incidunt magni aut reprehenderit. Autem iusto voluptate dolorum consequatur aut.','2020-09-13 23:54:44','2020-12-08 03:09:36'),(14,67,66,'2','Nam quia iure aut qui et sit inventore labore. Officia quia corrupti explicabo tenetur dolore quidem. Modi tempore et at. Enim quaerat similique maiores qui consectetur.','2020-04-09 00:26:31','2020-12-08 03:09:36'),(15,122,35,'2','Fugiat quibusdam cumque sed autem ut id earum. Cumque voluptate est et et ipsum quia. In illum quia iure sapiente atque eum quia officia.','2020-04-11 06:53:04','2020-12-08 03:09:36'),(16,37,198,'3','Quisquam beatae harum ut corrupti culpa aut et. Quam odit non est ex est. Ullam quae mollitia rerum. Ut laborum et occaecati amet ut atque porro.','2020-01-30 07:42:40','2020-12-08 03:09:36'),(17,45,90,'3','Eveniet eligendi qui nobis saepe. Ipsum laboriosam sed et ad dolorem dolorem similique. Sequi qui tempora aut nulla repellat. Facere veniam quasi ipsam dolor fugiat.','2020-12-23 04:02:58','2020-12-08 03:09:36'),(18,121,121,'5','Amet aut molestias repudiandae sapiente. Excepturi dolorem ad magnam dolorem dolores nisi sapiente ipsam. Corrupti consequuntur consequuntur eum esse. Quod aut eos reiciendis sed tempora id officiis.','2020-04-09 22:01:51','2020-12-08 03:09:36'),(19,59,41,'1','Quae magni esse voluptatem nemo voluptates numquam. Adipisci sit sequi fugit odit ex tempore nam.','2020-03-28 20:44:04','2020-12-08 03:09:36'),(20,75,48,'0','Ea error dignissimos sunt voluptate ab consequatur dolores vel. Est laborum tenetur sit quos in est incidunt iusto. Et ab harum tenetur repellat voluptate animi laudantium. Beatae placeat velit non sed.','2020-01-06 14:11:58','2020-12-08 03:09:36'),(21,150,80,'0','Nemo non ut dolores dolore. Quo occaecati enim dolore amet nemo vero. Animi nisi cum incidunt.','2020-04-21 14:45:38','2020-12-08 03:09:36'),(22,112,32,'0','Omnis tempore nulla ea a. Ea incidunt totam architecto. Vel et possimus fuga explicabo autem. Ipsum provident ab libero qui similique perferendis necessitatibus quae.','2020-10-30 13:59:00','2020-12-08 03:09:36'),(23,59,188,'4','Perferendis deserunt voluptates deleniti exercitationem dicta inventore culpa. Temporibus odio dolores omnis non quisquam et ipsam. Perferendis dignissimos ex tempore.','2020-06-07 00:06:14','2020-12-08 03:09:36'),(24,96,128,'1','Rerum rem delectus aliquid molestias rerum ullam voluptas. Voluptate vitae consequatur a inventore facere quia amet mollitia. Aut dolores qui ratione praesentium et laudantium qui. Qui enim voluptates beatae aut pariatur occaecati officia dolorem. Dolorib','2020-11-08 18:23:14','2020-12-08 03:09:36'),(25,16,88,'2','Soluta ut ducimus unde earum. Tempore dolor tempora illum sequi aliquam eligendi repellendus. Distinctio laudantium dicta commodi sint.','2020-08-19 01:22:47','2020-12-08 03:09:36'),(26,116,183,'4','Quo sunt vel nihil voluptatibus optio. Fugit fuga ea dolorem temporibus ut excepturi eum. Sed inventore quibusdam dolores error deserunt assumenda rerum. Quisquam quia ut rem dolorum deserunt ex.','2020-09-01 12:22:29','2020-12-08 03:09:36'),(27,85,33,'0','Delectus aut quis facilis eligendi. Maiores est qui ut molestias rerum. Temporibus rerum aut numquam.','2020-04-29 09:10:38','2020-12-08 03:09:36'),(28,85,57,'5','Vel nesciunt commodi deserunt porro sit non. Minima minus eveniet commodi explicabo ratione doloremque illo alias.','2020-08-21 14:32:33','2020-12-08 03:09:36'),(29,130,52,'5','Eligendi sunt enim corrupti est rerum adipisci adipisci. Quasi ad debitis animi et aut. Beatae deleniti et modi dolores aut ut id.','2020-08-10 05:29:46','2020-12-08 03:09:36'),(30,3,185,'2','Non voluptatem sed eos facere. Saepe ea sed vitae enim tempora laboriosam sed. Corrupti sit ipsum atque quia voluptas incidunt.','2020-11-19 03:00:49','2020-12-08 03:09:36'),(31,37,63,'2','Alias beatae quibusdam nobis vel quidem molestiae asperiores. Rerum debitis occaecati quam quae. Et optio qui autem laboriosam dolorem. Sequi est sint sint nihil.','2020-04-11 20:52:21','2020-12-08 03:09:36'),(32,34,136,'1','Enim dolorem voluptatibus officia ut magni voluptatum modi. Eum a perspiciatis libero aut alias et ullam. Quae quo eos sunt dolores sint voluptatem blanditiis asperiores. Magnam sequi et hic tempore possimus. Aut rerum unde qui qui quo deleniti qui.','2020-04-20 06:09:08','2020-12-08 03:09:36'),(33,1,63,'5','Qui aperiam ut maiores molestiae veniam reiciendis suscipit. Ea fugit perferendis doloremque consequuntur dolores minima suscipit. Et ea id veniam accusantium mollitia molestiae vel. Consequuntur porro iste sequi.','2020-01-09 11:13:45','2020-12-08 03:09:36'),(34,49,52,'4','Et quibusdam aliquid et excepturi. Est ipsum cum aperiam id. Blanditiis eos cum voluptates eaque ullam.','2020-10-25 13:40:56','2020-12-08 03:09:36'),(35,4,53,'3','Et et dolorem et corporis voluptatem. Soluta ut ut alias sequi ullam recusandae. Autem nam sed inventore eligendi aspernatur sapiente. Error eos perferendis eius. Dolore iste facere voluptatibus sit maxime placeat aliquid illo.','2020-04-24 03:04:11','2020-12-08 03:09:36'),(36,12,108,'2','Iusto cum minima earum consequatur accusantium. Blanditiis soluta non facilis et adipisci quo ut. Voluptates omnis sit hic ratione dolorem. Nesciunt impedit architecto ad molestias commodi error.','2020-09-09 23:41:30','2020-12-08 03:09:36'),(37,90,140,'0','Rerum quibusdam ut magnam fuga repellendus veritatis corrupti ad. Iure corporis rerum voluptatum officiis omnis accusantium ipsum tempore. Reprehenderit harum ut minima placeat optio. Deleniti voluptatem aperiam nesciunt numquam vitae minima ut voluptas. ','2020-05-20 06:34:22','2020-12-08 03:09:36'),(38,17,115,'4','Repellendus sint in maiores excepturi aliquid totam. Deserunt dolorem voluptas neque a. Aut et accusantium possimus consequuntur consectetur quae et neque. Corrupti amet non non et ea repellendus nemo.','2020-05-19 05:20:13','2020-12-08 03:09:36'),(39,71,117,'5','Quis sapiente eos corporis ut non. Est enim velit incidunt pariatur aut sit molestias. Voluptatibus ut rerum est quis. Vitae repellat iure ea dolor deserunt et non. Voluptatem sed nihil non tempore nemo sit et occaecati.','2020-01-31 04:49:42','2020-12-08 03:09:36'),(40,106,119,'5','Fuga ullam recusandae numquam voluptas. Odio tenetur sit necessitatibus officia cumque. Tenetur quia adipisci ullam tempore eligendi beatae. Eos est ut dicta repudiandae laborum praesentium.','2020-11-18 15:52:40','2020-12-08 03:09:36'),(41,143,142,'0','Numquam commodi minus velit quos est vel dolore. Ullam praesentium sit a sunt quasi fuga. Reprehenderit et id quaerat et harum earum modi. Ut tempora non dicta aut.','2020-05-03 12:36:03','2020-12-08 03:09:36'),(42,71,198,'1','Quam aspernatur fugit et aspernatur sequi. Quibusdam ratione in tenetur odio. Ut quo consequatur quam numquam distinctio omnis qui. Cupiditate iste ex nihil ad.','2020-06-09 22:22:05','2020-12-08 03:09:36'),(43,149,50,'1','Alias quia qui saepe quia eius non rerum. Voluptate non saepe delectus magnam aliquid sunt molestiae. Consequatur ut quis consectetur laudantium et.','2020-09-18 09:15:12','2020-12-08 03:09:36'),(44,148,18,'0','Corporis quis necessitatibus explicabo a explicabo recusandae quo. Est aut magnam totam modi. Quia tempore facere non tenetur est alias. Voluptatibus libero culpa odit animi quidem.','2020-05-13 17:43:42','2020-12-08 03:09:36'),(45,131,55,'0','Cupiditate sed vero architecto quasi sed sit. Fuga ut rerum et odio et. Esse tempore et voluptas iste enim ut.','2020-01-04 12:40:58','2020-12-08 03:09:36'),(46,53,131,'1','Eos tempora quia sed dolor alias quis fugit ratione. Animi ut atque voluptatem aut corporis vel assumenda saepe. Adipisci et cupiditate cumque aliquid totam ut.','2020-12-12 22:48:56','2020-12-08 03:09:36'),(47,62,179,'2','Aspernatur cum quidem porro magnam id modi. Qui itaque voluptate accusamus ipsum sunt.','2020-03-14 06:29:06','2020-12-08 03:09:36'),(48,9,177,'0','Sit est voluptatem assumenda fuga veritatis. Molestias id occaecati repellendus a ipsa. Ut facilis sed odio consectetur sunt officia sit.','2020-01-16 12:45:07','2020-12-08 03:09:36'),(49,72,9,'4','Eligendi magnam eos sit rerum enim sequi eveniet molestias. Commodi quis maiores quos vero dicta placeat. Dolorum ipsum cum voluptatem accusantium quos id unde. Minima beatae architecto sit aut nihil iste sed.','2020-03-15 18:36:50','2020-12-08 03:09:36'),(50,123,142,'0','Impedit dolores est doloribus ut amet aperiam. Consequuntur aut eum nesciunt aut molestiae saepe quo. Repudiandae repudiandae inventore voluptas aut earum necessitatibus quasi.','2020-02-17 18:10:07','2020-12-08 03:09:36'),(51,6,200,'2','Repellat veritatis ut maiores minus voluptatem enim voluptates. Magni omnis sapiente illum impedit laboriosam in possimus dolores. Commodi iure dolorum omnis unde rerum.','2020-12-12 05:45:46','2020-12-08 03:09:36'),(52,80,173,'0','Tenetur autem aspernatur labore eligendi maiores impedit. Rerum consequatur sunt maiores perspiciatis nihil quo. Dolorum doloremque ullam porro natus. Esse et illo amet eum.','2020-09-27 16:11:06','2020-12-08 03:09:36'),(53,54,162,'2','Et voluptates in minima id. Quisquam quia eos sint. Delectus blanditiis ullam facere doloribus eos quidem numquam. Maiores labore tenetur numquam.','2020-08-01 05:24:02','2020-12-08 03:09:36'),(54,60,194,'4','Aut repellat sed et optio. Dolorum sequi accusantium et illo sunt. Tempora qui illo qui vel sit. In qui delectus labore. Ut nesciunt in porro laboriosam sequi non.','2020-07-16 12:31:08','2020-12-08 03:09:36'),(55,39,93,'0','Voluptas hic officia est in et non at. Distinctio aut accusantium et saepe a odit magni. Recusandae est voluptas recusandae unde cumque. Rerum nostrum et ipsum voluptatem perspiciatis.','2020-09-19 01:52:23','2020-12-08 03:09:36'),(56,61,96,'4','Pariatur cumque nobis est sed aspernatur aut. Quas et enim ut qui enim. Sunt consequatur numquam at quis ducimus id maxime iure. Tenetur ut voluptate sint autem quia labore cumque. Et iste autem est temporibus.','2020-08-12 01:07:30','2020-12-08 03:09:36'),(57,61,168,'1','Optio ullam saepe qui unde omnis molestiae eligendi. Est doloribus ut inventore modi dignissimos fugit ab. Enim et dolorem accusamus quo. Ut natus eaque id non ut.','2020-06-30 17:55:50','2020-12-08 03:09:36'),(58,75,172,'0','Doloribus et in doloribus deserunt vel eos possimus. Aut officiis ipsum aut. Dolorem voluptates ut fugiat architecto atque enim sint. Sit praesentium rerum aut.','2020-10-06 10:14:41','2020-12-08 03:09:36'),(59,145,153,'4','Voluptatum fuga alias molestias animi. Sunt eum molestias eius aut. Incidunt aut eum eum aut perspiciatis est dolor sequi. Ut possimus voluptatum ut accusantium.','2020-05-14 00:42:25','2020-12-08 03:09:36'),(60,29,36,'5','Itaque consequatur officiis esse distinctio maxime odio quidem. Perferendis fugiat qui et ducimus repellendus.','2020-02-23 09:24:58','2020-12-08 03:09:36'),(61,141,99,'5','Ut eos mollitia quia ullam quo. Vero laudantium maxime magni tenetur facere eum. Aut laboriosam qui qui.','2020-12-10 12:23:03','2020-12-08 03:09:36'),(62,24,53,'0','Architecto laboriosam consequatur debitis asperiores omnis sunt laudantium. Et est voluptatibus et. Dignissimos in expedita temporibus quia qui id alias. Exercitationem temporibus vitae vel et.','2020-10-19 05:00:01','2020-12-08 03:09:36'),(63,22,56,'1','Repellat blanditiis eum eum quas eos. Saepe modi quo dolores ad tempore. Animi cupiditate in enim nihil eos debitis odio.','2020-11-03 19:04:30','2020-12-08 03:09:36'),(64,74,165,'2','Porro non temporibus sunt voluptatum nisi. Voluptates totam sequi quia ut et nobis architecto ipsam. Aut fugiat beatae optio et dicta aperiam.','2020-05-29 14:43:30','2020-12-08 03:09:36'),(65,92,195,'1','Facere quibusdam accusantium aut ut est et aspernatur blanditiis. Mollitia rem dolor repudiandae amet et. Maiores cumque repellat omnis iure esse non. Aut maxime qui unde commodi ratione iure.','2020-09-14 09:05:28','2020-12-08 03:09:36'),(66,60,185,'1','Necessitatibus dolores consectetur sequi modi eos voluptas nostrum fugit. Dolorem dignissimos quod soluta incidunt. Fugit temporibus sint est et deserunt rerum.','2020-12-15 18:13:42','2020-12-08 03:09:36'),(67,49,109,'0','Sit mollitia molestiae quasi et rerum qui dolore. Nam laudantium fugit aspernatur ut est.','2020-03-05 15:38:25','2020-12-08 03:09:36'),(68,33,193,'4','Nisi praesentium molestiae numquam ea. Fuga ut dolor repellat eaque deserunt odit velit. Non fuga maiores ipsam inventore quam et eum.','2020-05-08 17:31:20','2020-12-08 03:09:36'),(69,58,45,'4','Praesentium distinctio quia animi sunt sed blanditiis. Quasi cupiditate ut unde vitae. Voluptatem exercitationem magnam aut voluptatum id voluptatibus. Architecto voluptas quia cupiditate sit ea.','2020-03-18 15:15:38','2020-12-08 03:09:36'),(70,108,123,'2','Magnam et id aut ut. Eos aperiam saepe dolor in sint necessitatibus aut. Rerum praesentium odio architecto consequuntur.','2020-10-11 02:28:18','2020-12-08 03:09:36'),(71,135,86,'4','Sequi tempore exercitationem unde ut aut. Quod ullam debitis rerum error quaerat molestiae consequatur. Quam reiciendis iste tempora nihil doloremque. Sapiente ea qui ut dolorum.','2020-08-23 03:52:42','2020-12-08 03:09:36'),(72,60,156,'1','Aspernatur qui numquam sunt et qui beatae soluta. Nesciunt alias voluptatum dolorem aliquam assumenda non debitis aspernatur. Et expedita possimus provident quo velit. Dignissimos adipisci adipisci aspernatur porro sed maiores error.','2020-03-18 16:14:02','2020-12-08 03:09:36'),(73,4,109,'2','Eum voluptatem quia incidunt dolores quas rem. Sapiente nesciunt laboriosam assumenda. Et dicta ducimus et. Et esse et iusto dignissimos.','2020-07-31 14:58:46','2020-12-08 03:09:36'),(74,139,168,'3','Fugit ut mollitia nemo qui enim. Est repellat consequuntur ullam quisquam. Dolore dolorem temporibus unde.','2020-08-16 01:51:41','2020-12-08 03:09:36'),(75,89,98,'2','Sed magni exercitationem fuga eum. Nesciunt voluptate magni qui ducimus illo.','2020-04-12 03:15:09','2020-12-08 03:09:36'),(76,2,46,'5','Est vel cum modi tempora ipsam asperiores consequatur. Nostrum veniam saepe aut et iusto. Consequatur sed blanditiis est ut ratione perspiciatis. Illum laborum distinctio sit iure culpa quam expedita.','2020-07-09 11:08:05','2020-12-08 03:09:36'),(77,13,17,'1','Tempora aut est optio quidem est. Dolorem et sed odit minima minus doloribus. Quasi molestias laudantium saepe deserunt minima ut perferendis. Blanditiis reiciendis nobis deleniti corporis inventore illum in.','2020-12-04 11:40:59','2020-12-08 03:09:36'),(78,18,152,'1','Illo atque pariatur quis voluptatem. Minus quo nobis laboriosam vel consectetur ex qui. Deleniti rerum nemo tempora sed et. Nesciunt laborum molestias blanditiis laboriosam omnis et iure atque.','2020-01-23 00:51:30','2020-12-08 03:09:36'),(79,124,143,'5','Earum autem quaerat facilis delectus nesciunt. Iste sit in ab non nisi quis. Officia optio rem quia inventore distinctio.','2020-09-27 13:36:31','2020-12-08 03:09:36'),(80,143,38,'2','Quae illum beatae optio sint odit. Iusto cum nesciunt et pariatur repellendus. Iusto dolorum dolorem harum et.','2020-01-31 22:13:09','2020-12-08 03:09:36'),(81,71,65,'4','Officiis dolore rerum quia iure ut accusamus aut. Aperiam ipsum similique itaque veniam error ducimus quibusdam. Nihil consequatur qui qui aut occaecati quos incidunt.','2020-10-03 11:33:12','2020-12-08 03:09:36'),(82,126,142,'1','Qui eum eius quia debitis. Perferendis modi delectus aliquid. Nam dolores consectetur non est. Assumenda est eius corporis officiis. Voluptatem eos esse rerum accusantium.','2020-12-15 18:03:30','2020-12-08 03:09:36'),(83,107,71,'2','Eius est commodi magni hic ea. Cum iure veritatis eos veritatis velit. Eos quaerat aut tempora quos voluptatum.','2020-04-04 13:05:48','2020-12-08 03:09:36'),(84,40,72,'4','Ullam velit id quidem quia. Alias et aliquam debitis sit ab sunt. Facilis veniam et quisquam rerum reprehenderit accusantium velit. Accusantium ratione consequuntur tempore dolor adipisci. Id quaerat consequatur molestiae beatae.','2020-08-13 15:58:33','2020-12-08 03:09:36'),(85,134,83,'1','Numquam repellat quis vel veniam. Voluptates ab autem dicta ea odit. Rerum consequuntur id vero voluptates dignissimos dolor earum.','2020-09-28 19:18:20','2020-12-08 03:09:36'),(86,92,53,'4','Omnis quae ipsam excepturi. Molestiae sed ea voluptatum. Hic aut facere omnis quis tempora dolores debitis.','2020-06-30 04:48:03','2020-12-08 03:09:36'),(87,117,1,'3','Sint eveniet itaque quod. Natus minima repudiandae rerum neque. Voluptatem mollitia enim qui deserunt reprehenderit perspiciatis.','2020-02-06 16:55:56','2020-12-08 03:09:36'),(88,46,86,'2','Maxime sed eaque deleniti incidunt unde et. Quo vel aut qui non iure. Animi qui soluta aut adipisci voluptates ut tempora.','2020-05-20 20:03:40','2020-12-08 03:09:36'),(89,95,62,'5','Dolores non magni in. Esse voluptas sunt natus unde molestiae non. Aut sunt magni minus suscipit corporis impedit eius. Velit debitis veniam veniam vel et ex laboriosam.','2020-02-16 13:58:43','2020-12-08 03:09:36'),(90,143,3,'0','Maxime omnis et quos et. Impedit et perferendis aperiam officia omnis. Aliquid dolores rem rem aut quibusdam dignissimos sequi. Qui explicabo quod omnis dolor quae consectetur et.','2020-03-31 06:47:48','2020-12-08 03:09:36'),(91,149,91,'1','Tempore tempore quia quam vel atque. Sequi alias sed dolore quo quibusdam maxime et. Ut occaecati et illum eveniet sapiente asperiores iusto. Quod quos molestias et sed.','2020-06-24 16:42:08','2020-12-08 03:09:03'),(92,83,38,'5','Sint alias harum error ut. Commodi atque vero est consequatur non dolor est. Sint omnis et dolores. Nihil qui rerum eos.','2020-01-23 10:21:57','2020-12-08 03:09:36'),(93,9,190,'3','Non eligendi maiores laboriosam quod quo. Quae mollitia ab quis id a omnis.','2020-07-05 12:19:34','2020-12-08 03:09:36'),(94,136,179,'2','Et magnam eum nisi ut tempore et. Dolorem fugiat cupiditate eum autem dolor praesentium sed. Aut consectetur ipsam alias quod.','2020-08-23 11:00:44','2020-12-08 03:09:36'),(95,26,73,'4','Voluptates omnis et mollitia. Ducimus voluptas iure nisi dolorem et alias. Rerum libero accusamus magnam quis. Iure id expedita in est eum excepturi.','2020-02-09 07:31:56','2020-12-08 03:09:36'),(96,52,86,'2','Voluptas placeat maxime dolorem est consectetur veniam fugit. Enim eligendi ratione aliquam a. Vero voluptatem blanditiis illo sed.','2020-07-18 12:48:48','2020-12-08 03:09:36'),(97,150,119,'2','Sed est id voluptas accusamus accusantium facilis cum. Laborum voluptate nam et ratione. Amet in nobis nihil sed maxime sapiente consectetur nihil. Sed eveniet repellendus reprehenderit rerum beatae sit.','2020-10-09 22:40:05','2020-12-08 03:09:36'),(98,41,16,'0','Qui voluptates quaerat accusantium eligendi. Fugiat sit harum aut ad sunt quis est. Magni occaecati et quae consequuntur possimus vel.','2020-11-13 17:32:58','2020-12-08 03:09:36'),(99,70,117,'2','Voluptatem vitae laborum ducimus mollitia nam. Vel asperiores eum dolores consequatur aut perferendis perspiciatis. Non id fugit fuga consequatur eos at.','2020-03-30 22:28:25','2020-12-08 03:09:36'),(100,146,122,'5','Delectus ut nemo sed perferendis doloribus nisi non. Dolorem autem velit quas numquam est aut eum. Rem similique aut et. Officia numquam corporis itaque voluptatem doloribus aliquam.','2020-05-31 11:45:57','2020-12-08 03:09:36'),(101,147,52,'2','Et ipsum natus quaerat eum aliquam blanditiis. Quo explicabo quasi earum officiis repudiandae. Dolores eum ullam dolores minus alias et voluptatem et. Velit eius fuga et sint et provident incidunt omnis.','2020-11-30 02:16:24','2020-12-08 03:09:36'),(102,97,12,'0','Distinctio sit enim nostrum sequi. Earum vel quod distinctio nulla at ut sunt. Qui voluptatum omnis accusamus sit suscipit pariatur. Vel vel voluptatem excepturi et est odit velit.','2020-04-08 00:03:42','2020-12-08 03:09:36'),(103,63,185,'5','Labore quis non molestias quae enim aspernatur mollitia. Fugiat eum aliquid ex fugit aliquid repudiandae. Perferendis voluptatem nostrum consequatur ducimus in.','2020-10-26 05:23:15','2020-12-08 03:09:36'),(104,116,45,'2','Facilis placeat laborum aliquam quasi. Et sed mollitia vel impedit asperiores aut animi. Quas laborum quod ut labore tempore voluptatem. Et aut sed iusto voluptatem similique et alias.','2020-04-12 05:49:34','2020-12-08 03:09:36'),(105,3,48,'0','Reiciendis et commodi numquam eius commodi. Quaerat quas non ut nesciunt a earum cumque. Esse aut nam asperiores sit asperiores ducimus. Fuga commodi quisquam aliquid repellendus qui vel.','2020-03-02 23:57:20','2020-12-08 03:09:36'),(106,63,52,'5','Ex voluptate corrupti nihil. Molestiae sint nesciunt at vel accusamus. Soluta magnam labore laborum inventore saepe provident ut.','2020-12-11 23:29:26','2020-12-08 03:09:36'),(107,107,3,'5','Et ullam iste voluptas aut. Et molestiae necessitatibus et aut reprehenderit. Aut rerum ratione dolores. Eveniet eum impedit explicabo et repudiandae dolorem nulla. Dolore velit mollitia blanditiis cum nam sint quae.','2020-07-17 21:57:32','2020-12-08 03:09:36'),(108,11,174,'5','Ut explicabo minima et minima molestiae. Fuga et natus ducimus officiis praesentium. Sit voluptatem dolor veniam enim voluptatem magni exercitationem et. Harum quia qui tempore labore ut sed.','2020-09-21 13:08:09','2020-12-08 03:09:36'),(109,140,123,'4','Officia tenetur quis voluptatibus. Non necessitatibus voluptates reprehenderit modi ut. Voluptates dolores voluptas itaque dolor in. Officiis rerum consequatur rerum est officia non dolore.','2020-05-09 01:11:44','2020-12-08 03:09:36'),(110,104,142,'3','Adipisci facilis vel explicabo repudiandae illo ipsa non. Qui aspernatur commodi sunt voluptatem soluta voluptatibus et aut. Qui autem fugiat sunt ex odit.','2020-03-23 17:40:53','2020-12-08 03:09:36'),(111,79,177,'5','Eius quae temporibus eos similique incidunt dolores dolore. Ex nostrum maiores ab modi. Assumenda sit sequi quis consequuntur error dignissimos.','2020-04-25 11:52:42','2020-12-08 03:09:36'),(112,50,106,'5','Sunt velit omnis voluptatem explicabo vel saepe. Aut quidem nostrum quis molestiae rerum pariatur repellendus. Quibusdam expedita repellat officiis quia et deleniti.','2020-10-16 13:59:51','2020-12-08 03:09:36'),(113,75,141,'4','Sit aut sapiente possimus ipsa minus id. Cupiditate quia quos qui. Omnis non veritatis alias ipsum quia esse enim.','2020-02-25 19:48:05','2020-12-08 03:09:36'),(114,35,108,'5','Eos sunt et excepturi quaerat repellendus dolore voluptatem. Fugiat placeat quo enim magni et in velit. Aut enim neque qui blanditiis. Perspiciatis totam eum quo porro aut consectetur vitae.','2020-05-24 22:30:28','2020-12-08 03:09:36'),(115,145,19,'2','Architecto aliquam dolores autem ea. Laborum et et earum repudiandae vero. Vero saepe veritatis rerum dolore beatae excepturi qui. Cupiditate rerum rerum nesciunt quia rerum. Suscipit mollitia aut illo assumenda dolores eos.','2020-02-10 17:03:42','2020-12-08 03:09:36'),(116,135,63,'5','Non voluptatem illo quod iure voluptas ut asperiores. Earum saepe ex voluptatem at consequatur. Ipsa placeat quos molestias nemo. Laudantium optio dolorum voluptatem impedit quidem. Aperiam porro sint ipsam possimus aut.','2020-03-20 08:19:15','2020-12-08 03:09:36'),(117,13,9,'5','Soluta aut maiores atque quia distinctio voluptatem quibusdam. Quos dolor et maxime sit nihil. Qui quo autem magnam autem et dolorem nemo.','2020-05-05 07:47:15','2020-12-08 03:09:36'),(118,32,182,'1','Vel doloremque ut commodi deleniti labore qui. Aut eligendi omnis numquam voluptatem reprehenderit placeat porro. Voluptatibus provident laudantium ad suscipit fugiat quo quo. Deleniti porro eum ipsam ut iste impedit. Exercitationem rem et ut a et eaque.','2020-04-13 07:07:28','2020-12-08 03:09:36'),(119,35,93,'2','Voluptas dolores totam dolore maiores. Repellendus aperiam possimus nisi facilis pariatur hic harum. Possimus voluptatem magnam quod. Voluptas veritatis dolores voluptatem dolor assumenda unde omnis.','2020-01-15 06:20:15','2020-12-08 03:09:36'),(120,142,51,'1','Maiores ut dolorem esse architecto quia non facere excepturi. Qui in quidem et. Dignissimos rerum delectus alias quidem nisi quasi.','2020-09-26 13:08:53','2020-12-08 03:09:36'),(121,120,128,'4','Et delectus incidunt nesciunt neque. Vel eos praesentium quo adipisci. Quibusdam blanditiis eius atque sunt.','2020-06-17 03:00:15','2020-12-08 03:09:36'),(122,64,107,'1','Qui pariatur quaerat sed reiciendis illo quia repellendus quae. Minima eum nulla libero similique qui culpa. Dignissimos sit nostrum sed fugit. Culpa ullam atque labore aut deleniti optio.','2020-11-27 11:39:04','2020-12-08 03:09:36'),(123,58,78,'3','Et qui dolor omnis ut aperiam quod velit. Repellendus iusto ut quia nisi odio explicabo. Eum quae illum aliquid culpa expedita cupiditate. Placeat voluptate aut ullam enim aspernatur repellendus repellendus.','2020-10-21 02:13:25','2020-12-08 03:09:36'),(124,47,193,'3','Excepturi qui nulla voluptate delectus ut possimus. Asperiores est consectetur odit ad quis enim sit voluptatibus. Rerum placeat repellendus quia esse quaerat officia aut. Ullam saepe vel qui expedita nulla aut. Autem voluptatem ea sint.','2020-08-19 08:15:43','2020-12-08 03:09:36'),(125,90,60,'1','Sint corrupti eos vel delectus. Sint recusandae quae vitae sunt. Dolor saepe consequatur ullam aut iusto similique.','2020-06-13 20:49:57','2020-12-08 03:09:36'),(126,37,200,'0','Libero voluptatibus deleniti molestiae expedita sequi. In velit unde exercitationem voluptates sint minus cumque. Ut rem dolores est a.','2020-02-24 08:34:49','2020-12-08 03:09:36'),(127,11,26,'5','Reiciendis quibusdam voluptate neque dolorum excepturi et ex. Molestiae recusandae iste architecto. Possimus reprehenderit error nulla voluptates laudantium quod.','2020-04-02 05:59:39','2020-12-08 03:09:36'),(128,9,112,'2','Rerum est adipisci molestiae alias eveniet. Voluptatem quia ipsum facere facilis. Qui veritatis enim odit est tempore quae nam.','2020-04-20 21:42:53','2020-12-08 03:09:36'),(129,12,178,'1','Fuga quia tempora et sint commodi porro. Sunt aut animi consequuntur quo quidem ut. Quos provident iste neque adipisci dolor. Quo vitae aut eos ut quis debitis enim. Ducimus eius accusamus sint in aliquid repellat.','2020-08-03 05:34:16','2020-12-08 03:09:36'),(130,124,148,'5','Rerum placeat et veniam voluptatem nesciunt labore vel. Et nam illo repellat molestiae architecto. Sapiente ut consequatur accusamus veniam qui architecto quo. Illo occaecati facilis sint repellat explicabo sit.','2020-10-30 06:31:14','2020-12-08 03:09:36'),(131,99,117,'1','Aliquam ipsum est voluptatem eius. Rerum adipisci quo voluptatem ipsum. Sunt rem natus ad quibusdam incidunt at. Quae eum qui harum nihil consequatur.','2020-10-08 23:59:36','2020-12-08 03:09:36'),(132,62,169,'2','Vitae beatae quia quaerat qui dolor quidem. Similique ad ea vel numquam fugit soluta aut. Odit ducimus dolorem iure eos totam illum commodi. Nostrum repellendus animi neque.','2020-10-02 22:03:08','2020-12-08 03:09:36'),(133,78,51,'5','Qui minima corporis in fugit commodi maxime perferendis. Sed quidem praesentium et dolorem enim ea sed ut. Provident quo iste reiciendis aperiam ut a. Eligendi qui et consequuntur officia dolore vel.','2020-05-13 09:45:00','2020-12-08 03:09:36'),(134,117,167,'5','Dolore expedita fugit rem quaerat velit ut ut. Laboriosam perferendis non consequuntur sint. Sit inventore qui a alias perferendis.','2020-09-07 23:08:26','2020-12-08 03:09:36'),(135,12,146,'0','Amet dolorem magnam ut et qui. Architecto ipsum non saepe consequatur molestiae esse quia. Cumque tenetur nostrum quod quia esse facilis. Nostrum eligendi sed asperiores quaerat magni.','2020-09-26 10:44:01','2020-12-08 03:09:36'),(136,111,59,'5','Earum sit cum a similique excepturi aliquam. Sed quisquam libero est eum maiores placeat fugit. Et saepe aliquam et hic rerum est.','2020-04-22 13:37:20','2020-12-08 03:09:36'),(137,2,36,'2','Suscipit vero et magni accusamus. Aut nobis omnis occaecati natus dignissimos illum. Aut qui quod omnis. Sequi consequuntur est quo illo.','2020-01-24 12:11:16','2020-12-08 03:09:36'),(138,23,26,'5','Tempora consequatur rem excepturi veniam sed consectetur asperiores. Ratione id eligendi molestias maxime veritatis nobis. Voluptatibus rerum asperiores iure possimus harum.','2020-07-29 05:56:46','2020-12-08 03:09:36'),(139,119,116,'1','Qui deleniti tenetur totam esse. Nostrum quo aut qui quis rem molestias pariatur.','2020-10-26 18:49:54','2020-12-08 03:09:36'),(140,129,173,'3','Sed aut sit fugit dolorem sit voluptatem. Est excepturi quis unde.','2020-07-08 13:48:38','2020-12-08 03:09:36'),(141,132,134,'2','Voluptatum ea dolorem officia dolor et quia assumenda fuga. In nihil similique est consequatur accusamus. Ut illum assumenda quis.','2020-10-18 10:43:32','2020-12-08 03:09:36'),(142,79,181,'3','In aut aut sapiente id molestiae aut omnis quas. Rem porro commodi eligendi impedit. Natus quis aut libero quibusdam. Magni natus ut fugit aut harum voluptatum rerum.','2020-05-03 04:11:18','2020-12-08 03:09:36'),(143,133,86,'1','Molestiae consequatur voluptate molestias qui et magni odio. Nostrum ad accusantium qui ut et tempore alias. Similique provident corporis ut autem sequi voluptas. Minima nostrum et ut consequatur id molestiae.','2020-05-06 03:26:23','2020-12-08 03:09:36'),(144,38,94,'1','Neque et repellat omnis laborum. Fuga cum vel repellendus blanditiis et sequi fugiat iste. Corrupti sunt assumenda earum aut sed rerum cumque animi. Mollitia qui quibusdam illo quibusdam voluptatem enim itaque.','2020-04-07 05:25:44','2020-12-08 03:09:36'),(145,96,163,'3','Blanditiis quam nobis aut enim recusandae. Beatae tempora quo ut non temporibus distinctio. Quis possimus ipsam excepturi deleniti. Veniam perspiciatis at cumque ex.','2020-09-19 06:47:33','2020-12-08 03:09:36'),(146,92,81,'1','Quod ut eligendi aperiam repudiandae libero vitae. Enim nisi aut sed iste.','2020-01-17 09:17:27','2020-12-08 03:09:36'),(147,40,139,'2','Eligendi odit minus et est. Aliquid voluptatem commodi corrupti rerum praesentium beatae laudantium. Omnis nobis molestiae eum id. Blanditiis saepe et id quibusdam. Praesentium officia dolorem repellat sed saepe est eaque.','2020-02-24 03:07:33','2020-12-08 03:09:36'),(148,42,123,'1','Et aut et hic rerum nemo consequatur. Ipsam in voluptatibus omnis ipsam quasi et. Commodi a molestiae illo doloribus eligendi.','2020-10-18 19:00:47','2020-12-08 03:09:36'),(149,148,113,'3','Molestias adipisci dolore cumque adipisci aliquid iusto nihil ipsa. Soluta blanditiis nesciunt sint voluptatibus rerum. Ex accusantium magni est reiciendis corporis eos reiciendis.','2020-09-18 18:40:27','2020-12-08 03:09:36'),(150,69,189,'4','Officiis tempora sed modi ut. Ex consequatur aut rem veniam. Maxime est qui quis voluptatem incidunt. Et non harum saepe aut animi est atque autem.','2020-11-26 11:21:47','2020-12-08 03:09:36'),(151,2,138,'3','Hic tempora deleniti repellat inventore inventore illum asperiores. Aut rerum dolorem iusto saepe. Ut magni nulla non ducimus. Corporis quis modi aut expedita veritatis recusandae.','2020-11-21 10:12:49','2020-12-08 03:09:36'),(152,118,50,'5','Quaerat illo perferendis eaque perspiciatis. Error praesentium tempore aut odit vel suscipit.','2020-10-06 09:43:32','2020-12-08 03:09:36'),(153,62,92,'3','At et sed et fuga quisquam quidem sit. Et ut vero fuga odio. Debitis neque autem aut modi. Et sint tempore doloribus et numquam.','2020-12-15 03:04:39','2020-12-08 03:09:36'),(154,10,195,'2','In pariatur error facilis distinctio distinctio commodi. Molestiae autem rerum eos earum odit. Cupiditate soluta laboriosam illum et.','2020-01-15 01:26:18','2020-12-08 03:09:36'),(155,137,158,'3','Aut dolor debitis est est rerum optio esse expedita. Molestias exercitationem ut omnis sit quia voluptatem et enim. Deserunt incidunt aut dolorem ab quasi.','2020-02-01 00:06:30','2020-12-08 03:09:36'),(156,94,33,'3','Hic ipsa iusto culpa iusto. Veniam tenetur recusandae libero. Perspiciatis dolore eius autem sed.','2020-11-14 00:46:25','2020-12-08 03:09:36'),(157,91,64,'4','Eligendi vel qui perferendis totam sint officia. Culpa dicta officiis neque. Et voluptatem aliquid neque consectetur aut.','2020-07-13 13:59:04','2020-12-08 03:09:36'),(158,141,98,'1','Velit nihil temporibus minima soluta minus sapiente commodi. Facere ducimus quasi enim dolores ut esse itaque. Placeat expedita accusamus enim repudiandae qui aut minus est. Itaque soluta et eius hic veniam eos.','2020-08-26 07:42:53','2020-12-08 03:09:36'),(159,146,40,'0','Omnis vel dolore ipsum odio. Id eum consequatur suscipit eos pariatur. Architecto quisquam nesciunt animi alias aut quo aut.','2020-02-25 00:21:53','2020-12-08 03:09:36'),(160,61,21,'4','Voluptas eveniet deserunt architecto molestiae ipsum consequatur. Voluptas aut minima nam voluptatum. Autem omnis sed sit nobis consectetur consequuntur non sunt. Aut et est impedit autem.','2020-10-27 02:36:37','2020-12-08 03:09:36'),(161,112,67,'1','Sit veniam delectus quia consequatur explicabo accusantium. Laborum et amet aliquid. Eum adipisci qui suscipit eum hic quia necessitatibus. Delectus voluptas quia nulla.','2020-04-13 08:37:31','2020-12-08 03:09:36'),(162,131,13,'3','Ut sint sapiente dolor dolorem et. Quia voluptatem facere ex ab. Recusandae quasi cupiditate voluptate quaerat. Repellat quidem rerum repudiandae dolorem consectetur omnis fuga sed. Ab ratione omnis ut rerum.','2020-07-26 00:12:46','2020-12-08 03:09:36'),(163,124,45,'3','Quia amet error est soluta quia ut totam. Atque cum sunt impedit eveniet earum et. Expedita cupiditate et provident. Dolorum non molestias qui error.','2020-03-12 03:54:10','2020-12-08 03:09:36'),(164,57,139,'3','Numquam aut ipsa amet expedita officia placeat. Eum qui reprehenderit atque omnis. Nemo eos odit recusandae et. Et est labore vitae nemo.','2020-12-02 02:28:03','2020-12-08 03:09:36'),(165,12,28,'3','Asperiores officia facere autem veritatis expedita placeat saepe. In et ex soluta ut hic iure nisi. Eos animi totam totam molestias error et.','2020-12-09 12:05:13','2020-12-08 03:09:36'),(166,26,34,'0','Rerum praesentium odio quo ut inventore ut. Dignissimos sed sunt voluptas tempore autem. Tempore sint doloremque quis quia voluptate ab.','2020-07-25 22:30:33','2020-12-08 03:09:36'),(167,75,52,'2','Modi eaque facilis rerum exercitationem non et. Totam nemo quasi harum et.','2020-03-03 00:50:35','2020-12-08 03:09:36'),(168,77,171,'0','Iusto qui sit consequatur consectetur odio rerum. Aperiam est quia voluptatem et. Porro ea ullam laboriosam quae deleniti eveniet.','2020-10-20 17:33:24','2020-12-08 03:09:36'),(169,93,157,'4','Aut dolore ut a repellat nisi ut quod. Aut rerum necessitatibus voluptatem aliquam est natus. Atque repudiandae maiores ratione eius. Ad at sit saepe quisquam expedita ea.','2020-02-18 10:33:06','2020-12-08 03:09:36'),(170,7,42,'5','Autem ipsum sequi nihil laborum. Magnam et voluptatem vel.','2020-10-04 11:32:08','2020-12-08 03:09:36'),(171,150,11,'2','Officiis tempora minus molestiae dolorem a voluptates soluta. Perspiciatis voluptas nisi esse qui et non voluptatem. Minus est maxime recusandae velit maxime voluptas doloremque dignissimos. Eos maiores aliquam quaerat ratione.','2020-11-06 08:30:30','2020-12-08 03:09:36'),(172,84,16,'4','Rerum ut rem cumque quia dolore. Reprehenderit molestiae exercitationem aperiam temporibus. Vel cumque nemo dicta sed modi tempora.','2020-06-03 06:11:18','2020-12-08 03:09:36'),(173,67,168,'4','Fugit nobis ipsum laudantium corrupti. Eos molestiae iste eaque magni ipsa. Perspiciatis et sint sapiente totam eveniet numquam. Repellat tempora sunt sed qui quia esse dolor esse. Sunt occaecati eaque vero et ipsam sunt.','2020-07-12 19:13:23','2020-12-08 03:09:36'),(174,34,25,'2','Repellendus qui temporibus dolorem non cumque id. Ex iste repellat nihil sapiente repudiandae delectus quod qui. Tenetur et iste reprehenderit quaerat quis est sit. Facere sint sapiente autem exercitationem tempora totam facere.','2020-07-11 09:09:21','2020-12-08 03:09:36'),(175,36,156,'3','Aut ipsam tenetur voluptatum qui sint eius ab minus. Aut consequatur eveniet voluptatem perspiciatis nulla voluptate dolorem consequatur. Eos modi minus est consequatur alias accusamus est. Corrupti maxime impedit est natus vel sapiente illo.','2020-12-19 19:17:06','2020-12-08 03:09:36'),(176,22,27,'3','Omnis est est ex corporis voluptates laudantium eos asperiores. Magnam quis sit sed nobis placeat. Repellendus est consequatur temporibus quam. Quasi nihil recusandae aliquam qui cum.','2020-05-15 04:17:32','2020-12-08 03:09:36'),(177,111,163,'0','Temporibus sint velit impedit consequatur voluptatem. Alias est perspiciatis ut neque. Sunt dolores minus iste dolor fugiat placeat quod.','2020-07-20 23:34:30','2020-12-08 03:09:36'),(178,21,171,'4','Aperiam consequatur consequatur quo. Placeat tenetur explicabo consequatur. Omnis excepturi rerum quisquam sapiente voluptates aliquid sint.','2020-10-07 15:46:47','2020-12-08 03:09:36'),(179,49,197,'5','Autem dignissimos temporibus vel quia id distinctio. Accusamus reiciendis quia aliquam maiores voluptas. Aperiam necessitatibus nostrum et iusto maxime distinctio eos adipisci. Quis quia velit quidem mollitia qui.','2020-02-17 21:38:56','2020-12-08 03:09:36'),(180,93,91,'1','Possimus aut sunt sint ullam. Aut officia rerum ab quasi natus sunt. Repellendus rem numquam soluta dolorem voluptate consequatur recusandae. Suscipit ut labore qui vel sequi repudiandae.','2020-07-27 04:07:52','2020-12-08 03:09:36'),(181,30,72,'5','Minus suscipit distinctio repellat fugiat aliquid. Temporibus dolores et vel non consequatur rerum. Dolorum quibusdam est voluptatem rerum repudiandae voluptate. Eum et aut praesentium minus reiciendis soluta. Odit cupiditate quod voluptate non.','2020-09-12 18:56:55','2020-12-08 03:09:36'),(182,133,111,'3','Ipsam mollitia quaerat consequatur in ipsa molestiae omnis aperiam. Vero ut est eum. Non sunt omnis porro voluptatem et porro voluptas.','2020-12-07 01:55:56','2020-12-08 03:09:36'),(183,80,151,'1','In error dicta recusandae. Minima veniam sit voluptatibus eos quo. Omnis dolores perspiciatis molestiae laboriosam eum est fugit.','2020-09-13 08:13:32','2020-12-08 03:09:36'),(184,38,149,'1','Ea deserunt explicabo ratione provident. Aperiam consequatur rem vero aliquam vero quia.','2020-04-17 21:01:48','2020-12-08 03:09:36'),(185,74,35,'4','Recusandae doloribus a tempore aliquid. Et libero doloremque officiis accusamus incidunt enim.','2020-12-02 18:39:48','2020-12-08 03:09:36'),(186,25,132,'4','Repellendus qui consequatur est. Ea sed eveniet aut modi. Et et dolorum dolorum id laborum ipsum quidem.','2020-05-30 23:21:56','2020-12-08 03:09:36'),(187,28,190,'1','Eos sequi veritatis ut atque. Eum corporis quo necessitatibus assumenda iusto. Soluta quisquam animi aliquid excepturi officiis quia et. Placeat sed numquam quas labore dolores.','2020-07-01 03:03:37','2020-12-08 03:09:36'),(188,36,161,'5','Fugiat voluptatem eos tempore iure blanditiis nihil. Ut eos necessitatibus vel dolorem voluptatem nulla voluptate molestiae. Similique dolore fuga non est.','2020-03-05 07:29:10','2020-12-08 03:09:36'),(189,144,10,'3','A et deleniti sit dolore quam. Illum in nihil qui reprehenderit. Aut excepturi quo expedita ipsa vel. Quisquam aut inventore alias. Alias quia quis quo vero eaque est consequuntur molestiae.','2020-07-27 03:23:48','2020-12-08 03:09:36'),(190,112,60,'3','Perferendis rem inventore voluptate iusto rerum ut. Natus labore ea ratione ipsam.','2020-06-25 03:20:25','2020-12-08 03:09:36'),(191,35,127,'5','Deserunt molestiae voluptates cumque rem in. Assumenda eveniet soluta rem et officiis aut minus. Molestiae placeat exercitationem consequuntur aut.','2020-03-19 20:54:11','2020-12-08 03:09:36'),(192,35,123,'1','Sint qui mollitia rerum accusantium itaque. Molestias ad aut vitae tempora. Eos fugiat quam tempore ab.','2020-04-15 06:16:33','2020-12-08 03:09:36'),(193,20,126,'3','Qui fugit eum earum dolorem nobis. Omnis vel eos odit consequuntur. Eaque ipsum aspernatur doloremque ex est. Et sint ipsa autem.','2020-09-02 00:44:23','2020-12-08 03:09:36'),(194,118,62,'1','Officia odit qui voluptatem eligendi in quae blanditiis modi. Et qui et reiciendis molestiae officia ut. Placeat molestiae ex aut aut aperiam. Officia quia ea aspernatur aut voluptas quaerat.','2020-11-09 10:22:02','2020-12-08 03:09:36'),(195,3,158,'2','Ut excepturi quaerat hic aut consequatur. Sint iste exercitationem dolorem et repudiandae nobis omnis dignissimos. Totam ea possimus ratione nam odit.','2020-03-29 16:31:34','2020-12-08 03:09:36'),(196,54,156,'3','Eveniet rerum sint libero sint quis nam. Et harum laudantium dicta amet quia. Doloribus ut quia quia et aliquam omnis quia earum.','2020-10-07 19:03:27','2020-12-08 03:09:36'),(197,80,90,'2','Ullam aspernatur numquam et magnam. Ut qui illum omnis officiis. Incidunt recusandae quam tenetur doloribus quos sequi. Labore natus in maiores cumque.','2020-01-01 03:50:55','2020-12-08 03:09:36'),(198,147,155,'2','Voluptas maxime facilis et ipsa ab. Sunt voluptatum voluptas molestiae porro molestiae temporibus. Sit voluptas consequuntur rerum.','2020-09-09 15:45:43','2020-12-08 03:09:36'),(199,29,14,'2','Quaerat provident sit excepturi iure. Praesentium soluta quod tenetur tempora. Et eligendi nostrum blanditiis maxime dolores. Optio qui quidem voluptatum eligendi aut voluptas.','2020-05-12 17:57:18','2020-12-08 03:09:36'),(200,23,137,'4','Nam culpa aperiam molestiae consequatur culpa eveniet est. Possimus qui quia tempora nihil repellat ut nihil. Temporibus maiores quasi et quisquam qui.','2020-08-31 20:52:03','2020-12-08 03:09:36'),(201,26,200,'1','Deserunt aut est sapiente maiores ad assumenda. Necessitatibus voluptas praesentium ratione quia earum repudiandae quod. Veniam optio sed aliquid sequi. Labore nihil exercitationem aliquam aliquam.','2020-01-25 03:08:57','2020-12-08 03:09:36'),(202,135,91,'4','Repudiandae exercitationem temporibus illo esse. Veritatis vel dicta ad a non velit sit.','2020-09-04 03:33:39','2020-12-08 03:09:36'),(203,26,45,'2','Et ut quibusdam ratione fugiat dicta autem commodi. At maxime ex hic laboriosam modi. Similique odio ut quae aut voluptatum.','2020-10-20 17:46:14','2020-12-08 03:09:36'),(204,130,174,'4','Qui eveniet eum ea quibusdam est et qui. Exercitationem quisquam iusto veritatis est sit ut non. Sed eos totam facilis quibusdam. Odit ut iusto veniam accusantium.','2020-12-22 04:25:30','2020-12-08 03:09:36'),(205,139,139,'3','Aperiam molestias quae aperiam sint. Iste voluptatum exercitationem et aut. Aperiam laudantium pariatur temporibus libero qui iste temporibus. Laudantium quo et nesciunt repellat rerum quibusdam iste aut. Voluptas beatae rerum ut mollitia omnis.','2020-05-13 13:55:26','2020-12-08 03:09:36'),(206,61,86,'3','Voluptatum voluptatem beatae velit officiis officia. Repudiandae ipsam vel quaerat eos ea sint. Incidunt cumque inventore qui ut. Quo id velit ducimus excepturi quia.','2020-09-01 00:18:00','2020-12-08 03:09:36'),(207,102,93,'3','Ducimus tempore et accusantium laudantium. Unde doloremque veritatis ratione itaque commodi. Tempora neque harum ut aut deserunt.','2020-08-20 06:01:26','2020-12-08 03:09:36'),(208,150,147,'3','Officia ut maiores nihil quis et. Qui ut qui et magni et similique saepe.','2020-12-06 16:59:28','2020-12-08 03:09:36'),(209,52,134,'1','At nemo quia sequi. Pariatur veritatis et sed tempora deserunt qui aut. Dolorum et deserunt non provident beatae.','2020-02-12 01:47:34','2020-12-08 03:09:36'),(210,52,36,'3','Maxime esse consequatur expedita officia voluptate officia corrupti. Nesciunt voluptatem cumque suscipit consequatur deleniti. Doloribus aut est dolorem quia repellendus tempora.','2020-01-19 23:30:34','2020-12-08 03:09:36'),(211,120,86,'0','Quibusdam nihil quasi eveniet quasi aut. Porro eos molestiae amet fugiat aut consectetur et. Laudantium aut molestiae molestias necessitatibus provident necessitatibus voluptatem id.','2020-06-11 16:27:15','2020-12-08 03:09:36'),(212,97,124,'1','Quis ab recusandae impedit ea harum eligendi ea. Perferendis eum et a voluptas. Ab non rerum aut. Fugiat rerum commodi facilis similique vitae.','2020-09-19 05:49:15','2020-12-08 03:09:36'),(213,84,53,'5','Voluptas non quaerat expedita porro. Commodi eum aliquam iure neque fugit ut. Velit cum ipsum in et cupiditate consequatur tenetur.','2020-07-26 22:12:16','2020-12-08 03:09:36'),(214,143,95,'5','Est perferendis repellat et aspernatur tempora at nobis. Nihil dignissimos illo vitae vel voluptates delectus. A quibusdam consequatur debitis vel dolorem voluptatum. Voluptatem voluptates inventore illo qui dolor.','2020-07-13 07:12:56','2020-12-08 03:09:36'),(215,28,82,'3','Commodi sapiente asperiores ipsa consequatur. Provident nihil enim vel qui ex voluptatem. Consequatur inventore soluta repudiandae ratione unde facilis reiciendis. Repudiandae adipisci maiores saepe autem dignissimos deleniti.','2020-05-09 10:26:22','2020-12-08 03:09:36'),(216,61,52,'0','Inventore ullam voluptatem voluptatem et suscipit nihil. Voluptatibus autem et maiores quae voluptatum.','2020-04-06 00:28:04','2020-12-08 03:09:36'),(217,34,99,'3','Enim ut quae voluptatem dolorum rem. Nisi et officiis dolorem deleniti consequatur voluptatem at.','2020-12-24 09:22:04','2020-12-08 03:09:36'),(218,58,60,'5','Molestiae repellat nihil ex harum. Et sint ex explicabo molestiae voluptas doloribus possimus. Aut veritatis vel voluptas. Dicta maiores atque quis et mollitia sint esse. Tempore architecto est dolorem quae ipsa ut rerum et.','2020-06-26 09:05:47','2020-12-08 03:09:36'),(219,107,16,'4','Impedit voluptatem architecto perferendis vitae sint qui. Iusto corporis non voluptatum unde sit qui. Ea amet esse expedita nesciunt ut ut labore. Reprehenderit minima optio nihil consequatur eum beatae.','2020-08-02 16:09:25','2020-12-08 03:09:36'),(220,141,56,'1','Repellendus laborum facere nihil. Voluptatem facilis nesciunt ipsa natus hic.','2020-11-16 15:26:25','2020-12-08 03:09:36'),(221,101,29,'0','Accusamus labore mollitia quia occaecati culpa officia architecto velit. Qui eveniet veniam error tempore odit illo corporis. Reprehenderit culpa aut sed consequatur.','2020-03-06 22:13:24','2020-12-08 03:09:36'),(222,102,104,'2','Aliquam natus alias fugiat veritatis at eius et. Blanditiis assumenda recusandae at possimus dolore et earum. Sit quo asperiores facilis consequatur sequi eum. Ratione dolores ipsa dignissimos voluptatem dolore.','2020-10-04 06:02:22','2020-12-08 03:09:36'),(223,59,104,'0','Corrupti nam sed nihil voluptatem repudiandae. Aliquam ullam qui ratione quia velit. Aliquam et iusto exercitationem quas. Magnam exercitationem qui et dolorem.','2020-10-20 02:55:33','2020-12-08 03:09:36'),(224,17,61,'2','Non sunt quo maiores error. Sit autem sit dolores vero. Quod consequatur ut optio eveniet ut. Perspiciatis possimus repellendus consectetur officiis non sed qui impedit.','2020-06-18 17:29:58','2020-12-08 03:09:36'),(225,98,199,'4','Adipisci molestias omnis perferendis expedita voluptatem dolores ipsa. Atque sed quia sint dolores. Facilis architecto quas consequatur et ut consectetur quae est.','2020-11-06 15:32:49','2020-12-08 03:09:36'),(226,44,192,'5','Error magni suscipit est minus. Voluptates et delectus dolorum aut.','2020-04-24 21:43:04','2020-12-08 03:09:36'),(227,31,143,'5','Numquam officiis mollitia quam suscipit sit voluptatem commodi. Mollitia dolor quidem esse laboriosam rem asperiores culpa eos. Est reprehenderit sit harum veniam eveniet consequuntur.','2020-12-03 11:30:18','2020-12-08 03:09:36'),(228,19,113,'5','Beatae et officiis perspiciatis commodi iusto sit fugit. Voluptates voluptatum provident eum qui. Et nulla et rerum reprehenderit magni saepe molestiae.','2020-02-14 03:58:23','2020-12-08 03:09:36'),(229,91,129,'5','Enim nobis officiis sunt. Tempore veniam mollitia sunt odio minus consequuntur velit aut. Vitae cumque et incidunt sed.','2020-05-13 10:17:15','2020-12-08 03:09:36'),(230,45,6,'2','Qui quia porro nihil laudantium. Deserunt eos qui fugiat ut. Necessitatibus sit ex magnam voluptatum.','2020-02-04 00:46:46','2020-12-08 03:09:36'),(231,103,68,'2','Nihil rerum ut magnam aliquid non impedit. Sapiente non aut hic dolorem sapiente ducimus aliquid. Unde rem eveniet dolores animi laborum consequatur.','2020-12-26 01:45:51','2020-12-08 03:09:36'),(232,78,123,'1','Illum reprehenderit non iste pariatur suscipit ut optio. Omnis ipsa aut id eveniet dicta magni. Molestias et perferendis sed atque enim molestias quo.','2020-02-21 17:36:37','2020-12-08 03:09:36'),(233,93,141,'5','Praesentium ea voluptatem fugiat cupiditate saepe et. Id repellat aut optio rerum ut et est totam. Et sequi quasi nihil reiciendis. Tempore porro facilis magni expedita.','2020-09-16 20:51:42','2020-12-08 03:09:36'),(234,64,144,'5','Ea voluptas maiores doloremque laboriosam beatae tempora veniam eos. Quam laboriosam ex est quas. Doloremque est aut nemo error.','2020-12-08 13:06:59','2020-12-08 03:09:36'),(235,121,91,'4','Quis distinctio quo dicta deleniti rerum. Vel recusandae adipisci reiciendis sed itaque aliquam.','2020-10-23 23:50:52','2020-12-08 03:09:36'),(236,75,56,'0','Totam recusandae ut magnam. Numquam sequi minus aut cumque. Commodi consequatur nihil ullam sunt nulla id.','2020-03-07 14:04:54','2020-12-08 03:09:36'),(237,86,76,'4','Esse quo quidem est harum excepturi nulla. Repellendus veritatis aperiam reiciendis ipsa ut aperiam.','2020-12-05 04:50:04','2020-12-08 03:09:36'),(238,76,156,'2','Et nemo ex neque veritatis. Quidem ab maxime perspiciatis natus corrupti autem. Possimus dolore quos error consectetur illum vero. Officia aut earum harum quis quia ipsa in.','2020-08-17 23:59:46','2020-12-08 03:09:36'),(239,31,181,'1','Voluptatum recusandae amet ut minus. Quam at ipsa aliquid omnis quia. Doloribus et ipsam quae aliquid odio quidem. Voluptas facere corporis reprehenderit rerum qui. Dolorem ab neque rerum voluptas maiores numquam et.','2020-08-21 21:59:38','2020-12-08 03:09:36'),(240,107,108,'1','Molestiae itaque nisi et similique. Dolores voluptatibus ut sint consequuntur totam ipsa eos quos. Et sit corrupti dolorem ut.','2020-06-02 02:25:37','2020-12-08 03:09:36'),(241,60,153,'1','Eligendi eveniet possimus non aperiam ut. Et enim est dolorum quaerat. Voluptatem et tempora et nisi quae sed voluptates. Qui voluptatem quia rerum ratione veniam sint.','2020-08-08 23:29:42','2020-12-08 03:09:36'),(242,29,189,'4','Aliquid expedita ipsa mollitia vel mollitia et dolorum. Fugiat et a earum consequuntur laudantium. Molestiae aliquid quia est culpa provident in. Accusamus ullam illum asperiores sunt magnam.','2020-05-10 20:42:03','2020-12-08 03:09:36'),(243,22,10,'3','Culpa rem qui sed repudiandae pariatur amet dicta. Tenetur voluptate tempore et saepe harum cumque enim. Ipsam ut culpa ullam. Aperiam rerum facilis et rerum dolorem. Aliquid aut assumenda ut.','2020-05-09 12:04:38','2020-12-08 03:09:36'),(244,22,25,'1','Dolorem vero tenetur dolorem et impedit. Dolorem aperiam nostrum corporis vero alias dolor. Quibusdam rerum dolores et aut et. Reprehenderit sapiente animi eos sed autem quia aut. Ipsum nobis et aliquam.','2020-02-25 20:07:32','2020-12-08 03:09:36'),(245,140,13,'2','Pariatur velit reprehenderit dolorem voluptatem vel quae non. Sint doloribus quas nemo laborum. Harum perferendis ea enim odit.','2020-03-25 13:31:39','2020-12-08 03:09:36'),(246,36,176,'5','Laboriosam maiores in officia. Enim ab magnam possimus quis fuga excepturi. Dolore illum vero eveniet voluptates. Ut reiciendis libero quam a aperiam ipsa.','2020-05-13 22:11:39','2020-12-08 03:09:36'),(247,64,140,'0','Maxime et est odit veritatis. Magni in repudiandae nulla aut qui. Incidunt deleniti sed illum repudiandae sequi molestias. Facere similique consequatur ab temporibus rem sunt.','2020-07-20 12:51:55','2020-12-08 03:09:36'),(248,146,47,'1','Eos recusandae dicta est nihil tempore illum. Accusantium dolores velit laudantium accusantium odio sapiente omnis. Nihil eum aspernatur in id tempore maiores error.','2020-07-06 17:09:32','2020-12-08 03:09:36'),(249,27,27,'5','Accusamus ex quis voluptatem adipisci quisquam molestias aperiam similique. Inventore quis itaque est et. Aspernatur voluptatem vitae autem temporibus. Ea nisi consequuntur qui aut quod sunt id.','2020-01-22 20:23:32','2020-12-08 03:09:36'),(250,21,163,'4','Eligendi consequuntur sunt sunt nemo corrupti explicabo. Magni voluptatem ipsa aut quae in sunt. Et at qui cupiditate explicabo omnis repudiandae ipsa.','2020-04-06 20:17:09','2020-12-08 03:09:36'),(251,28,194,'5','Nobis delectus quia ut nobis suscipit repellat. Consequatur incidunt eum ut veritatis. Explicabo ullam rerum sit sunt.','2020-09-22 21:09:37','2020-12-08 03:09:36'),(252,113,60,'0','Perferendis incidunt harum praesentium et repellat occaecati doloremque quas. Velit excepturi perspiciatis voluptas aliquam saepe nihil tempora animi. Sed velit aut veniam quo amet et praesentium. Vitae possimus asperiores deserunt maiores iusto quia ea l','2020-08-07 00:36:48','2020-12-08 03:09:36'),(253,67,114,'3','Recusandae reprehenderit aspernatur qui dolor aspernatur molestiae enim. Quis ducimus atque neque.','2020-12-05 23:12:40','2020-12-08 03:09:36'),(254,99,174,'0','Illo nulla facilis quisquam asperiores animi. Et in alias ad quo aut blanditiis. Laudantium velit aliquam voluptate dolorem quam autem iure. Sed et dolores minima incidunt qui esse laboriosam.','2020-08-23 13:53:26','2020-12-08 03:09:36'),(255,44,43,'0','Voluptas esse aperiam ut esse ut dolores consequatur. Nihil nobis est voluptatem perferendis molestiae fugiat nam. Voluptate dignissimos consectetur amet incidunt. Ratione consequatur aut voluptates vel eum.','2020-12-30 22:17:36','2020-12-08 03:09:36'),(256,54,101,'3','Quae aspernatur dolorem labore qui ipsa soluta. Ut consequuntur earum porro consequuntur. Impedit aut est maxime natus commodi aut nostrum. Perferendis optio illum cupiditate aliquid tempore doloribus deserunt. Voluptatem doloribus totam officia.','2020-02-23 00:47:51','2020-12-08 03:09:36'),(257,127,36,'1','Magni recusandae quia eos et adipisci rerum. Ipsam omnis rem nesciunt corporis porro commodi voluptas. Incidunt qui vitae voluptatum.','2020-05-23 16:10:27','2020-12-08 03:09:36'),(258,89,47,'1','Debitis earum nihil et debitis a. Velit et alias rerum aut distinctio ut dolor. Et ipsam natus adipisci. Quia et est distinctio.','2020-01-05 03:56:20','2020-12-08 03:09:36'),(259,42,83,'3','Officiis libero doloremque dolores quis. Libero facere doloremque consectetur similique quia quis. Minima doloribus tenetur aut accusantium labore.','2020-08-21 15:35:45','2020-12-08 03:09:36'),(260,20,43,'2','Quas neque optio omnis illum aut nesciunt adipisci. Sint voluptatem accusantium dolor odio temporibus natus quidem. Qui voluptas qui sit velit voluptatem fuga sunt.','2020-01-08 06:41:20','2020-12-08 03:09:36'),(261,25,174,'1','Aut dolorum a ullam nostrum adipisci nulla eligendi. Illo quibusdam assumenda praesentium. Facere vero ullam dicta vero et. Dignissimos vel quidem ut hic quia in. Recusandae molestiae magni quisquam quia magnam sit illo laboriosam.','2020-03-30 04:57:29','2020-12-08 03:09:36'),(262,144,26,'0','Corporis et animi tempora voluptatem atque earum. Eum nihil rerum repellendus quod debitis fugiat magni. Qui ratione aliquam similique eaque. Accusamus aut illo aliquid officia.','2020-11-18 19:34:04','2020-12-08 03:09:36'),(263,12,43,'5','Qui laudantium corporis iste esse nihil. Ducimus asperiores et rem velit earum ea. Natus earum quam et.','2020-12-25 01:32:38','2020-12-08 03:09:36'),(264,27,128,'0','Illum illo ut eum porro cumque. Ab eum porro nemo minima dignissimos mollitia ea. Dignissimos quos architecto nulla reprehenderit doloribus exercitationem.','2020-06-14 12:47:37','2020-12-08 03:09:36'),(265,15,198,'0','Illum voluptatem inventore non porro mollitia mollitia veniam. Non quasi necessitatibus quaerat eligendi voluptates explicabo. Ut quaerat voluptatum labore ea esse.','2020-11-10 02:57:39','2020-12-08 03:09:36'),(266,3,41,'5','Dolorem nam ipsa corrupti autem sint consequatur reiciendis. Hic fugit praesentium beatae deserunt omnis. Voluptatem occaecati voluptas aspernatur aliquid repellat ducimus. Neque aperiam blanditiis voluptates quia quas impedit voluptas. Dolorum repellat d','2020-11-30 16:06:03','2020-12-08 03:09:36'),(267,44,15,'4','Fugiat ut amet ut nostrum illo ducimus. Nihil sit doloremque praesentium assumenda. Doloremque sed fugit quod sequi quo voluptas. Maxime mollitia provident rerum nostrum qui provident. Vero sunt quis rerum ratione aut unde ut.','2020-08-23 02:53:39','2020-12-08 03:09:36'),(268,54,164,'0','Iusto nulla officia quidem sint. Minus labore incidunt eos cupiditate voluptas debitis. Nulla possimus incidunt veritatis pariatur laudantium mollitia dolorem quam.','2020-03-26 12:38:24','2020-12-08 03:09:36'),(269,49,191,'4','Culpa expedita molestias sunt quidem voluptatem sunt dolores. Et adipisci alias quod voluptas ipsam et. Ut et dolore vel nihil deserunt.','2020-04-10 17:10:39','2020-12-08 03:09:36'),(270,147,25,'3','Et laudantium qui sint numquam aliquid soluta vel. Odit enim dolor voluptas autem. Deleniti quam veritatis dolor ut. Odio architecto tempore similique mollitia eos at nisi molestias.','2020-12-23 04:19:17','2020-12-08 03:09:36'),(271,89,18,'4','Et eos aut architecto molestias. Nemo fuga veniam enim quo porro cum. Recusandae accusamus provident aspernatur impedit.','2020-08-18 22:48:11','2020-12-08 03:09:36'),(272,18,102,'5','Magni nisi accusamus occaecati quod. Dolor repellat at nisi nihil occaecati esse est aut. Ut voluptatum perspiciatis molestiae ab. Ut doloremque quidem suscipit voluptates.','2020-07-16 07:59:45','2020-12-08 03:09:36'),(273,126,4,'0','Vel explicabo in sint nulla aliquid. Itaque voluptatem sit harum dolor. Qui atque rerum consectetur id dicta voluptatem eligendi. Sed sed necessitatibus a et.','2020-04-10 21:43:38','2020-12-08 03:09:36'),(274,97,132,'0','Iure voluptas et fuga aut aliquam dolorem voluptates. Sint qui ut ut libero enim commodi. Exercitationem asperiores laborum praesentium rem eligendi velit. Delectus voluptas quia sunt eveniet reiciendis quia debitis.','2020-09-16 23:29:53','2020-12-08 03:09:36'),(275,148,89,'5','Ullam eum et possimus. Ad qui at perspiciatis aut voluptas. Deserunt qui enim et corrupti et.','2020-12-11 09:56:02','2020-12-08 03:09:36'),(276,38,33,'3','Laboriosam exercitationem delectus hic consequatur. Inventore maiores quae nisi fugiat praesentium nisi incidunt. Voluptatem distinctio necessitatibus vel. Explicabo in nemo sint.','2020-12-04 18:29:04','2020-12-08 03:09:36'),(277,27,123,'3','Quam quam eaque voluptatem pariatur corrupti. Atque beatae possimus saepe vel aut. Est numquam dolorem rem aspernatur quis soluta et. Placeat ipsa dolores laborum.','2020-02-06 23:32:37','2020-12-08 03:09:36'),(278,36,116,'1','Suscipit deserunt sit iste sequi magni pariatur aut. Quis non consequatur consectetur expedita in consectetur dicta. Assumenda nemo odio autem et. Non aut ut aut iusto. Delectus minus aut cupiditate dolorum reiciendis.','2020-11-13 03:40:53','2020-12-08 03:09:36'),(279,83,65,'3','Repellendus sunt minima unde aspernatur. Quia magnam est incidunt beatae quia cupiditate cumque. Quia nihil possimus repellendus animi ipsum dolorem. Eligendi dolorem sapiente alias nihil repellat eveniet veniam.','2020-06-06 20:28:21','2020-12-08 03:09:36'),(280,108,26,'2','Iste rerum ex quos ducimus enim sunt culpa. Possimus nam incidunt explicabo est quas aperiam. Praesentium cum rem voluptatem.','2020-02-02 00:35:58','2020-12-08 03:09:36'),(281,57,38,'5','Velit quasi ratione sequi in amet nostrum harum sint. Omnis labore vitae voluptas. Dolor culpa atque deleniti quo repellendus totam quia. Perferendis deserunt ducimus veniam quis.','2020-11-08 05:30:28','2020-12-08 03:09:36'),(282,149,169,'2','Sed iusto sunt consequatur occaecati excepturi sit consectetur. Beatae voluptatibus dolor aut maiores inventore repellat est. Quia dolor adipisci aut. Non rerum in numquam non ipsam sit labore.','2020-05-14 15:53:37','2020-12-08 03:09:36'),(283,41,127,'1','Vitae dolores delectus ut animi itaque. Velit illo assumenda at natus natus. Minima quo esse ut voluptatem quia.','2020-04-09 10:29:03','2020-12-08 03:09:36'),(284,120,84,'2','Aut est temporibus dolorem atque libero nesciunt suscipit. Numquam sapiente mollitia asperiores molestias. Blanditiis doloremque est necessitatibus. Laborum quam qui ipsum eum nihil aut aut.','2020-08-29 00:52:27','2020-12-08 03:09:03'),(285,88,181,'4','Neque dolorum est earum non dolores quia. Consequuntur qui consequatur minima. Vitae libero vel iusto esse.','2020-04-21 01:34:51','2020-12-08 03:09:36'),(286,32,107,'1','Vel possimus omnis sequi rem quia voluptatem. Sunt nihil ea ut occaecati occaecati quod. Illo ipsam enim error.','2020-08-29 14:47:12','2020-12-08 03:09:36'),(287,56,182,'3','Eligendi eaque iste incidunt molestiae eum accusamus. Ipsa praesentium ullam eos in beatae accusantium delectus ea. Voluptatem est nihil culpa a non dolor. Quia ea porro est maiores.','2020-08-08 23:09:04','2020-12-08 03:09:36'),(288,93,52,'3','Eum omnis a reiciendis nulla nostrum vitae est. Veritatis excepturi ad cum error qui nihil. Ut beatae eligendi ut similique delectus.','2020-09-03 05:49:26','2020-12-08 03:09:36'),(289,122,171,'4','Qui voluptatibus praesentium dolor. Quos reprehenderit molestiae quo harum. Aliquid provident occaecati animi aut.','2020-10-05 08:31:01','2020-12-08 03:09:36'),(290,103,134,'4','Quam est omnis eaque optio accusamus. Dolorem dolores et ut non odit. Ut qui qui repellendus eum rerum eveniet possimus. Assumenda minus doloremque eum dicta deleniti.','2020-10-18 18:55:07','2020-12-08 03:09:36'),(291,138,117,'2','Quibusdam tenetur officia veniam soluta praesentium. Rerum quas ducimus illum nemo velit. Atque omnis explicabo pariatur aut ducimus exercitationem. Harum facilis libero ut.','2020-11-10 04:08:13','2020-12-08 03:09:36'),(292,51,151,'4','Atque unde aut quis ut labore et rerum. Ex numquam numquam magni quas unde ut optio dolores. Qui sunt corporis esse enim.','2020-06-01 19:04:43','2020-12-08 03:09:36'),(293,112,94,'5','Quia aut aut odio qui quisquam ullam. Eius officiis accusantium aut non nihil tenetur. Excepturi reprehenderit doloribus et aliquam quidem non.','2020-05-09 09:35:01','2020-12-08 03:09:36'),(294,110,65,'5','Corporis expedita nemo nostrum recusandae nemo consequuntur odio. In repudiandae debitis et qui quidem quis rem voluptas. Qui nulla vitae amet ut ea quo pariatur. Quae quis nisi iste laboriosam recusandae.','2020-09-19 15:40:40','2020-12-08 03:09:36'),(295,6,18,'1','Dolorem sint sunt quia vitae ducimus quis dolore numquam. Dolorem dicta nihil illum ut sunt sequi molestiae. Nihil qui eligendi sit repellendus suscipit commodi aut.','2020-04-02 04:29:55','2020-12-08 03:09:36'),(296,150,116,'4','Unde cupiditate qui sint tempora consequatur voluptas. Cumque eum dolor ea est. Atque consectetur magnam porro quo quia.','2020-07-06 18:36:26','2020-12-08 03:09:36'),(297,120,43,'4','Odio veritatis consequatur perferendis quia impedit doloribus debitis. Culpa consequatur mollitia error perspiciatis. Saepe soluta veniam nihil ipsum dolorum inventore.','2020-05-09 00:54:09','2020-12-08 03:09:36'),(298,25,65,'3','Sit explicabo esse delectus. At ipsam velit sint nemo vitae. Et est molestiae voluptatem et sit.','2020-08-31 08:37:24','2020-12-08 03:09:36'),(299,47,73,'0','In cupiditate qui ratione asperiores fuga doloribus. Fuga tempora incidunt officia aperiam. Repellat voluptas vitae sint voluptatibus ut at veniam.','2020-10-15 12:11:39','2020-12-08 03:09:36'),(300,17,6,'0','Corporis quidem reiciendis explicabo enim et est. Soluta eaque ipsa eligendi enim et sapiente. Ut consequatur magnam ad quos earum minima odio minus.','2020-02-04 06:13:45','2020-12-08 03:09:36');
/*!40000 ALTER TABLE `ratings` ENABLE KEYS */;
UNLOCK TABLES;

--
-- Table structure for table `series`
--

DROP TABLE IF EXISTS `series`;
/*!40101 SET @saved_cs_client     = @@character_set_client */;
/*!50503 SET character_set_client = utf8mb4 */;
CREATE TABLE `series` (
  `id` int unsigned NOT NULL AUTO_INCREMENT COMMENT 'УИД серии',
  `publishing_house_id` int unsigned NOT NULL COMMENT 'Идентификатор издательства',
  `name` varchar(255) COLLATE utf8mb4_unicode_ci NOT NULL COMMENT 'Название',
  `description` varchar(255) COLLATE utf8mb4_unicode_ci NOT NULL COMMENT 'Описание',
  `created_at` datetime DEFAULT CURRENT_TIMESTAMP COMMENT 'Время создания строки',
  `updated_at` datetime DEFAULT CURRENT_TIMESTAMP ON UPDATE CURRENT_TIMESTAMP COMMENT 'Время обновления строки',
  PRIMARY KEY (`id`),
  KEY `series_publishing_house_id_fk` (`publishing_house_id`),
  CONSTRAINT `series_publishing_house_id_fk` FOREIGN KEY (`publishing_house_id`) REFERENCES `publishing_houses` (`id`)
) ENGINE=InnoDB AUTO_INCREMENT=101 DEFAULT CHARSET=utf8mb4 COLLATE=utf8mb4_unicode_ci COMMENT='Серии';
/*!40101 SET character_set_client = @saved_cs_client */;

--
-- Dumping data for table `series`
--

LOCK TABLES `series` WRITE;
/*!40000 ALTER TABLE `series` DISABLE KEYS */;
INSERT INTO `series` VALUES (1,7,'Molestias molestias quidem est non aut qui dolorum.','Soluta non qui sit. At numquam ullam aliquid aut vel. Nihil harum ea voluptate est sed a natus. Suscipit provident veritatis enim officia repellat porro beatae. Doloribus accusamus nostrum id reprehenderit exercitationem iure facilis.','2020-10-09 19:44:33','2020-12-07 13:31:18'),(2,49,'Cumque est omnis totam ullam perferendis facere.','Deserunt omnis culpa possimus pariatur sunt sequi labore. Sed autem non accusamus enim aut. Enim alias reprehenderit non aut. Dolor distinctio ipsa ea aliquam.','2020-10-26 07:43:41','2020-12-07 13:31:18'),(3,23,'Possimus ut aut aspernatur quis.','Sunt culpa voluptatum saepe numquam nihil nemo eius exercitationem. Consequatur et aperiam odio et. Nobis facilis ut sapiente aliquid magni et minima. Sint et qui quis ea et aliquam voluptas.','2020-04-19 17:39:37','2020-12-07 13:31:18'),(4,67,'Sunt doloremque et ipsa consequuntur dolor voluptatum veritatis.','Voluptas aut dolore nisi quo harum ut. Quasi veritatis pariatur laudantium dolores saepe vel. Fugiat optio accusamus beatae numquam quibusdam vel. Ut ea inventore eveniet et et modi.','2020-11-14 05:59:23','2020-12-07 13:31:18'),(5,66,'Saepe neque odit quis distinctio.','Et qui ut ullam nemo eligendi amet. Quisquam perferendis ad ut saepe illum ut eius architecto. Quisquam veniam provident quis eveniet. Ipsam et magni sed eum possimus.','2020-05-29 09:57:16','2020-12-07 13:31:18'),(6,29,'Quia voluptate vero ducimus aut explicabo eos.','Quia ullam et dolore quia nihil. Eum voluptates quisquam qui voluptatem placeat necessitatibus quae. Autem ipsum itaque corrupti et quidem ullam. Quia architecto magni tempore est est.','2020-02-06 00:13:44','2020-12-07 13:31:18'),(7,48,'Et ut dolor omnis consequatur dolor quia nihil.','Possimus consequatur molestiae placeat. Ex aut soluta maxime perspiciatis. Fugit quidem omnis nesciunt quo. Dolorum magnam et adipisci sequi voluptatibus est.','2020-05-20 14:54:06','2020-12-07 13:31:18'),(8,52,'Enim tempora illum iure.','Perferendis aut maiores quaerat inventore. In tempora animi odio esse. Nam aut et recusandae blanditiis ea.','2020-07-20 04:58:29','2020-12-07 13:31:18'),(9,17,'Et in dolores officiis dicta id omnis magnam.','Rem illum qui minus sed ullam. Quidem odit voluptas esse nulla. Est tempora ex et praesentium. Ut minus exercitationem id modi et sequi.','2020-03-06 01:13:07','2020-12-07 13:31:18'),(10,26,'Ad expedita natus temporibus eaque numquam.','Iure molestias unde earum natus. Quasi natus reprehenderit ducimus quia iure aut dignissimos. In a rerum illum sit soluta. Ut voluptatem quo et et explicabo voluptas reiciendis.','2020-04-23 13:22:23','2020-12-07 13:31:18'),(11,81,'Nostrum numquam possimus id.','Aperiam ex voluptatem nihil dicta et. Ut dolorem rerum qui dignissimos sit quos. Dolor harum dolor voluptas illum ratione deleniti. Quam molestiae nesciunt sint.','2020-02-27 09:17:27','2020-12-07 13:31:18'),(12,24,'Amet veritatis fugit dolorem eligendi.','Ut qui nisi dolor animi. Molestiae quidem voluptatem rerum esse. Est laborum sed quos nesciunt in.','2020-12-08 04:38:42','2020-12-07 13:31:18'),(13,79,'Velit et dolores consequuntur.','Quasi ipsam sint magnam consequatur et ratione. Est quia quia voluptas. Mollitia autem ea dolor pariatur ullam molestiae aliquam.','2020-10-22 06:22:58','2020-12-07 13:31:18'),(14,22,'Et incidunt nobis et voluptas.','Molestias distinctio eveniet culpa minima est voluptas dignissimos. Perferendis voluptatem delectus ut commodi qui commodi. Inventore recusandae aut impedit nihil minima labore optio. Neque earum dolores eum minus id autem.','2020-08-31 22:15:24','2020-12-07 13:31:18'),(15,73,'Vel et dolor distinctio sed impedit.','Modi possimus odio autem explicabo consequatur ut. Ad et atque magnam quidem.','2020-04-12 11:03:21','2020-12-07 13:31:18'),(16,97,'Sunt reprehenderit quae consectetur aut quos aut fugit.','Culpa aliquam sit impedit iure est perferendis. Perspiciatis voluptatem consequatur repudiandae in et error est. Animi inventore ipsa sapiente veritatis eum.','2020-05-13 00:53:37','2020-12-07 13:31:18'),(17,65,'Ut vel reiciendis et qui voluptas sed voluptatem.','Quaerat odit qui ex non est sit optio. Dicta ut nostrum nulla. Autem sed velit dolor nihil aut. Eos libero minus error voluptates ab.','2020-10-05 19:10:47','2020-12-07 13:31:18'),(18,32,'Impedit optio quibusdam dolor.','Maxime totam dolor tempora mollitia et aperiam. Autem soluta consequatur in sint aut nulla aut. Et ratione dolore non aperiam.','2020-05-13 01:17:47','2020-12-07 13:31:18'),(19,67,'Repellat autem beatae labore deleniti aliquid est.','Rerum omnis nihil illum consequatur. Deserunt molestiae accusantium consequatur velit facilis. Neque quo magnam eligendi amet aliquid similique dolorem. Dolores recusandae ipsam vel voluptas.','2020-12-02 19:15:02','2020-12-07 13:31:18'),(20,37,'Et corporis consequatur suscipit consequatur velit consectetur.','Veritatis commodi repudiandae architecto sed repellendus sit corporis. Et voluptatem quis unde praesentium officiis rerum. Aut enim magnam quod facere aut deleniti.','2020-01-14 19:21:56','2020-12-07 13:31:18'),(21,82,'Maiores atque iure id quam qui quis explicabo quam.','Tenetur a minima aut accusamus. Voluptatem maiores eligendi assumenda. Ex et omnis quis dicta error dolorem vel expedita. Voluptatem repellat hic et enim sed ut ipsa quibusdam. Omnis explicabo nostrum consequatur quia.','2020-07-08 02:57:25','2020-12-07 13:31:18'),(22,1,'Ipsa tempora dignissimos ut ut.','Nihil labore quibusdam deserunt velit dignissimos qui consectetur. Sed non minima aliquam facere quo molestiae. Asperiores sit est rem dignissimos officiis sed sit ut. Est aut est nihil quis aut.','2020-11-19 13:53:16','2020-12-07 13:31:18'),(23,56,'Eligendi molestiae eligendi possimus accusamus quaerat adipisci.','Voluptatibus quia blanditiis vel. Quos eaque numquam modi mollitia. Quia accusantium est quidem eos recusandae. Illo delectus ut vel reprehenderit in soluta quibusdam quo.','2020-11-23 04:12:15','2020-12-07 13:31:18'),(24,79,'Ab explicabo ducimus nulla ullam et sint labore et.','Dolorem ullam dicta voluptatem amet sint eos. Quos eos est impedit veniam aspernatur perferendis occaecati.','2020-09-02 10:17:30','2020-12-07 13:31:18'),(25,25,'Dolorum doloremque nihil fugiat molestiae.','Ut id aut tenetur rerum modi. Quo alias eum ea error. Nesciunt explicabo accusantium et autem et in. Nesciunt nihil harum vitae rem et.','2020-05-15 12:14:49','2020-12-07 13:29:42'),(26,88,'Dolores neque asperiores impedit et eos corrupti.','Ipsa natus ut qui est fugiat fuga. Et dicta veritatis nisi nostrum ea ut.','2020-04-21 23:27:41','2020-12-07 13:31:18'),(27,63,'Dolore minus ea maxime et dolor.','Sint tempore at distinctio voluptas dolorum. Excepturi tenetur maiores ut non officia saepe voluptatem. Tempore rerum consequatur voluptas neque nisi. Accusamus voluptate molestiae facilis voluptatibus voluptatum corrupti libero. Minus sint ut voluptas om','2020-12-13 07:22:12','2020-12-07 13:31:18'),(28,53,'Dolore eum quas tempore architecto.','Commodi optio totam quam magni perferendis. Corporis quae consequatur qui id. Voluptas ipsam harum autem doloribus.','2020-04-09 18:28:29','2020-12-07 13:31:18'),(29,74,'Ipsum accusamus voluptatem deserunt.','Sit corrupti labore libero voluptas vitae eaque. Odit voluptatum harum veniam nisi ut illum. Dolore non dolores tenetur quaerat voluptas.','2020-11-02 20:54:34','2020-12-07 13:31:18'),(30,10,'Odit quisquam eaque harum alias.','Ipsum ad dolor neque. Iure minus voluptas excepturi praesentium ex. Praesentium dolorem quam voluptatem autem.','2020-04-23 02:07:19','2020-12-07 13:31:18'),(31,29,'Laboriosam delectus exercitationem fugiat praesentium quidem tempora.','Aut libero ut natus iure voluptas expedita recusandae. Ullam aperiam minus dolores alias tempore velit fuga. Officiis ut voluptatibus praesentium omnis asperiores ut id.','2020-08-31 19:31:00','2020-12-07 13:31:18'),(32,15,'Harum a ex nihil occaecati et et enim.','Quos iusto minima fugiat. Praesentium aut a sed enim. Adipisci eos adipisci et sunt eos error molestiae porro. Quo eius accusantium est alias ullam totam quis.','2020-08-10 18:37:56','2020-12-07 13:31:18'),(33,86,'Laudantium earum quisquam corporis exercitationem aliquam.','Soluta vero dolorum vero nostrum incidunt recusandae. Laborum ut impedit ut enim eligendi. Autem provident voluptate temporibus et vitae. In et non ut aut.','2020-06-04 22:07:42','2020-12-07 13:31:18'),(34,86,'Facere ipsa ex aut eligendi ad aperiam.','Cupiditate et a fugit nihil aliquid ut fugiat. Est omnis quos magni cum quo iure. In cumque ducimus et deserunt.','2020-03-04 19:45:10','2020-12-07 13:31:18'),(35,69,'Occaecati sit et ut corporis illo.','Atque dolorum eveniet et aut. Et debitis tenetur omnis autem. Mollitia fuga dolores voluptatem delectus ad sed voluptas.','2020-03-05 08:23:47','2020-12-07 13:31:18'),(36,87,'Voluptatem eaque suscipit corporis sunt cupiditate.','Fuga impedit adipisci nihil corrupti quidem. Deserunt quis molestiae delectus sint sunt. Voluptates facere qui rerum voluptatum.','2020-04-19 07:01:53','2020-12-07 13:31:18'),(37,30,'Consectetur quas facilis rerum unde et.','Ea necessitatibus quod officia ab distinctio maiores ut ipsa. Numquam omnis quae voluptates voluptate culpa occaecati harum. Sequi tempora reprehenderit quis in modi earum.','2020-08-23 03:38:35','2020-12-07 13:31:18'),(38,87,'Natus quia deserunt quos amet accusamus neque et.','Qui qui fugiat exercitationem natus fuga. Quis est non neque laudantium. Omnis officia autem dolore dolore harum ut.','2020-09-28 01:42:14','2020-12-07 13:31:18'),(39,46,'Accusantium sint veniam similique dolores voluptatibus nisi.','Sequi quia adipisci non facilis est et. Et earum et quis libero sed. Culpa nisi cupiditate veritatis est omnis. Animi aut quasi rerum qui reprehenderit.','2020-08-04 21:14:08','2020-12-07 13:31:18'),(40,70,'Minus quis et soluta eos debitis ut quia.','Autem doloremque soluta veritatis ea et quaerat. Non occaecati amet sed accusantium voluptatem. Consequuntur qui eum porro unde error ex. Omnis modi quisquam eos consectetur.','2020-05-16 13:35:34','2020-12-07 13:31:18'),(41,8,'Laborum neque assumenda fugiat nulla.','Maiores quo rerum sequi totam ex fugit. Neque aliquam consequatur officiis laboriosam. Ipsam qui at enim. Et in libero nulla.','2020-03-01 22:26:36','2020-12-07 13:31:18'),(42,31,'Molestias et temporibus ut veritatis quod nam.','Ipsa aut ad ad qui. Quos iusto debitis vel dolore sed iste. Fugiat neque facere dolores placeat voluptatem rem.','2020-04-06 23:21:56','2020-12-07 13:31:18'),(43,31,'Harum aut maxime est voluptates.','Possimus veniam ipsum voluptatum suscipit. Ea impedit libero sit illum. Assumenda voluptas voluptatum ratione impedit odit ipsa reiciendis asperiores. Quis in sint nesciunt itaque nulla ut sed fuga.','2020-09-22 21:27:55','2020-12-07 13:31:18'),(44,62,'Non dolore exercitationem recusandae est sunt omnis.','Distinctio dolorem rerum impedit recusandae voluptas aspernatur qui. Et sunt pariatur laboriosam error ea. Autem qui itaque officia deserunt. Aut suscipit facilis exercitationem esse sit. Quos suscipit saepe ratione consequatur velit.','2020-12-12 08:56:25','2020-12-07 13:31:18'),(45,14,'Possimus sed dicta quam placeat nemo.','Voluptatem culpa quidem placeat. Odit impedit magni sunt deserunt. Dolorem earum consequatur excepturi et tenetur aut. Quisquam et voluptatem aut vel excepturi exercitationem.','2020-06-11 09:23:45','2020-12-07 13:31:18'),(46,85,'Laborum tempora debitis voluptas quidem recusandae nobis consequatur autem.','Voluptate a rerum explicabo autem ipsum nisi. Autem quod quo et quo eveniet ipsum. Laudantium in dolorem ex.','2020-04-30 20:12:32','2020-12-07 13:31:18'),(47,82,'Delectus pariatur consequatur quo aperiam voluptatem.','Quia aut expedita qui sed quia culpa recusandae. Provident soluta nam eum soluta sint ut corporis. Explicabo rem amet cumque. Consequatur accusantium aspernatur placeat vitae ex ea quo.','2020-11-23 23:50:11','2020-12-07 13:31:18'),(48,54,'Sunt eaque cupiditate et voluptatem.','Unde voluptas blanditiis omnis reiciendis et nobis distinctio. Pariatur at quibusdam deserunt dolor ut possimus. Quia debitis asperiores quas voluptatem veniam magni laudantium.','2020-01-07 21:58:53','2020-12-07 13:31:18'),(49,24,'Nihil nihil aut doloremque vel.','Sunt voluptas perspiciatis aperiam qui ipsum. Laboriosam omnis aperiam optio voluptate odit sunt neque sunt. Vel facere voluptatem eveniet vel quam vitae.','2020-06-05 04:12:24','2020-12-07 13:31:18'),(50,57,'Non dolorem fuga sed possimus non.','Qui a dolorem minima qui consequatur eligendi. Corporis nostrum ea et distinctio quod neque. Beatae veritatis vel explicabo similique. Impedit ex magnam alias.','2020-06-10 03:00:17','2020-12-07 13:31:18'),(51,12,'Repudiandae deserunt accusantium ut facere consequatur vel cupiditate.','Quas quisquam deserunt omnis doloremque aut. Minus id debitis iste et. Eligendi non et et voluptatem quo eaque quia voluptatibus. Dolores ipsam commodi explicabo ea ipsum est dolor velit.','2020-03-14 08:09:53','2020-12-07 13:31:18'),(52,89,'Fuga consequatur fugiat occaecati laudantium unde porro.','Molestias rerum repellendus reiciendis. Soluta ut itaque aut repellendus omnis ducimus. Aut corporis perferendis tempora ea est numquam voluptas.','2020-11-26 14:04:02','2020-12-07 13:31:18'),(53,8,'Nam quia neque numquam natus rerum.','Nesciunt voluptate at qui natus maxime. Ut impedit magni voluptas officia sit fugiat voluptatem. Ratione molestiae optio qui.','2020-05-25 10:03:02','2020-12-07 13:31:18'),(54,73,'Et dolorem natus magni natus.','Ducimus labore molestiae et molestiae voluptas eligendi amet delectus. Dolorum dolorum voluptatum quia aliquam. Iste at iste dolores eum animi deserunt ratione laborum.','2020-07-26 10:53:40','2020-12-07 13:31:18'),(55,42,'Officia odio voluptas ut officia omnis dolor minima.','Officia alias vel fuga id. Qui id laborum itaque. Tenetur accusamus corrupti accusamus veniam omnis quae ipsa.','2020-10-03 09:52:00','2020-12-07 13:31:18'),(56,91,'Eius illo quis natus nobis culpa enim.','Laudantium optio libero assumenda enim nam et. Ipsum blanditiis rem libero aut. Qui odit fuga illo eaque. Provident saepe suscipit perferendis provident.','2020-07-13 20:56:36','2020-12-07 13:31:18'),(57,29,'Eum sint sapiente omnis aliquam earum.','Accusantium soluta vero sed et iure totam vitae mollitia. Magnam harum voluptatem nisi quo ut delectus qui. Exercitationem vero sint id qui est. Sequi illo delectus illum dolores aut.','2020-05-22 08:39:08','2020-12-07 13:31:18'),(58,71,'Quisquam enim vero dicta ut natus.','Adipisci dicta officiis accusamus voluptatem quidem reiciendis. Ut eum voluptate facilis eius deserunt. Natus voluptatem officia numquam sed reprehenderit explicabo. Sunt voluptatem et error nulla aut.','2020-12-04 20:16:57','2020-12-07 13:31:18'),(59,65,'Ut atque libero itaque totam itaque.','Minima necessitatibus maiores nostrum hic. Repellendus quidem illum atque ut non sint. Et tenetur est eum est ad maiores similique. Quibusdam et illum officia nulla sunt eos laborum.','2020-11-03 00:33:04','2020-12-07 13:31:18'),(60,13,'Qui et autem et reprehenderit.','Eaque tenetur vel impedit doloribus eos et aut. Voluptas doloribus assumenda pariatur sed quia. Ducimus quos fugit dolor rerum voluptatem praesentium consequatur.','2020-09-21 05:54:16','2020-12-07 13:31:18'),(61,70,'Rerum sint impedit perspiciatis repellendus sequi ratione.','Consequatur aut eum in sit incidunt. Quae culpa delectus eum sit. Sequi qui natus porro numquam. Ut explicabo ipsam non quisquam vel.','2020-11-25 19:11:54','2020-12-07 13:31:18'),(62,9,'Expedita ut et qui ut iusto.','Quidem aut quaerat dolor qui. Aut iste voluptate optio praesentium consectetur maxime ut ut. Suscipit recusandae dolor sunt autem.','2020-04-28 05:17:42','2020-12-07 13:31:18'),(63,35,'Eos assumenda veritatis repellendus eum.','Ducimus esse expedita praesentium maiores aspernatur. Est eveniet in molestiae architecto non. Voluptatibus veniam quasi et cum consequuntur consequatur.','2020-04-24 18:50:22','2020-12-07 13:31:18'),(64,48,'Eum praesentium ut eos totam ratione ab.','Autem voluptates distinctio quis cum. Voluptate et nihil provident quo est aut. Enim corrupti voluptatem fuga iusto sed eos ut. Voluptatem dolor facere quasi ducimus et.','2020-05-27 06:09:42','2020-12-07 13:31:18'),(65,33,'Maiores et reprehenderit et praesentium omnis iusto.','Vitae inventore eos rerum esse. Aut eveniet vero quod ratione. Aperiam aliquam necessitatibus modi esse. Officia sequi voluptatem voluptas dignissimos.','2020-03-30 15:37:31','2020-12-07 13:31:18'),(66,21,'Molestiae sapiente et voluptatem ipsum atque aut natus.','Quo inventore unde modi neque sed. Blanditiis aut exercitationem ut. Quia ad incidunt et distinctio. Eius voluptas nesciunt qui exercitationem dicta.','2020-04-07 15:48:24','2020-12-07 13:31:18'),(67,5,'Quia nobis minus quas aliquid rem maxime sequi.','Nesciunt saepe nihil est. Deleniti ipsam illo et pariatur molestias velit. Quo culpa dolores molestiae alias distinctio tenetur.','2020-06-14 12:34:25','2020-12-07 13:31:18'),(68,62,'Possimus aut eos accusantium non provident sint.','Aut voluptatum molestias distinctio in. Ipsam aut molestiae nesciunt debitis velit rem. Ex nisi autem neque similique quidem cum sit.','2020-11-05 13:33:19','2020-12-07 13:31:18'),(69,94,'Est officiis expedita nobis voluptates.','Rerum voluptate libero eaque atque et. Id porro accusamus est incidunt. Sunt quos nisi dolore iste omnis amet quibusdam.','2020-06-08 07:43:42','2020-12-07 13:31:18'),(70,83,'Ipsam veritatis natus facere.','Et aliquid beatae alias qui voluptatem. Ad iusto ut voluptates quia totam animi id. Qui asperiores velit temporibus quo aspernatur ut aliquid. Eos debitis blanditiis ipsa ut rerum excepturi vitae nostrum.','2020-07-29 02:54:21','2020-12-07 13:31:18'),(71,35,'Odit perferendis sit expedita deleniti dolorem quia aut.','Omnis voluptas ut quos est aliquam voluptatem. Nemo nisi eum beatae distinctio excepturi quia nulla.','2020-06-21 23:50:27','2020-12-07 13:31:18'),(72,24,'Quaerat labore omnis iure quae et consequatur.','Eaque voluptas dolorem aut enim fugiat. Laborum voluptatem repudiandae non omnis. Repellendus quis amet reprehenderit dolores voluptatem quas fugit.','2020-12-04 13:02:09','2020-12-07 13:31:18'),(73,16,'Voluptate nostrum cum tenetur quia autem.','Officiis cupiditate ut ullam molestiae nulla. Ducimus consequatur sequi repellendus quae aut neque. Omnis cupiditate voluptatem deleniti commodi exercitationem.','2020-08-28 00:12:03','2020-12-07 13:31:18'),(74,9,'Temporibus aut quos sit laudantium.','Laborum nihil commodi repudiandae. Eaque tempore qui rerum dignissimos fugit ullam. Quod neque eaque inventore tempora repellat. Commodi dolorum iusto corporis id sapiente eligendi.','2020-06-28 03:42:48','2020-12-07 13:31:18'),(75,93,'Consectetur et delectus et id provident numquam at.','Dolorum dolor sit exercitationem ipsum. Sit recusandae est recusandae impedit quo. Officiis vero explicabo nostrum quam laborum molestias. Qui ipsam quis minus itaque est vero.','2020-07-16 03:45:29','2020-12-07 13:31:18'),(76,38,'Voluptas adipisci eligendi nesciunt qui aliquam sit illum.','Perspiciatis error asperiores harum et at nam enim maxime. Tenetur modi unde sequi doloribus ut harum. Ut iure aut quaerat accusantium qui vero. Sed quaerat earum illum cupiditate assumenda. Consectetur quae fugiat quae quis id.','2020-06-29 11:27:47','2020-12-07 13:31:18'),(77,9,'Et atque earum suscipit tempora soluta quibusdam.','Distinctio praesentium et necessitatibus est quod eum. Ea repellat nam quas modi doloremque facere.','2020-06-05 16:23:35','2020-12-07 13:31:18'),(78,34,'Facere voluptatem repudiandae natus maiores maxime aut voluptatibus.','Inventore quod aliquid iusto ut. Libero ut velit delectus architecto. Adipisci rem temporibus quisquam officia molestias magnam.','2020-06-18 07:50:22','2020-12-07 13:31:18'),(79,39,'Sed et dolorem odit harum consequuntur numquam officia.','Dolores quae assumenda nulla aliquam. Vel numquam ipsa nostrum et est quia molestiae. Officiis modi aut nulla eius ducimus.','2020-05-10 14:01:55','2020-12-07 13:31:18'),(80,96,'Dolores voluptas velit omnis sint dolor qui ab.','Quod explicabo velit consequatur eum dolores ut sit. Est quas in nam est. Et deserunt animi ad velit quae quibusdam quasi molestiae. Rem eos at modi quidem est libero consequuntur.','2020-07-17 14:50:44','2020-12-07 13:31:18'),(81,61,'Impedit corporis quisquam quia eveniet qui praesentium ea.','Et officia alias sapiente aspernatur consequatur. Qui ex aut corporis mollitia explicabo eos ut consequatur. Quos quam fugit quod delectus quis.','2020-12-18 12:11:35','2020-12-07 13:31:18'),(82,15,'Distinctio reprehenderit eaque quos sequi ullam.','Quia nemo necessitatibus veritatis sit. Quis atque est eum quia officia nihil sint. Perferendis qui voluptatem expedita minus.','2020-02-08 17:11:03','2020-12-07 13:31:18'),(83,94,'Dolor eos ut sed iusto eveniet facilis.','Aut dolor hic natus blanditiis exercitationem totam ut. Optio non accusantium inventore. Eaque veritatis repellendus voluptatibus.','2020-08-26 21:42:16','2020-12-07 13:31:18'),(84,23,'Incidunt eum pariatur perferendis rem esse.','Repellendus expedita iste voluptatem hic quia error voluptatem. Corrupti adipisci debitis qui beatae minima nobis. Numquam qui adipisci saepe animi.','2020-04-28 21:49:44','2020-12-07 13:31:18'),(85,35,'Minima reiciendis qui repudiandae eveniet voluptas et.','Numquam nisi sed ullam laudantium. Nihil aut autem ab odit enim vitae. Aut repudiandae non voluptatem tempore rerum aut.','2020-07-21 00:23:36','2020-12-07 13:31:18'),(86,3,'Fugit voluptatem numquam quae quia nisi.','Molestiae maiores nam ipsa sapiente aut voluptas. A tempore dolores aliquid ut.','2020-09-07 16:19:39','2020-12-07 13:31:18'),(87,9,'Eveniet reprehenderit quaerat et repudiandae vero repellat.','Et ut consequatur sapiente. Accusantium accusantium omnis non fugit odit et. Sint et dicta aliquid voluptates. Praesentium qui sed animi omnis sit non facere reiciendis.','2020-12-01 13:37:29','2020-12-07 13:31:18'),(88,34,'Nihil eligendi velit quo vel hic perferendis amet magnam.','Ratione eos aut sed itaque veritatis beatae eos. Nemo consequatur voluptatem dolorem minus alias et. Quia id optio rerum quasi labore quibusdam sequi.','2020-09-09 17:14:26','2020-12-07 13:31:18'),(89,45,'Nam consequuntur quis corrupti accusamus est.','Minima autem eum necessitatibus hic vitae et. Perferendis rerum harum eaque deleniti rerum rerum praesentium eos. Eaque esse aliquam ipsam ut ut repudiandae sunt fugiat. Amet repudiandae voluptatibus expedita est ullam libero.','2020-03-08 13:13:19','2020-12-07 13:31:18'),(90,23,'Aliquid quibusdam accusantium accusantium magnam nemo quia.','In nisi accusantium pariatur at corporis suscipit. Exercitationem non fuga est molestiae ab voluptatum. Eaque assumenda suscipit fugiat quo molestias quas est. Totam doloremque est illo.','2020-07-09 20:29:07','2020-12-07 13:31:18'),(91,81,'Aperiam et laudantium suscipit ex.','Laboriosam dolorem officiis laudantium quasi tenetur. Rerum harum consequatur blanditiis aspernatur consequatur. Quo eos placeat tempore.','2020-06-30 09:07:42','2020-12-07 13:31:18'),(92,32,'Est error est ipsum temporibus natus et mollitia.','Error quaerat magni iste saepe mollitia. Modi quos consequatur officia ea quis fugit. Voluptatum delectus itaque nesciunt voluptas. Sit soluta ducimus ea deserunt eius nisi vero rerum.','2020-03-14 12:04:57','2020-12-07 13:31:18'),(93,19,'Aut non eius qui expedita et voluptas aut.','Odit quo enim earum est laboriosam. Exercitationem qui sint ut a sequi dicta. Sit quis dolores odio porro voluptas magni. Modi rerum qui eaque porro.','2020-05-31 15:28:23','2020-12-07 13:31:18'),(94,99,'Facilis officia aspernatur qui debitis labore.','Ipsum reiciendis et quis laboriosam. Quos debitis eaque et provident eum deserunt nisi. Ea ea doloremque aliquid fugit neque perspiciatis.','2020-04-05 11:42:07','2020-12-07 13:31:18'),(95,35,'Iste qui inventore dolore hic quia.','Aut aperiam exercitationem deserunt. Veniam aut et illum sit consectetur praesentium ut. Sunt dicta beatae dolores vitae repellat sapiente ad libero. Architecto harum praesentium eos eligendi maxime officia quia. Ex voluptatibus ipsa magni.','2020-12-05 06:09:06','2020-12-07 13:31:18'),(96,80,'Et nobis ex a unde dolore deleniti nobis.','Reprehenderit reiciendis ut qui quo dolorum at officiis. Provident excepturi accusantium et molestias quaerat incidunt.','2020-09-02 04:09:32','2020-12-07 13:31:18'),(97,95,'Et quis fuga cum quia quia deleniti et.','Vel dolorem voluptates fugit at odio quibusdam. Recusandae magnam non tempora aperiam dolorem. Deleniti et et quod vitae consequatur culpa. Explicabo itaque molestiae accusantium iure sapiente.','2020-02-07 08:24:12','2020-12-07 13:31:18'),(98,31,'Qui nobis magni quia consequatur qui sunt.','Voluptate alias tenetur voluptatum earum enim itaque. Earum qui earum deleniti. Consequatur ullam possimus voluptatibus eum.','2020-05-01 16:05:35','2020-12-07 13:31:18'),(99,73,'Quod sint et dignissimos labore consequatur.','Libero iusto cumque qui nulla nihil unde magnam. Maiores nostrum assumenda veritatis dolorem et minus. Id et quibusdam quas animi laudantium hic. Ipsa recusandae qui aperiam vel nihil.','2020-09-18 22:39:00','2020-12-07 13:31:18'),(100,69,'Odio distinctio aperiam animi quo laudantium harum.','Et commodi ea dolores delectus. Inventore aut deleniti praesentium in dolores et. Et quasi eaque necessitatibus vitae quidem incidunt ut.','2020-06-08 12:40:23','2020-12-07 13:31:18');
/*!40000 ALTER TABLE `series` ENABLE KEYS */;
UNLOCK TABLES;

--
-- Table structure for table `seсurity`
--

DROP TABLE IF EXISTS `seсurity`;
/*!40101 SET @saved_cs_client     = @@character_set_client */;
/*!50503 SET character_set_client = utf8mb4 */;
CREATE TABLE `seсurity` (
  `id` int unsigned NOT NULL AUTO_INCREMENT COMMENT 'УИД записи',
  `user_id` int unsigned NOT NULL COMMENT 'Идентификатор покупателя',
  `pwd` varchar(100) COLLATE utf8mb4_unicode_ci DEFAULT NULL COMMENT 'ХЭШ пароля',
  `state` tinyint(1) NOT NULL,
  `created_at` datetime DEFAULT CURRENT_TIMESTAMP COMMENT 'Дата создания строки',
  `updated_at` datetime DEFAULT CURRENT_TIMESTAMP ON UPDATE CURRENT_TIMESTAMP COMMENT 'Время обновления строки',
  PRIMARY KEY (`id`),
  KEY `security_user_id_fk` (`user_id`),
  CONSTRAINT `security_user_id_fk` FOREIGN KEY (`user_id`) REFERENCES `users` (`id`) ON DELETE CASCADE
) ENGINE=InnoDB AUTO_INCREMENT=151 DEFAULT CHARSET=utf8mb4 COLLATE=utf8mb4_unicode_ci COMMENT='Sequrity';
/*!40101 SET character_set_client = @saved_cs_client */;

--
-- Dumping data for table `seсurity`
--

LOCK TABLES `seсurity` WRITE;
/*!40000 ALTER TABLE `seсurity` DISABLE KEYS */;
INSERT INTO `seсurity` VALUES (1,1,'hhgdmsushgoryvpxusrnuyweiocdmd',1,'2020-01-14 09:32:10','2020-12-07 22:59:22'),(2,2,'wvyziobfwxsnczoielpuhvfmvtuvrz',0,'2020-07-08 20:46:22','2020-12-07 22:59:22'),(3,3,'mysyyfvtciznptdvyokuyutuwveand',1,'2020-05-17 18:57:34','2020-12-07 22:59:22'),(4,4,'zishqktbmfjxmonrzxtsbjinvshwvr',1,'2020-06-25 08:15:22','2020-12-07 22:59:22'),(5,5,'wkgvjtodcrvkwfuwsaxcadobdgfvcr',1,'2020-07-05 19:04:47','2020-12-07 23:00:44'),(6,6,'gxaceinqrudlwulmurctcfwybzwcrf',1,'2020-04-28 08:31:22','2020-12-07 22:59:22'),(7,7,'xpafmonzeschbskjxlhgalxyvkkphp',1,'2020-03-28 01:51:31','2020-12-07 22:59:22'),(8,8,'pdncqcukemsytxyczmgldknlmevkgt',1,'2020-06-10 07:43:43','2020-12-07 22:59:22'),(9,9,'iwxmlcqwuxgpbaoxkggcuvjcqruwni',0,'2020-10-15 03:13:54','2020-12-07 22:59:22'),(10,10,'rhzoacbapojabagnkinmbmscoftexe',1,'2020-11-11 23:28:39','2020-12-07 22:59:22'),(11,11,'cfspknyyceymayphzgtijuhcunulfs',1,'2020-10-03 02:21:00','2020-12-07 22:59:22'),(12,12,'brshtgnzmyfhsonpyucxvnnnqsdhoi',1,'2020-04-16 20:51:46','2020-12-07 23:00:44'),(13,13,'tnphlztevwxntafowpoghorcyclqsd',0,'2020-04-27 17:01:10','2020-12-07 22:59:22'),(14,14,'lqvevzpfyjwttekuoczsmtvhtrcigj',1,'2020-01-24 07:56:23','2020-12-07 22:59:22'),(15,15,'slqknpixrdiawzwwvjuzcheopdtrwx',0,'2020-12-26 05:27:26','2020-12-07 22:59:22'),(16,16,'eiabrsfjhzmlyzppwaatetihzhvsno',1,'2020-03-21 20:55:06','2020-12-07 23:00:44'),(17,17,'zikxcbydyfbrifegdiqcjjkdyszikq',1,'2020-06-04 23:17:48','2020-12-07 23:00:44'),(18,18,'vwgluelhrnquibifimhrtinanaovxm',1,'2020-05-18 02:03:56','2020-12-07 22:59:22'),(19,19,'yglcizhnyxixeqgmjgxlqcmtqufkpx',0,'2020-06-28 21:53:46','2020-12-07 22:59:22'),(20,20,'vfvvjjoomqkupdieoaxnqxqzipspog',0,'2020-03-17 14:04:18','2020-12-07 22:59:22'),(21,21,'tnzhldjnbjkugknqjfqvlsxdtinncz',1,'2020-05-09 15:04:03','2020-12-07 22:59:22'),(22,22,'esrhifltqgfjwrgeqquzcqgitzyhav',1,'2020-01-21 14:42:01','2020-12-07 22:59:22'),(23,23,'loewgngqsmimfcjvntvijovqhqhfhk',0,'2020-10-28 13:21:04','2020-12-07 22:59:22'),(24,24,'uopzpxjrgbmbmveytdtlzmnmnrkjzm',1,'2020-02-11 21:44:10','2020-12-07 22:59:22'),(25,25,'ywgdnbjcmeipzrqdcuzvuijjbieikr',0,'2020-10-27 15:25:31','2020-12-07 22:59:22'),(26,26,'ftexfraiznnjeessvcmckwhzsvkdjh',0,'2020-07-19 18:55:47','2020-12-07 22:59:22'),(27,27,'vsjllgevrnkklhgsglamfuskeesrao',1,'2020-01-30 00:06:21','2020-12-07 22:59:22'),(28,28,'ptgznhxfjobqwzjnaltojwajmfczxx',0,'2020-02-10 08:04:03','2020-12-07 22:59:22'),(29,29,'gsuadlliurlhzxtmrrioivztvryvry',1,'2020-09-17 08:22:07','2020-12-07 22:59:22'),(30,30,'avadiamynvnmihtcaxvgdvswtbyifg',1,'2020-02-09 15:34:52','2020-12-07 22:59:22'),(31,31,'gsnoscpaouqysbgzfomxfjcrqjkkal',1,'2020-07-07 23:31:22','2020-12-07 22:59:22'),(32,32,'cjqtewpvcrkjonpqsmsqiopntdfdaj',1,'2020-01-22 09:50:44','2020-12-07 22:59:22'),(33,33,'cpcqildbncnwmlwnfzkjdmbalbmyut',1,'2020-11-04 12:16:53','2020-12-07 22:59:22'),(34,34,'ealwxpaiykpkzjxqlkgflgcpfobhes',1,'2020-03-04 14:02:19','2020-12-07 22:59:22'),(35,35,'keuikxphunaaplxvaezwjnrrlsrntq',1,'2020-09-07 07:19:14','2020-12-07 22:59:22'),(36,36,'xhbufpnvrcvctupgxdvbyjxxwhznhw',1,'2020-12-17 08:23:12','2020-12-07 22:59:22'),(37,37,'vguqevnflktgtamwimhozgtiesvbuz',1,'2020-09-03 17:21:51','2020-12-07 22:59:22'),(38,38,'ijmbejpzuccgakdzlmndqtkrjisvtr',1,'2020-08-16 06:52:14','2020-12-07 22:59:22'),(39,39,'rxemscxskgtlawlxygbdmpcwwcyuhr',0,'2020-03-21 00:07:30','2020-12-07 22:59:22'),(40,40,'nbyzlhetpfwkwcirqrrmsfoixluqor',1,'2020-03-16 02:25:27','2020-12-07 22:59:22'),(41,41,'gkqinvodaxgletvshbhgvoisjpgdcc',1,'2020-01-26 13:02:39','2020-12-07 22:59:22'),(42,42,'lwqdnetcsvjppxogwdwxkswjnzjhvi',1,'2020-10-18 11:39:48','2020-12-07 22:59:22'),(43,43,'iymajqzsljwjggguivhvitmdxmtlav',1,'2020-10-27 11:24:22','2020-12-07 22:59:22'),(44,44,'kpnmsdiqmsiokcrmonrujdfhuqllkt',1,'2020-04-28 02:34:59','2020-12-07 22:59:22'),(45,45,'rzcdjjdvoinompmuplesxkbaxbmaku',1,'2020-01-09 08:35:34','2020-12-07 22:59:22'),(46,46,'dudrlxdbkgiohnimlnrqghkmnsmvoz',1,'2020-12-08 15:23:45','2020-12-07 22:59:22'),(47,47,'xefgqzoaqzelnqxszgqgediegnulbf',1,'2020-11-08 20:43:48','2020-12-07 22:59:22'),(48,48,'kezdaugeysczsjsrmhxlcjwxmacwzv',1,'2020-10-21 23:03:19','2020-12-07 22:59:22'),(49,49,'fnyfzbeqmkfnwtpmilbgohtbsvkprj',0,'2020-12-08 17:04:00','2020-12-07 22:59:22'),(50,50,'ngchxeqmodttxhwcbflchbwkqwmwqi',1,'2020-01-14 14:01:25','2020-12-07 22:59:22'),(51,51,'ziisrpjbasdrlnrpgkklgkzyjdxawq',1,'2020-01-03 18:47:26','2020-12-07 22:59:22'),(52,52,'aruvefbenpjeqheeiosofeqzmsnwqg',1,'2020-04-11 14:22:02','2020-12-07 23:00:44'),(53,53,'trltbkulbjmozwjafcsbmhaglymqfe',1,'2020-02-14 18:17:33','2020-12-07 22:59:22'),(54,54,'dejlvyexwcfcmvbhqwzlnxdqusvcgs',1,'2020-02-08 23:44:29','2020-12-07 23:00:44'),(55,55,'eysnlgxraophifmuusrleeicmrnvrr',1,'2020-08-02 10:40:09','2020-12-07 22:59:22'),(56,56,'ssopafdzkteoddvolepkkwlkrkvkpk',1,'2020-08-22 01:57:22','2020-12-07 23:00:44'),(57,57,'eercloflbtzwetjaursgxotvkygsqq',1,'2020-02-20 02:13:14','2020-12-07 23:00:44'),(58,58,'rsljrvnzxnkpnpwjwoqdgttqgafwkz',0,'2020-02-01 09:51:25','2020-12-07 22:59:22'),(59,59,'mujcwfhdhvhrfdngxwghbbjgljrgon',1,'2020-01-19 22:19:44','2020-12-07 23:00:44'),(60,60,'jgnpnffayryxqmvqwssufcjlidhekl',1,'2020-09-05 12:15:44','2020-12-07 23:00:44'),(61,61,'qbqbgkavcrbgsxhzjgknafcbotznvu',0,'2020-04-09 18:31:22','2020-12-07 22:59:22'),(62,62,'fqugwwfkpgteitfnzijjlgqetdhgyt',1,'2020-11-08 14:05:15','2020-12-07 22:59:22'),(63,63,'wypfiknjddsyruefeeqnvzufpjuoyz',1,'2020-12-22 05:34:15','2020-12-07 22:59:22'),(64,64,'mccjzbcjlxmtjuxykiuordnhhirmmq',0,'2020-01-24 19:15:32','2020-12-07 22:59:22'),(65,65,'dyvgkzkckuzhjudxzadisgznfuvaje',1,'2020-03-12 04:04:21','2020-12-07 22:59:22'),(66,66,'rajbbxvvdyfvwchrnamdrzyqiwradf',1,'2020-05-31 04:23:52','2020-12-07 22:59:22'),(67,67,'dyyjecnhjuagjjxcmxjetfwwccedaq',1,'2020-10-24 21:39:49','2020-12-07 22:59:22'),(68,68,'qcpukpkwvtczsdovvxyamwsixzgdam',1,'2020-08-29 21:05:14','2020-12-07 22:59:22'),(69,69,'abgaorjjfnvodcasnifbcajjzemphm',1,'2020-11-16 02:10:08','2020-12-07 22:59:22'),(70,70,'sscpfvwjjrctphkqrdfhgnmkygdqai',1,'2020-05-28 17:30:25','2020-12-07 22:59:22'),(71,71,'eqeqxmhsnfslupawakulujwkjnymcm',1,'2020-03-25 05:36:07','2020-12-07 23:00:44'),(72,72,'xcpozwkjlaefqiexovfaymhldickon',1,'2020-05-29 09:04:03','2020-12-07 22:59:22'),(73,73,'fwnkoawqhvslgjderrthiahlzkqxtv',1,'2020-08-02 00:55:58','2020-12-07 22:59:22'),(74,74,'kmsnbkgeqputrfvirmbfzmjwgkxjdr',1,'2020-08-31 11:38:55','2020-12-07 22:59:22'),(75,75,'mcczptvlcdtjkfseshwkqmmplizvms',1,'2020-01-01 21:05:24','2020-12-07 22:59:22'),(76,76,'ycztvlxlyznxctswnbcwkqditxljaj',1,'2020-08-12 01:55:51','2020-12-07 22:59:22'),(77,77,'pkgdysudadbiqykwosqcdnmabfbvqm',0,'2020-12-09 12:34:15','2020-12-07 22:59:22'),(78,78,'ntsnxmqglivyluhgqasvoqptdmxbpw',1,'2020-08-08 11:56:01','2020-12-07 22:59:22'),(79,79,'dpkginmzrjmrwkwjbhvqfgxgnpseqo',0,'2020-05-27 05:56:33','2020-12-07 22:59:22'),(80,80,'frcxrsaezbykxqhtimyuvxugtazssy',1,'2020-12-20 00:07:55','2020-12-07 23:00:44'),(81,81,'gvzmogsdljudcldxxwzpvuzcwamzbq',1,'2020-05-10 11:04:44','2020-12-07 23:00:44'),(82,82,'vaeaujqimzuyxeljsjbhfyhzmoivjt',1,'2020-09-27 06:42:23','2020-12-07 22:59:22'),(83,83,'lvhnrnyralfcakufxzyeqjpijrxzno',1,'2020-12-04 03:53:58','2020-12-07 23:00:44'),(84,84,'mvykznvnjjruaytdbgwbdlelfvvseq',1,'2020-11-07 02:58:27','2020-12-07 23:00:44'),(85,85,'wdjczbeuxkfvntytjixqkbuqwdqxrp',1,'2020-02-25 09:43:51','2020-12-07 23:00:44'),(86,86,'ztqhusagbmpclvthgfkpvbzhelnnsz',1,'2020-02-27 14:48:35','2020-12-07 22:59:22'),(87,87,'uwlpnqpcudabifldkvqjlmlzhckkrn',0,'2020-01-11 16:15:58','2020-12-07 22:59:22'),(88,88,'hvghkwlddqbghqymspogrpeltctrol',1,'2020-07-25 23:11:48','2020-12-07 22:59:22'),(89,89,'tabzjuvyjzlydcecrfowhrhacrtkfn',0,'2020-04-22 09:54:09','2020-12-07 22:59:22'),(90,90,'fbfqcddamihoqwvbcmzrunrxwzkozi',1,'2020-05-17 22:45:28','2020-12-07 22:59:22'),(91,91,'kuclgukhedtgkdyozpocyqfapnmonp',1,'2020-10-06 16:40:27','2020-12-07 22:59:22'),(92,92,'ebknbgmndjvebuomstquekadnbxcqz',1,'2020-01-27 10:34:20','2020-12-07 22:59:22'),(93,93,'gxljkmevpudylgxirjqaxtnicqfrot',1,'2020-04-25 23:33:18','2020-12-07 23:00:44'),(94,94,'pecrtsxsaarjiarsyvyvjrgxvdiiqq',1,'2020-04-24 12:12:07','2020-12-07 23:00:44'),(95,95,'eqxinumuldfvoxehprtahoglrpxvdd',1,'2020-07-24 08:07:38','2020-12-07 23:00:44'),(96,96,'lmaasjuaampcmkbdwpgkbcoantjiud',1,'2020-10-21 01:58:15','2020-12-07 23:00:44'),(97,97,'ezhqclloxtkeqecepgsblylovptjrz',1,'2020-12-05 09:38:54','2020-12-07 22:59:22'),(98,98,'xbpycjrbhvbowaixwbgcmiicqezwsr',1,'2020-03-30 09:00:39','2020-12-07 23:00:44'),(99,99,'gbfkvwqberevqjjcwhqcszjwcacvtl',0,'2020-07-11 01:30:46','2020-12-07 22:59:22'),(100,100,'psdjejwgwnmjjdzkvawfsxfwkdcbwb',1,'2020-09-28 16:34:33','2020-12-07 23:00:44'),(101,101,'mlqtvfevczjwmlehycaosschnaazgv',1,'2020-10-29 15:29:11','2020-12-07 22:59:22'),(102,102,'avyawtoqbfsqfwkyxmixhbcqunkfih',0,'2020-11-29 15:56:50','2020-12-07 22:59:22'),(103,103,'kabqwyknwittmwyjnbsyzawwfeiimt',1,'2020-12-11 08:58:44','2020-12-07 22:59:22'),(104,104,'wamnsgqeaspjgyudetshiconurvliv',1,'2020-12-02 09:25:35','2020-12-07 22:59:22'),(105,105,'ftjxcmvbimxffjcpbpmezsqddbwkwv',1,'2020-06-24 08:03:42','2020-12-07 22:59:22'),(106,106,'akebgljooxijakhnvvelihcmfpawyg',0,'2020-09-10 23:35:35','2020-12-07 22:59:22'),(107,107,'zltiafomzaeekghkxffmsvsuahmffc',0,'2020-01-01 04:49:28','2020-12-07 22:59:22'),(108,108,'lbvbskzjcrgkztbkrhayadqkjhtqje',1,'2020-07-11 10:37:31','2020-12-07 22:59:22'),(109,109,'hvbclvsafqdlfzazoaqlmoocyyfxda',1,'2020-11-23 00:03:06','2020-12-07 23:00:44'),(110,110,'xdgcubjzcjsqmawcqmpusyqtsoaski',1,'2020-03-29 04:13:03','2020-12-07 23:00:44'),(111,111,'vvpqsxrhzwmiunhdufbijrruondutf',1,'2020-07-22 20:00:32','2020-12-07 23:00:44'),(112,112,'rmcxwahvnbfmpwqwvxbbvzvwodbnes',0,'2020-08-07 02:47:38','2020-12-07 22:59:22'),(113,113,'rvswgagsthpcqwpyavwtkqxhgmzegw',1,'2020-10-04 19:28:39','2020-12-07 22:59:22'),(114,114,'ekzjogzqbmhzavsviaztyeywmwbyxi',1,'2020-10-21 09:01:07','2020-12-07 22:59:22'),(115,115,'btfpryznacmmitqcucodzfacfwtlat',1,'2020-06-14 00:04:11','2020-12-07 22:59:22'),(116,116,'ivorkxbludjiqtylrvrsurmifjsicq',1,'2020-03-19 03:52:51','2020-12-07 22:59:22'),(117,117,'gxfnxctgydefzphbibejpgdwoxjikh',1,'2020-10-16 23:58:36','2020-12-07 22:59:22'),(118,118,'aizuksfbfhqrtqkydvpdfgdsypwlqz',0,'2020-10-20 04:05:08','2020-12-07 22:59:22'),(119,119,'ysrujccafmmagulqjrjevpisulsrwh',0,'2020-03-18 12:41:24','2020-12-07 22:59:22'),(120,120,'myojbngherztnalsdvwisrradmjujl',0,'2020-10-23 03:34:07','2020-12-07 22:59:22'),(121,121,'mgfkzjozszvwagtaktappvowriujmb',1,'2020-07-09 18:31:45','2020-12-07 22:59:22'),(122,122,'cjmhgdiyldjpwimxajbrcndymralfx',1,'2020-10-28 06:14:46','2020-12-07 22:59:22'),(123,123,'thvefdovzhwefigvrmbcurqfbfspur',0,'2020-04-06 02:32:44','2020-12-07 22:59:22'),(124,124,'lfnvpdeyukwixahqjyqtickfwznotl',0,'2020-06-14 00:49:26','2020-12-07 22:59:22'),(125,125,'ubvetomdfliknqwkjahsmmxajuytui',1,'2020-07-07 13:03:45','2020-12-07 22:59:22'),(126,126,'kntcranffvqwuftrhmcovzinqnsaus',0,'2020-03-12 07:26:29','2020-12-07 22:59:22'),(127,127,'imgugmnoqvpoghghqnboscptretggr',1,'2020-05-18 02:33:13','2020-12-07 22:59:22'),(128,128,'ekyigtxbhiyguhtjulddjfsiflqpjb',1,'2020-02-23 15:14:46','2020-12-07 22:59:22'),(129,129,'vnpbexxdhosgployicimiqciccnaeq',0,'2020-05-08 06:23:25','2020-12-07 22:59:22'),(130,130,'vmisxgczaimhcxvjkxtqzgmjumfatb',1,'2020-02-27 08:45:35','2020-12-07 23:00:44'),(131,131,'lwdobiyanivxrwkhbbzmlueideogvm',1,'2020-03-23 03:00:46','2020-12-07 23:00:44'),(132,132,'uvygazmfuvhnjcibuaqnnutcqzesfj',1,'2020-04-24 23:46:49','2020-12-07 23:00:44'),(133,133,'svugismyfxeutccrrgdezcntnhvimv',1,'2020-02-01 18:11:59','2020-12-07 22:59:22'),(134,134,'cuxubqufywshztateqfrxhvlnmeewt',0,'2020-07-03 14:57:06','2020-12-07 22:59:22'),(135,135,'apopvzotvxztttuthursbibjpdwuiv',1,'2020-11-15 11:41:48','2020-12-07 22:59:22'),(136,136,'sszmuorotljkyiceljgtycxkpkgwkt',1,'2020-10-06 12:56:31','2020-12-07 22:59:22'),(137,137,'mnfrwtoptnahuengjklzxbxvcupiim',1,'2020-11-16 15:23:14','2020-12-07 22:59:22'),(138,138,'kdsawvgqppsnvyxcvsbsocwnfdpbmu',1,'2020-09-19 19:11:38','2020-12-07 22:59:22'),(139,139,'kwdgvrabqskiwnvohhjxjgzvnhuiui',1,'2020-03-11 02:07:03','2020-12-07 22:59:22'),(140,140,'mwygdistpnhiwneoezioqlffxjmglf',1,'2020-09-05 21:34:03','2020-12-07 23:00:44'),(141,141,'hcpjohztxgggbwveumrelfekkdegse',0,'2020-02-19 07:13:42','2020-12-07 22:59:22'),(142,142,'tmwpnypsroogzrwbmsshzibyyfbggo',1,'2020-08-12 15:07:07','2020-12-07 22:59:22'),(143,143,'pquegqkijducclyybjvmesvgmmzdkt',1,'2020-06-08 00:18:16','2020-12-07 22:59:22'),(144,144,'vvgrxwdeflrhmugfshgscvyltfkrkz',0,'2020-10-06 11:58:00','2020-12-07 22:59:22'),(145,145,'girdzmwxukmascisaaltjnrxylehjx',0,'2020-09-20 17:48:48','2020-12-07 22:59:22'),(146,146,'qzvcgffrejawlexaeevdyvhnbgofcj',1,'2020-09-08 20:43:13','2020-12-07 23:00:44'),(147,147,'gawuxhsbkrmwtuvmrnupintwdhsiwe',0,'2020-12-27 19:21:35','2020-12-07 22:59:22'),(148,148,'bbsfmvlituidykmphqkbmdhlnmoczl',1,'2020-03-14 17:44:09','2020-12-07 23:00:44'),(149,149,'viycmnlewijqjzcsbbvyqtjapegcos',1,'2020-11-04 17:38:21','2020-12-07 22:59:22'),(150,150,'kyzyznbqzxdjjgxhkqtlfjypkfvict',1,'2020-02-16 22:17:50','2020-12-07 22:59:22');
/*!40000 ALTER TABLE `seсurity` ENABLE KEYS */;
UNLOCK TABLES;

--
-- Table structure for table `shops`
--

DROP TABLE IF EXISTS `shops`;
/*!40101 SET @saved_cs_client     = @@character_set_client */;
/*!50503 SET character_set_client = utf8mb4 */;
CREATE TABLE `shops` (
  `id` int unsigned NOT NULL AUTO_INCREMENT COMMENT 'УИД магазина',
  `name` varchar(255) COLLATE utf8mb4_unicode_ci NOT NULL COMMENT 'Название',
  `city` varchar(255) COLLATE utf8mb4_unicode_ci NOT NULL COMMENT 'Город',
  `address` varchar(255) COLLATE utf8mb4_unicode_ci NOT NULL COMMENT 'Адрес',
  `time_work` varchar(75) COLLATE utf8mb4_unicode_ci NOT NULL COMMENT 'Время работы',
  `phone` varchar(75) COLLATE utf8mb4_unicode_ci NOT NULL COMMENT 'Телефон',
  `description` varchar(255) COLLATE utf8mb4_unicode_ci NOT NULL COMMENT 'Описание',
  `created_at` datetime DEFAULT CURRENT_TIMESTAMP COMMENT 'Время создания строки',
  `updated_at` datetime DEFAULT CURRENT_TIMESTAMP ON UPDATE CURRENT_TIMESTAMP COMMENT 'Время обновления строки',
  PRIMARY KEY (`id`)
) ENGINE=InnoDB AUTO_INCREMENT=101 DEFAULT CHARSET=utf8mb4 COLLATE=utf8mb4_unicode_ci COMMENT='Магазины';
/*!40101 SET character_set_client = @saved_cs_client */;

--
-- Dumping data for table `shops`
--

LOCK TABLES `shops` WRITE;
/*!40000 ALTER TABLE `shops` DISABLE KEYS */;
INSERT INTO `shops` VALUES (1,'Autem reiciendis odio a aut ut magni commodi quidem.','Arturohaven','4467 Rhea Port Apt. 638\nPort Chanelle, UT 00099','from 09:00 to 18:00','1-350-194-0912','Pariatur consequuntur dolor molestiae sit alias repellendus maxime. Incidunt vero vel rem maiores ex fugit nesciunt. Laborum cumque quia sed incidunt recusandae eius nihil. Incidunt et recusandae quisquam in.','2020-04-02 06:09:30','2020-12-07 12:46:35'),(2,'Quo nihil voluptates in temporibus necessitatibus dicta.','North Cordeliachester','7202 Quigley Shoal Apt. 839\nJulieview, CT 99424','from 09:00 to 18:00','(650)279-0150','Animi perferendis voluptatem aliquid atque laudantium enim necessitatibus. Facere facilis dicta quis quo sint. Reiciendis non dolores facilis rerum dolores vitae.','2020-05-12 23:29:32','2020-12-07 12:46:35'),(3,'Iusto saepe dolor dolore optio deleniti.','Wisozkshire','0982 Wiza Dam\nSouth Keara, MD 00834','from 09:00 to 18:00','782.800.1374x07590','Reiciendis magni repudiandae at id perferendis. Aliquam est esse nesciunt. Voluptatem voluptatem eum omnis libero dolorem enim quis tenetur.','2020-10-23 07:29:20','2020-12-07 12:46:35'),(4,'Quasi qui voluptas nobis esse velit aut iure voluptatem.','Brakusview','14571 O\'Reilly Shoals\nKilbackville, DE 83725-3556','from 09:00 to 18:00','02626046298','Et a nemo est eos temporibus. Dignissimos dolorum sint exercitationem. Dolore similique ea labore iusto beatae.','2020-04-29 03:14:54','2020-12-07 12:46:35'),(5,'Nihil ut labore iure consequatur.','Mayertfurt','508 Danielle Overpass Suite 143\nLake Antonioland, TX 78329-3740','from 09:00 to 18:00','629.409.2502','Consequatur inventore nulla explicabo magnam. Optio est culpa ut eveniet. Odit numquam quis consequuntur officia porro odit veritatis. Ipsum rerum enim quia ipsum.','2020-07-03 19:56:18','2020-12-07 12:46:35'),(6,'Est itaque reprehenderit quae qui voluptate cupiditate excepturi sint.','Hicklechester','1721 Lola Ville Apt. 345\nNew Maraburgh, WV 42491-5009','from 09:00 to 18:00','1-121-802-0073x8518','Exercitationem maxime eveniet omnis. Omnis voluptas sequi labore consequatur. Qui odio quo ipsa consequatur dignissimos omnis.','2020-03-18 17:38:28','2020-12-07 12:46:35'),(7,'Dignissimos adipisci odit dolorem rerum at ratione.','Lelabury','7156 Unique Forest\nLake Esther, CT 10574-7043','from 09:00 to 18:00','108-199-2593x323','Voluptatem labore ab in et vitae. Explicabo reprehenderit cumque et voluptates aut commodi. Voluptatibus eveniet cumque harum enim pariatur pariatur. Et architecto aut repellat nam veritatis sapiente eius eos.','2020-09-07 05:01:55','2020-12-07 12:46:35'),(8,'Ad minima molestiae recusandae dolor dolorum recusandae.','Duaneshire','3017 Kemmer Divide Apt. 225\nTremblayfurt, NC 63710-6294','from 09:00 to 18:00','+50(2)1150759753','Ab vero est dolores molestiae exercitationem harum fuga. Laudantium unde magnam deleniti ea qui. Enim iste qui a sed est.','2020-03-24 14:27:44','2020-12-07 12:46:35'),(9,'Aut alias nulla culpa ab pariatur.','West Domenick','1593 Jessie Islands\nMetztown, MD 94155','from 09:00 to 18:00','+20(1)4950164801','Facilis adipisci velit rerum perspiciatis est quam eum. Explicabo perspiciatis at blanditiis non consequatur eaque. At veniam natus dolorem id tenetur.','2020-02-17 13:30:07','2020-12-07 12:46:35'),(10,'Veniam voluptas qui debitis voluptas ad eius ut.','Katherynshire','707 White Port Apt. 426\nLottiechester, OH 30255','from 09:00 to 18:00','1-645-918-7257x97904','Voluptas perferendis quo doloremque error aut sunt nam. Nihil sequi reiciendis enim ut saepe quisquam eos.','2020-09-16 04:13:29','2020-12-07 12:46:35'),(11,'Tenetur quas itaque et possimus voluptatum.','West Lennaside','7510 Glover Union Apt. 862\nNorth Maybell, AL 21419-3948','from 09:00 to 18:00','616-772-5878x5599','Recusandae enim deleniti quae fugiat repellendus odit velit. Aliquid dolorem quas dolor nihil ipsam vel. Autem aperiam aperiam est architecto. Aut consequatur est minus optio.','2020-11-14 01:04:54','2020-12-07 12:46:35'),(12,'Recusandae rerum velit eius quas.','Leannonburgh','18191 Paucek Lodge Apt. 969\nPfannerstilltown, ID 20400-4547','from 09:00 to 18:00','1-253-752-1288x9736','Velit minima sed tempora aliquam dolorem. Reprehenderit a veniam nulla quae. Voluptates id ea porro sit quisquam. Facilis et officiis accusantium dolorem qui. Aliquid omnis cupiditate quasi quia.','2020-04-20 13:45:36','2020-12-07 12:46:35'),(13,'Eaque suscipit debitis quibusdam aliquam ad.','Corkeryville','1278 Hettie Views\nNorth Grovershire, OR 73843','from 09:00 to 18:00','818.689.6626x9176','Inventore rem amet porro omnis sit molestiae reprehenderit. Modi ab a est. Earum eos incidunt reprehenderit optio officiis dolorum quia. In eum doloremque rem deleniti occaecati.','2020-09-17 21:59:16','2020-12-07 12:46:35'),(14,'м. Аэропорт','Москва','Москва, Ленинградский пр-т, д. 62а, ТЦ «Галерея Аэропорт», 2 этаж','10:00 - 23:00','999-56-89-23-111','Cum quisquam ut omnis reiciendis perferendis. Enim porro ab enim dolorem. Corporis vel voluptas velit ipsa tempore. Officia non in cum nulla voluptatibus enim pariatur.','2020-07-16 22:47:35','2020-12-11 09:08:31'),(15,'Dolor eveniet modi quisquam similique nihil recusandae.','West Floyshire','17396 Dickinson Drive Apt. 331\nMurraymouth, LA 25297-5914','from 09:00 to 18:00','1-972-328-5988x46305','Optio harum optio vero quas itaque qui minima. Ut non voluptatum et id optio at. Et perspiciatis sequi odio in perspiciatis enim magni. Ipsam ut sit facilis.','2020-11-07 11:10:16','2020-12-07 12:46:35'),(16,'Possimus vel at facere beatae cumque eligendi dolorem.','Port Micaela','963 Arianna Cove Suite 761\nEast Carey, OK 76999','from 09:00 to 18:00','+22(6)0033535522','Consectetur dolor cupiditate aut quasi et quis. Sint qui voluptas facilis et aliquam eius. Nihil et sit omnis optio dolore deleniti et.','2020-05-27 06:39:20','2020-12-07 12:46:35'),(17,'Molestiae eaque qui ut nam unde autem.','Paucekside','38650 Jaydon Ramp Suite 353\nLake Lois, MT 24297-0392','from 09:00 to 18:00','07089249867','Sunt veniam et culpa reiciendis sit accusamus. Voluptatem ipsam fuga sequi dolore ut. Eveniet enim nobis quia voluptas. Debitis a est officiis maxime veniam dolore quia dolore.','2020-07-30 13:38:51','2020-12-07 12:46:35'),(18,'Non voluptatum qui qui commodi consequatur dolor.','South Maureen','17953 Jaylin Springs Suite 121\nJademouth, HI 29977','from 09:00 to 18:00','932.927.6115','Autem enim delectus natus non voluptatem ut quia. Excepturi in et aut ipsa. Similique reprehenderit voluptatibus omnis dolores libero accusamus in.','2020-12-24 13:28:14','2020-12-07 12:46:35'),(19,'Facilis consectetur laudantium sit magnam.','Port Margarita','2735 Coleman Islands\nNorth Juddfort, HI 21678','from 09:00 to 18:00','+25(6)7186195396','Et vel soluta vel voluptatem. Tempora omnis in facere velit vel fugiat et.','2020-03-02 01:50:09','2020-12-07 12:46:35'),(20,'Fugit id numquam earum deleniti illum blanditiis magni.','Jodiebury','47611 Heller Harbors Suite 834\nLake Chaimburgh, NV 71204-7351','from 09:00 to 18:00','+15(4)5106123823','Neque et ullam sunt qui excepturi illum veritatis officia. Impedit nisi pariatur necessitatibus molestias. Sint blanditiis atque nobis rerum labore.','2020-05-27 19:44:22','2020-12-07 12:46:35'),(21,'Esse quis expedita culpa sunt.','South Dejuan','0266 Terry Coves\nHamillchester, HI 62574','from 09:00 to 18:00','(996)519-9583x73838','Dicta et officiis velit consequatur. Sunt labore non odit nisi. Maiores ea voluptatum ea qui suscipit rerum. Aut velit provident veritatis rerum quis.','2020-08-02 21:38:38','2020-12-07 12:46:35'),(22,'Sed velit similique sunt est.','Friesenfort','39637 Feeney Parkways\nWest Raoul, NM 79788-6399','from 09:00 to 18:00','701-398-4412x159','Ea error aliquid odio amet laboriosam et qui. Libero voluptates ipsam culpa rerum eveniet. Sit odit consectetur corrupti aliquam. Incidunt id facilis itaque facilis. Non et autem voluptas provident doloremque.','2020-12-30 03:21:44','2020-12-07 12:46:35'),(23,'Modi odio ipsa cum itaque voluptas.','North Jessyca','3141 Lind Expressway Apt. 363\nRebekachester, WI 53802','from 09:00 to 18:00','1-882-494-9380x815','Illo dolorem ut et quia. Illum eligendi eum ullam libero vitae molestiae. Exercitationem temporibus quas sed accusamus sunt non tempore odio. Ex in saepe itaque occaecati soluta aut nisi ut.','2020-09-17 21:40:07','2020-12-07 12:46:35'),(24,'Et modi doloribus officiis est.','Lake Sibyl','6382 Carroll Via Suite 504\nWest Leland, MA 87784-9219','from 09:00 to 18:00','1-464-722-1058x1936','Eveniet ut molestiae et suscipit dolorem nihil perspiciatis. Molestiae qui aut sequi quo dolore. Doloremque vero pariatur sunt sit praesentium unde occaecati. Illo nostrum explicabo occaecati ut rem eaque. Facere quos dolor aliquam distinctio voluptas rer','2020-03-22 02:34:27','2020-12-07 12:42:45'),(25,'Magni aspernatur ipsum et qui maiores molestiae velit.','North Cristobalbury','639 Robbie Turnpike\nRaoulton, CA 18096-2696','from 09:00 to 18:00','517-637-6969x28710','Commodi ipsam occaecati cupiditate vero porro tenetur. Explicabo est id modi vero sint recusandae quis. Iusto hic qui alias est reprehenderit doloribus et ipsa. Numquam molestiae praesentium et soluta minima beatae.','2020-03-16 14:55:51','2020-12-07 12:46:35'),(26,'Est accusantium rem expedita repellat dicta.','West Urban','472 Kessler Curve Suite 406\nNew Rachelview, IA 61706-9984','from 09:00 to 18:00','978.176.9590','Aut et doloribus quo ut et nulla sapiente. Consequatur deserunt soluta quis velit nihil tempora recusandae. Eum possimus exercitationem qui omnis quibusdam.','2020-10-01 17:32:44','2020-12-07 12:46:35'),(27,'Sapiente omnis occaecati quis magnam.','Tyshawnchester','26842 Ali Center Apt. 108\nEast Hallieberg, OK 40464-1582','from 09:00 to 18:00','1-157-506-0960x2290','Recusandae dolores dolores qui placeat qui. Veritatis pariatur nesciunt ratione saepe itaque sunt. Eligendi officiis nesciunt quidem laudantium iure voluptatem quibusdam.','2020-12-05 02:43:07','2020-12-07 12:46:35'),(28,'Rerum soluta facilis sapiente quis quae architecto rerum.','Runolfssonland','471 Avis Haven\nDarrontown, FL 07080-6260','from 09:00 to 18:00','+68(1)8460595359','Dolorem optio iure voluptas porro nobis. Officiis maxime sapiente quos eum dolores cum. Mollitia molestias accusantium dignissimos ad aut commodi. Veniam beatae consequuntur nihil nostrum maxime temporibus.','2020-07-20 08:31:33','2020-12-07 12:46:35'),(29,'Est inventore nobis distinctio error doloremque sapiente ullam.','South Kaelynland','52064 Rogelio Route\nSouth Charles, FL 12239-1281','from 09:00 to 18:00','735.204.4409x519','Voluptatibus voluptas necessitatibus minus quia. Tenetur sequi dolores numquam accusantium minima quia. Omnis earum reprehenderit numquam aliquam. Temporibus a rerum debitis ipsam.','2020-02-15 23:57:33','2020-12-07 12:46:35'),(30,'Cumque magnam ab molestias.','Audiemouth','787 Schowalter Junctions Suite 726\nWest Anissa, AK 52789-1438','from 09:00 to 18:00','161-256-2196x742','Iste labore dolorum corrupti sit nihil. Qui autem laudantium aliquam occaecati. Qui porro quo necessitatibus quia dolor. Et ratione inventore ut consequuntur sit voluptate.','2020-05-14 17:38:23','2020-12-07 12:46:35'),(31,'Laboriosam quae natus dolor commodi asperiores doloremque laudantium.','East Bellabury','68119 Mohr Track\nLake Kasandraport, TX 50548','from 09:00 to 18:00','327.977.1228','Repellendus quisquam voluptatibus sit. Eum aliquam qui voluptatum facilis cumque eveniet voluptatem. Consectetur accusamus in mollitia consequatur. Nostrum dolorum nulla eos temporibus qui dolorum.','2020-03-06 04:57:17','2020-12-07 12:46:35'),(32,'Accusantium maxime dolorum occaecati quia.','Larsonside','654 Ratke Keys Suite 752\nLake Cory, NY 76767','from 09:00 to 18:00','951.417.2552x5055','Nulla minima ut rerum amet quos itaque. Accusantium sunt magnam facilis nostrum asperiores quia exercitationem. Nihil natus earum voluptatem maiores id quos. Maiores magnam dolore exercitationem et omnis blanditiis vel.','2020-02-10 20:29:22','2020-12-07 12:46:35'),(33,'Deleniti quasi velit commodi fugit repellendus excepturi.','Hahnfort','8558 Metz Keys\nNew Tylerport, KY 51643','from 09:00 to 18:00','1-081-551-6151x023','Nihil aut quisquam fugiat quas et. Tempora aut sapiente autem nemo ut voluptas.','2020-01-07 23:51:31','2020-12-07 12:46:35'),(34,'Ipsam deserunt et dolorem nihil et labore dolores.','South Busterburgh','158 Shanahan Locks\nWest Coreneview, AZ 94650-3564','from 09:00 to 18:00','1-167-662-8867x7192','Placeat ad nostrum sint et minima velit fugit. Et provident neque facere. Quia dolorem dolorem et voluptates.','2020-09-18 23:48:05','2020-12-07 12:46:35'),(35,'Veritatis sit consequatur occaecati quidem hic est quia.','Lake Jaylon','636 Lucile Track Apt. 960\nOlsonville, KY 05549','from 09:00 to 18:00','(281)054-9849','Atque veritatis vel sequi autem quo. Alias nostrum quis dicta deserunt aut magni consectetur. Possimus eos eveniet aut consectetur magni mollitia. Animi aut voluptatem vel id aut explicabo.','2020-05-21 23:14:34','2020-12-07 12:46:35'),(36,'Aliquid molestias pariatur blanditiis molestiae est perspiciatis ut.','Bellshire','742 Madilyn Bypass Apt. 120\nNorth Elmoreville, CO 73404-2086','from 09:00 to 18:00','+53(9)8146272870','A non qui ab. Ex et voluptatem perferendis consequuntur repudiandae et pariatur deserunt.','2020-11-14 08:00:31','2020-12-07 12:46:35'),(37,'At nostrum a repudiandae officiis qui corporis.','Assuntafurt','832 Bogisich Lodge Apt. 453\nNew Cordie, ND 58359-1640','from 09:00 to 18:00','785-349-3186x12198','Nam distinctio animi nam est minima dicta. Omnis quam et esse magni natus in quos. Reiciendis est assumenda eligendi sed non enim doloribus. Cumque quidem velit consequatur reiciendis aut.','2020-04-15 19:15:59','2020-12-07 12:46:35'),(38,'Qui repellendus ea et occaecati.','Lake Keeganshire','648 Balistreri Cliffs Apt. 270\nFlorenceville, MI 33354-0442','from 09:00 to 18:00','164.261.5172','Numquam repudiandae voluptates eligendi reiciendis. Explicabo possimus nam doloribus et reprehenderit. Harum nostrum aut quis temporibus mollitia quam. Ea dolor maxime non.','2020-03-13 22:16:41','2020-12-07 12:46:35'),(39,'Ut eveniet voluptatem illo sint commodi quia qui.','South Sierra','2375 Paige Isle Suite 945\nNew Jayden, GA 74589-3763','from 09:00 to 18:00','+59(9)5759237726','Accusamus rerum dolorum magnam est et neque numquam. Eius qui error non.','2020-12-25 00:29:41','2020-12-07 12:46:35'),(40,'Sit molestias cupiditate ea quod unde.','East Bernieshire','978 Lennie Parkway\nHoseashire, OK 78630-5859','from 09:00 to 18:00','639.877.7433x7522','Quia consequatur facilis consequatur occaecati dicta. Sed vitae pariatur sunt doloremque et. Praesentium non qui voluptatum. Maxime aut asperiores incidunt consequatur qui ex.','2020-09-07 02:03:05','2020-12-07 12:46:35'),(41,'Cum omnis qui qui voluptatum ipsam et modi.','Kihnbury','20819 Stella Ridge\nNorth Rebekaland, ND 76683-4134','from 09:00 to 18:00','105-482-4854','Nulla fugit omnis ut ut. Eligendi alias doloremque aut earum repudiandae. Et amet consequatur ipsum eum.','2020-12-18 11:36:25','2020-12-07 12:46:35'),(42,'Labore sequi praesentium cumque sit nesciunt.','Port Pascalemouth','1114 Tamara Branch\nMedhurstview, CA 83535-8580','from 09:00 to 18:00','01490982173','Iure et et quia impedit vel qui quo. Qui labore illo laborum ea aut et. Qui enim iusto sit mollitia quia sit rerum. Aut dolores ut quo velit est ea.','2020-06-28 22:43:23','2020-12-07 12:46:35'),(43,'Et rem cumque et qui quo sed nisi itaque.','East Aidanland','86188 Lottie Avenue\nLake Korymouth, MN 15270','from 09:00 to 18:00','988-861-8923','Quia fuga natus rem quis cum vero. Tempora quod sunt ab nesciunt. Veniam sunt ex et enim. Aut expedita non doloribus sit dolorem aut reiciendis est.','2020-12-06 01:27:44','2020-12-07 12:46:35'),(44,'Est reprehenderit consequuntur iste in repudiandae maxime quae.','West Oleland','9706 Flo Ports Apt. 774\nPollichberg, WV 78937','from 09:00 to 18:00','721-101-3083x5211','Qui rerum occaecati qui deleniti cupiditate. Dolores autem sunt veniam occaecati possimus vero sint ea.','2020-07-04 13:00:30','2020-12-07 12:46:35'),(45,'Doloremque nulla aut cumque non.','East Destinibury','953 Sheridan Forest Apt. 977\nWolffort, FL 54971','from 09:00 to 18:00','590.991.4378x03607','A quibusdam porro aut quae. Autem consequatur hic et eos sit cumque quia. Reprehenderit vel voluptates quis facere expedita ut nisi. Quia blanditiis aut quis sapiente nesciunt recusandae.','2020-08-28 10:55:35','2020-12-07 12:46:35'),(46,'Laborum enim laboriosam aliquid accusamus.','North Jillianland','23651 Beatty Trail\nKanestad, GA 92399','from 09:00 to 18:00','834.303.6041x2658','Quos voluptas iure accusantium enim placeat qui. Voluptatum cumque vel voluptates harum nihil. Omnis omnis non facilis soluta. Facilis fugit dolore doloremque velit dicta nam officiis.','2020-04-11 05:24:13','2020-12-07 12:46:35'),(47,'Eos illo aspernatur assumenda numquam.','Carleyfurt','9074 Arvid Mountain\nLake Alvahchester, DC 65053-7512','from 09:00 to 18:00','+10(5)7759966629','Quo ipsam nihil quaerat rerum et odio perspiciatis. Voluptas aut excepturi maxime dolores quasi necessitatibus quia a. Sit voluptatem sed quo. Eos nostrum alias ullam sunt. Expedita ratione sit soluta voluptas.','2020-07-23 12:17:23','2020-12-07 12:42:45'),(48,'Laborum et ut non occaecati.','Hicklemouth','066 Alexys Tunnel Suite 953\nNorth Skyla, MA 31453','from 09:00 to 18:00','+43(3)0990706462','Accusantium molestiae in omnis et minima dicta. Aliquid eveniet quasi voluptatibus ut odit.','2020-07-31 11:23:58','2020-12-07 12:46:35'),(49,'Omnis rem nisi id eum.','West Tristian','77361 Justus Dam\nNiatown, CT 67118-4168','from 09:00 to 18:00','072.829.5969','Ut ut explicabo facere itaque qui in quis. Eveniet perspiciatis qui ad. Ex iure inventore sed error sed nihil.','2020-05-08 10:53:49','2020-12-07 12:46:35'),(50,'Eveniet et modi illo veritatis est.','Lake Wilford','601 Stehr Glens\nWest Aldenview, AK 12508','from 09:00 to 18:00','171.007.9416','Voluptatum illum quae veniam in. Quae qui molestiae nostrum aperiam enim. Itaque impedit nulla iste ut error. Laborum doloribus tempora eum illo consequatur consequuntur.','2020-10-18 20:18:08','2020-12-07 12:46:35'),(51,'Error quae officia a consequatur quas voluptatem ullam.','West Percyborough','53088 Madisen Locks Suite 699\nPort Wileystad, LA 33494-0365','from 09:00 to 18:00','539.634.0951','Voluptatem ea tempora qui dicta. Omnis vel ex ut. Soluta quis quod mollitia sapiente sequi.','2020-02-29 01:03:49','2020-12-07 12:46:35'),(52,'Quae doloribus vitae placeat ipsum.','Presleyborough','13001 Caterina Coves\nTyriquetown, AZ 17492','from 09:00 to 18:00','1-161-574-6603','Ut enim consequuntur autem nisi corporis illo. Culpa tenetur tenetur temporibus dolorem debitis voluptatem ipsam. Asperiores blanditiis quos quam voluptatem dolores.','2020-11-04 14:15:38','2020-12-07 12:42:45'),(53,'Voluptates sunt nam rerum quia debitis expedita.','Mayerttown','1969 Simeon Plain\nMayechester, IL 75499-3279','from 09:00 to 18:00','1-423-175-9088x87176','Et dolore est est exercitationem. Officia odit quibusdam nihil exercitationem excepturi architecto dolorem. Quaerat eligendi iusto itaque rem. Facilis delectus ex ea aut nisi nobis eos.','2020-04-19 02:07:22','2020-12-07 12:46:35'),(54,'Qui fugiat esse voluptatibus veniam aut enim in.','Robertbury','53536 Considine Heights\nEast Vena, MD 11037-8787','from 09:00 to 18:00','+76(6)4280166797','Necessitatibus voluptas tempore fugiat labore. Dolor soluta quod est voluptas aliquam. Sed et atque sed enim aut eos eius.','2020-09-09 09:15:18','2020-12-07 12:46:35'),(55,'Qui assumenda natus modi dolorem molestiae hic quo.','Chelsiechester','241 Else Heights Suite 962\nPort Maegan, MA 65418','from 09:00 to 18:00','+54(8)7151061805','Natus dolorem est ut. Iusto omnis natus aspernatur odio iusto. Autem et quam eos voluptate. Et voluptas labore ut est accusantium vitae dicta.','2020-04-03 17:29:46','2020-12-07 12:46:35'),(56,'Omnis dolor magni consectetur et.','Armstrongmouth','026 Dach Manors\nTryciaville, WA 45983-9973','from 09:00 to 18:00','675.004.7517','Eaque aut vel id modi esse laborum reprehenderit quia. Provident alias id molestias ut necessitatibus. Animi iure aut ea sequi dolorem voluptas.','2020-09-06 22:26:12','2020-12-07 12:46:35'),(57,'Similique corporis ab esse animi officiis sit.','Rowechester','13006 Okuneva Glens\nEstellabury, PA 33263-9225','from 09:00 to 18:00','162.752.5265','Vel velit nulla deserunt cum non et cumque. Et est fugiat quia praesentium eum.','2020-10-18 21:18:59','2020-12-07 12:46:35'),(58,'м. Рязанский проспект','Москва','Москва, Рязанский пр-т, д. 46','10:00 - 22:00','998-11-22-38-578','м. \"Рязанский проспект\" (последний вагон из центра). Магазин находится рядом с метро - в ТЦ \"Мебель\".','2020-04-14 13:13:34','2020-12-11 09:10:22'),(59,'Placeat nisi natus vel labore incidunt dolorum.','Lake Melissa','00890 Marcella Road\nPort Lacymouth, NC 77258-2495','from 09:00 to 18:00','1-446-238-0238x68636','Quas et atque fuga aspernatur. Sunt consequatur possimus nisi quia aut. Corporis quaerat quia nam.','2020-05-30 00:30:21','2020-12-07 12:46:35'),(60,'Molestiae blanditiis sed corrupti quas repudiandae.','New Everardoland','911 Treutel Crescent\nPort Beaulahborough, MS 74888','from 09:00 to 18:00','374-106-8703x66247','Officiis est perferendis corporis in asperiores eaque. Numquam velit earum praesentium minus. Vero aut dolorem maiores voluptatem.','2020-11-16 06:39:26','2020-12-07 12:46:35'),(61,'Dolores quisquam ducimus distinctio quia.','Alyceton','9101 Frederik Valleys\nNew Cesar, MN 30055-7837','from 09:00 to 18:00','364.798.1121x88544','Omnis voluptate quasi corporis odio. Omnis similique dolorum necessitatibus sint occaecati. Pariatur saepe non praesentium commodi.','2020-09-02 05:33:43','2020-12-07 12:46:35'),(62,'Veritatis alias porro tenetur et perspiciatis ad.','East Sherman','1852 Clyde Springs\nEast Crystelview, MS 80357','from 09:00 to 18:00','08044015017','Nam vero quasi aut quidem nihil vel. Odit laborum commodi voluptate reiciendis. Blanditiis aliquid consectetur porro asperiores voluptas magni assumenda. Quo quidem rerum magni assumenda est.','2020-01-04 00:00:10','2020-12-07 12:46:35'),(63,'Alias cum culpa dicta doloribus architecto incidunt consequatur omnis.','Justinemouth','008 Mitchell Keys\nLeannshire, NH 53699-0462','from 09:00 to 18:00','569-643-8271','Iste perspiciatis ratione explicabo est. Perspiciatis vel ut qui voluptatem. Et qui similique libero ea excepturi qui nobis. Qui ipsum suscipit aperiam qui ex aut voluptas.','2020-10-30 21:16:21','2020-12-07 12:46:35'),(64,'Aspernatur ullam error magni consequatur enim et mollitia non.','Ambrosemouth','3593 Turcotte Course Suite 867\nTillmanchester, VA 05213-1968','from 09:00 to 18:00','00322036328','Voluptas id ad rerum. Necessitatibus non corporis officiis et. Laboriosam sequi facilis et veritatis. Veniam nihil ut maxime veritatis accusamus ut.','2020-07-20 16:41:32','2020-12-07 12:46:35'),(65,'Nihil velit mollitia consectetur sed dolores voluptatem.','Jonesburgh','029 Leda Fall\nDeckowhaven, MS 90042-5523','from 09:00 to 18:00','(587)137-5960','Quasi ullam rerum sit eos facilis quia. Maiores aut reiciendis aliquam doloremque dolor impedit soluta. Est nobis voluptates dolores perferendis sunt quaerat. Voluptas eius aut quidem quia ea reprehenderit aliquid.','2020-11-18 05:29:35','2020-12-07 12:46:35'),(66,'Dolor architecto dignissimos dolorum ipsa.','Port Linda','098 Hahn Spurs Apt. 952\nPort Lisandro, SC 48813-5035','from 09:00 to 18:00','1-561-435-4668x12640','Id veniam quaerat provident ipsam. Et dolore blanditiis facilis quis laboriosam temporibus veritatis. Aspernatur voluptas fugiat error vero et. Ut iure natus veniam totam dolorem commodi ut.','2020-03-18 20:15:04','2020-12-07 12:46:35'),(67,'Natus expedita tenetur aspernatur qui qui quo.','New Della','5967 Cummerata Trafficway\nEast Kiley, HI 19490','from 09:00 to 18:00','749.473.4671x9940','Officia officia nisi totam sit aliquam quod nobis. Officiis in reiciendis fugiat reiciendis quibusdam magnam ut. Voluptatem omnis sit porro cupiditate est nobis.','2020-10-24 03:13:35','2020-12-07 12:42:45'),(68,'Qui ut similique placeat ut.','Rempelland','01793 Marks Place Suite 807\nWest Alice, PA 25168-5534','from 09:00 to 18:00','1-757-404-1392','Eum id mollitia suscipit consectetur eveniet. Perspiciatis quidem officia eum. Quisquam nam soluta nihil facere explicabo vitae consequatur.','2020-04-02 00:00:25','2020-12-07 12:46:35'),(69,'Aut qui sint quas eum.','New Kiraton','344 Amely Common Apt. 177\nSimonehaven, MN 60217','from 09:00 to 18:00','08679574736','Aspernatur possimus culpa quo et ad. Dolorum minima eum nam. Repellendus architecto optio est et cumque. Quisquam ut excepturi molestiae reprehenderit numquam animi odit qui.','2020-04-27 01:11:23','2020-12-07 12:46:35'),(70,'Nihil sit voluptas doloribus.','Everettemouth','953 Angeline Fall Suite 883\nPort Royceside, DC 00619','from 09:00 to 18:00','1-383-111-2466','Sint placeat illo molestiae assumenda vel libero eos. Saepe ad corrupti atque nisi odit sapiente ut. Quo voluptas assumenda enim est. Iure sit amet voluptatem alias dolore officia.','2020-06-30 20:21:57','2020-12-07 12:46:35'),(71,'Saepe odit inventore sequi aut expedita suscipit.','DuBuquefort','00811 O\'Keefe Lane Suite 798\nNew Sylvester, WA 85031','from 09:00 to 18:00','345-721-1001x58766','Iusto eum nostrum et deserunt sunt. Officia perspiciatis quaerat vel quam omnis cumque. Pariatur corporis non expedita eius.','2020-11-28 20:08:25','2020-12-07 12:46:35'),(72,'Quis molestiae modi nisi ad maiores sint cum.','Beerfort','153 Ike Ridges Apt. 292\nNew Darianstad, AR 65775-5415','from 09:00 to 18:00','804.291.3605','Rem aut nemo quasi dignissimos porro recusandae rerum voluptas. Tempora laboriosam voluptatem eaque corrupti odit corrupti aut occaecati. Voluptas enim ducimus placeat ipsam dolore.','2020-08-03 13:54:13','2020-12-07 12:46:35'),(73,'Maiores ut eum explicabo optio et consequatur.','New Mozellland','1403 Berge Drives\nBednarburgh, WA 99091-9772','from 09:00 to 18:00','05740002641','Natus atque omnis sit consequuntur totam. Totam dolorum non exercitationem. Debitis incidunt voluptas voluptatum ad minima. Ut sit praesentium autem unde.','2020-02-26 07:39:04','2020-12-07 12:46:35'),(74,'Dolorem maxime ex unde.','North Kimberly','37175 Roberts Drive\nUptonville, VA 18141-5534','from 09:00 to 18:00','427.068.5370','Consequatur est soluta praesentium saepe. A impedit vitae et iste ullam iusto saepe. Quod rerum provident autem nihil itaque veritatis saepe ipsa.','2020-07-22 00:22:40','2020-12-07 12:46:35'),(75,'Sequi veritatis labore commodi ad ea quisquam.','Simonisburgh','10438 Mario Union Suite 962\nNew Filiberto, NC 38947','from 09:00 to 18:00','723-232-7810','Minus eveniet voluptas quisquam suscipit totam. Et perspiciatis consequatur deleniti ipsa maiores eum quidem. Et dicta alias et itaque.','2020-04-21 14:28:08','2020-12-07 12:46:35'),(76,'Molestias est autem possimus rerum mollitia rerum.','South Walter','7720 Seth Ports Apt. 168\nEast Watson, OR 50340','from 09:00 to 18:00','(650)997-9119','Et accusantium aperiam dolor inventore. Adipisci quibusdam cupiditate blanditiis fugiat. Aut consequatur maxime id atque. Repudiandae qui nulla perspiciatis.','2020-07-01 23:06:58','2020-12-07 12:46:35'),(77,'м. ВДНХ','Москва','Москва, пр-т Мира, д. 182','10:00 - 22:00','998-71-80-28-568','Метро \"ВДНХ\". На улице справа подземый переход, по подземному переходу выход налево. Идти прямо по Проспекту Мира до пересечения с ул. Б.Галушкина. Магазин расположен справа от светофора в угловом доме по адресу Проспект Мира д.182/2','2020-05-26 12:40:26','2020-12-11 09:09:00'),(78,'Eum dolore laudantium veritatis.','Madonnamouth','332 Jenkins Drives\nBrandifort, WV 45744','from 09:00 to 18:00','06162257443','Possimus est qui quas natus repudiandae. Ullam quos sapiente ea at. Praesentium aut magni quia. Voluptatibus magnam dolores consequuntur nihil voluptate nulla accusamus impedit.','2020-09-10 15:07:32','2020-12-07 12:46:35'),(79,'Laudantium reprehenderit sunt voluptatibus harum.','Lavernafurt','30765 Santina Stream\nSmithtown, IN 29382-8801','from 09:00 to 18:00','07102265439','Numquam et est et minus. Sunt non blanditiis quis sed sed amet. Repudiandae ipsum dolorum doloribus sed. Iusto sunt iste voluptas.','2020-05-14 23:16:43','2020-12-07 12:46:35'),(80,'Voluptatem ipsam est voluptas.','Lakinfort','0770 Lindgren Branch Apt. 556\nFordland, DE 78460-5798','from 09:00 to 18:00','920-955-3827x393','Voluptatem quia animi cupiditate cum est. Aut distinctio laudantium architecto et nihil. Recusandae odio consequuntur impedit non. Placeat rerum minima odio quam ea aut qui.','2020-03-03 21:07:18','2020-12-07 12:46:35'),(81,'Assumenda soluta distinctio pariatur nobis eum labore.','Sibylberg','740 Kuphal Lodge Apt. 082\nNorth Maritzaport, PA 18691','from 09:00 to 18:00','03840174403','Qui quis earum sed eum sint quod in. Alias rerum dolorem tenetur tempora dolorum itaque. Perspiciatis veniam quasi ipsam ipsam unde.','2020-12-17 12:25:35','2020-12-07 12:46:35'),(82,'Magnam nulla cumque sapiente officiis sapiente iusto.','East Jordaneside','965 Maximilian Fields Suite 572\nNew Jakaylaport, HI 33172-7408','from 09:00 to 18:00','+41(9)8279614442','Voluptatem doloremque officia eaque est et nulla quaerat. Laboriosam omnis accusantium saepe repellat tempora. Quia earum et odio ut quasi et.','2020-01-26 14:34:38','2020-12-07 12:46:35'),(83,'Voluptate eos architecto quas.','East Dorthyberg','78433 Walton Corners Apt. 278\nPort Ezraton, MO 07616-5275','from 09:00 to 18:00','(717)784-6018x250','Hic quia dolor doloremque corporis qui est tenetur quos. Doloribus ipsa nobis voluptatem veritatis sit molestiae esse. Magni cupiditate distinctio corporis aut dolor numquam.','2020-05-01 06:36:39','2020-12-07 12:46:35'),(84,'Cumque necessitatibus esse deserunt quas provident.','Deontaeside','509 Harris Shores Suite 807\nXzaviertown, LA 59952','from 09:00 to 18:00','439.697.1988x2828','Aperiam perspiciatis numquam incidunt similique architecto aut et. Quia consequatur ea consequuntur est deserunt. Laborum aperiam sed sed qui. Praesentium minima dolores molestiae quibusdam est dolor doloremque.','2020-09-29 10:08:22','2020-12-07 12:46:35'),(85,'Quaerat quasi sunt quis quis consequatur esse.','North Osborneview','23662 Jennyfer Pines Apt. 786\nChelseyberg, MN 20292','from 09:00 to 18:00','773-149-0110x7593','Nobis facilis officiis aut totam dolorem a libero. Tempore odit dolorum dolores labore exercitationem animi eum eos. Quia nam dolor nam et omnis neque aut.','2020-10-28 03:35:56','2020-12-07 12:46:35'),(86,'Optio laborum qui a ullam vel numquam dolorum quis.','Ryanfurt','53181 Jalon Junctions\nEast Amybury, NJ 24398','from 09:00 to 18:00','392.343.4595x439','Ipsam ad voluptatem dolor omnis molestiae sit doloremque. Maiores dolor maiores modi odio a facere. Facere assumenda deleniti aut est id id. Autem odit quibusdam sunt natus ut quis.','2020-03-19 07:07:25','2020-12-07 12:46:35'),(87,'Nemo atque quaerat odio ut ea totam quod.','New Malvina','929 Raleigh Extension\nHendersonview, WY 09705-4774','from 09:00 to 18:00','(662)120-2599x378','Minima et voluptatem qui assumenda quia nostrum eum. Consequatur et dolorem sit ut autem assumenda. Aut blanditiis vero laboriosam reprehenderit. Reprehenderit velit rerum iure adipisci libero sit quo.','2020-07-20 07:14:43','2020-12-07 12:46:35'),(88,'Qui iure tenetur quo eos ea.','Cadebury','5781 Francesco Cliff\nMcClureville, IA 42713','from 09:00 to 18:00','086.645.6663','Et aut molestiae nisi amet qui neque. Molestias praesentium doloremque quis harum quis aut. Rerum quos eveniet labore laborum accusamus odio.','2020-03-15 12:52:32','2020-12-07 12:46:35'),(89,'Eaque esse aut nostrum nesciunt libero non.','Riceport','8840 Destinee Expressway Suite 933\nMekhiside, CT 80243','from 09:00 to 18:00','(868)963-0815x95972','Eius quis architecto qui voluptatem voluptas qui eos placeat. Aut consequatur voluptatem quia et culpa placeat eum. Voluptate eveniet consequatur sint veniam optio sed.','2020-11-20 14:57:40','2020-12-07 12:46:35'),(90,'Ut architecto itaque ut.','Port Zane','55660 Ford Ville Suite 188\nFriesenmouth, NY 22855','from 09:00 to 18:00','203.992.8635x4405','Voluptates sequi at voluptatum consequatur necessitatibus. Aperiam non amet facilis sed. Enim quaerat voluptatem ut. Consequatur est vel qui deserunt. Vero rerum quos veritatis dignissimos aut.','2020-10-06 18:35:15','2020-12-07 12:46:35'),(91,'Voluptates omnis dolor nihil dicta voluptatem sint.','Aiyanashire','256 Marlin Harbor\nTryciafort, AK 70347-5440','from 09:00 to 18:00','377-601-6736x478','Est debitis est molestiae veniam culpa. Voluptas consequatur dolor dolor necessitatibus quam magnam similique. Et consequatur quibusdam quo molestiae cum pariatur exercitationem optio.','2020-12-04 14:18:22','2020-12-07 12:46:35'),(92,'Dolorem consequatur aliquam aut quia dolores maxime qui.','West Herminioshire','8318 Cody Ridge Suite 409\nLake Adolf, ID 87517','from 09:00 to 18:00','443-903-2947x39452','Reprehenderit est ipsa animi voluptates consequatur vitae sapiente. Ab facere corrupti voluptate cum qui inventore ea.','2020-09-09 20:29:12','2020-12-07 12:46:35'),(93,'Non est tenetur voluptatem doloremque ipsum fugit.','Bernierchester','174 Mertz Spurs Apt. 240\nBrookeview, IA 71650','from 09:00 to 18:00','472-039-2512x6882','Aut corrupti ratione est omnis sequi vero est. Qui excepturi ipsum ratione ut. In alias ea omnis rerum veniam ullam. Mollitia quos eum tempora et sint voluptatem sapiente architecto.','2020-07-14 06:24:48','2020-12-07 12:46:35'),(94,'Totam doloribus illo officiis omnis rem.','West Kaceystad','6440 Reggie Underpass Suite 189\nLake Pietroside, WA 40194-1183','from 09:00 to 18:00','265-472-6886','Earum quo neque nemo. Qui temporibus vel qui dicta in laborum.','2020-01-28 00:25:51','2020-12-07 12:46:35'),(95,'Aut sunt aut esse ut dolorem dolorem aperiam.','North Jon','721 Keebler Skyway Apt. 218\nTitusberg, KY 76437-2145','from 09:00 to 18:00','(065)798-3529x120','Quam qui ea neque unde voluptas aut qui. Suscipit et repellendus similique et doloremque aut consectetur. Laborum adipisci illum atque error. Fugit est perspiciatis commodi nesciunt dolor.','2020-06-18 21:32:30','2020-12-07 12:46:35'),(96,'Doloremque sed tempora commodi qui culpa sit.','East Joeyfort','5274 Derick Path Suite 028\nQuigleyhaven, AR 38930','from 09:00 to 18:00','478.489.3230','Veritatis molestiae sapiente vitae eius repellat et aut facilis. Fugit ut nihil quidem modi commodi. Rerum mollitia unde veniam minus rerum. Tenetur minima mollitia omnis.','2020-02-22 06:11:02','2020-12-07 12:46:35'),(97,'Optio saepe non quam cupiditate cum et.','Raumouth','130 Ratke Harbors\nKochton, NV 73931-1866','from 09:00 to 18:00','395-158-5906','Explicabo eum velit quidem consequatur consectetur. Voluptatum deleniti accusantium cum modi. Veritatis et enim sit omnis. Ut eos illum maxime quod impedit quae.','2020-09-12 16:36:02','2020-12-07 12:46:35'),(98,'Numquam est et sint consequatur laboriosam praesentium eaque.','Boyerstad','5993 Considine Forge Suite 292\nTwilaside, VT 92094-8925','from 09:00 to 18:00','(567)217-3146x93077','Eius voluptates veniam omnis eos. Sit quia voluptatem placeat corrupti perferendis. Aliquam consequatur sint laboriosam vitae.','2020-08-18 15:15:48','2020-12-07 12:46:35'),(99,'Id quis error et harum.','East Chyna','78884 Dorian Glen Suite 689\nDenisshire, DE 42738','from 09:00 to 18:00','703-188-4122','Tempore quae hic velit quasi itaque deleniti ipsam. Rerum ut unde nemo culpa nesciunt voluptas. Asperiores cumque dolor quibusdam eaque totam reiciendis.','2020-03-20 16:01:25','2020-12-07 12:46:35'),(100,'Voluptas ea est totam odit inventore.','Heleneshire','780 Justice Park Suite 330\nLake Garnetfort, NH 07886','from 09:00 to 18:00','628-345-0987','Enim quod autem voluptas debitis earum rerum optio adipisci. Voluptates et voluptatem excepturi voluptatem et voluptas. Nihil nam pariatur quod magni omnis.','2020-07-15 09:33:57','2020-12-07 12:46:35');
/*!40000 ALTER TABLE `shops` ENABLE KEYS */;
UNLOCK TABLES;

--
-- Table structure for table `users`
--

DROP TABLE IF EXISTS `users`;
/*!40101 SET @saved_cs_client     = @@character_set_client */;
/*!50503 SET character_set_client = utf8mb4 */;
CREATE TABLE `users` (
  `id` int unsigned NOT NULL AUTO_INCREMENT COMMENT 'УИД покупателя',
  `login` varchar(25) COLLATE utf8mb4_unicode_ci NOT NULL,
  `name` varchar(255) COLLATE utf8mb4_unicode_ci NOT NULL,
  `birthday` date NOT NULL,
  `email` varchar(255) COLLATE utf8mb4_unicode_ci NOT NULL COMMENT 'E-mail',
  `phone` varchar(100) COLLATE utf8mb4_unicode_ci NOT NULL COMMENT 'Телефон',
  `сonsent` bit(1) NOT NULL DEFAULT b'0' COMMENT 'Хочу быть в курсе скидок, новинок и секретных акций (Да/Нет)',
  `created_at` datetime DEFAULT CURRENT_TIMESTAMP COMMENT 'Дата создания строки',
  `updated_at` datetime DEFAULT CURRENT_TIMESTAMP ON UPDATE CURRENT_TIMESTAMP COMMENT 'Время обновления строки',
  PRIMARY KEY (`id`),
  UNIQUE KEY `login` (`login`),
  UNIQUE KEY `fio` (`name`)
) ENGINE=InnoDB AUTO_INCREMENT=151 DEFAULT CHARSET=utf8mb4 COLLATE=utf8mb4_unicode_ci COMMENT='Покупатели (клиенты)';
/*!40101 SET character_set_client = @saved_cs_client */;

--
-- Dumping data for table `users`
--

LOCK TABLES `users` WRITE;
/*!40000 ALTER TABLE `users` DISABLE KEYS */;
INSERT INTO `users` VALUES (1,'aut','Nya Schultz','1995-04-11','rosalinda.stanton@example.com','1-346-118-0760',_binary '\0','2020-01-14 09:32:10','2020-12-07 22:19:10'),(2,'repudiandae','Charley Hilpert V','1997-12-12','gusikowski.randy@example.net','06812325643',_binary '','2020-07-08 20:46:22','2020-12-07 22:21:40'),(3,'nihil','Jadyn Zboncak DDS','1976-06-23','fay.sammy@example.net','1-944-892-6874x63565',_binary '','2020-05-17 18:57:34','2020-12-07 22:21:40'),(4,'qui','Cassandre Schoen','1972-01-14','marcelo.bartoletti@example.org','391.448.2821x297',_binary '','2020-06-25 08:15:22','2020-12-07 22:21:40'),(5,'temporibus','Linwood Kunze II','1976-06-01','yweimann@example.com','206.584.8625',_binary '','2020-07-05 19:04:47','2020-12-07 22:21:40'),(6,'placeat','Cicero Treutel','1981-11-26','forn@example.com','04241814878',_binary '\0','2020-04-28 08:31:22','2020-12-07 22:19:10'),(7,'omnis','Trystan Hammes','1997-04-15','xmiller@example.org','(372)706-5353',_binary '\0','2020-03-28 01:51:31','2020-12-07 22:19:10'),(8,'libero','Alden Homenick','1997-02-08','eunice68@example.net','131-638-6119x35253',_binary '\0','2020-06-10 07:43:43','2020-12-07 22:19:10'),(9,'voluptatum','Nikki Gusikowski','1996-10-16','grath@example.net','(857)516-1847x56630',_binary '','2020-10-15 03:13:54','2020-12-07 22:21:40'),(10,'doloribus','Dixie Gleichner','2007-06-19','walter.herman@example.net','+81(5)1324880100',_binary '','2020-11-11 23:28:39','2020-12-07 22:21:40'),(11,'nulla','Loma Tillman','1997-04-25','emard.santos@example.com','669.109.6821',_binary '\0','2020-10-03 02:21:00','2020-12-07 22:19:10'),(12,'mrmb','Mr. Murphy Balistreri','2001-07-27','quentin.corwin@example.net','+61(0)8571228505',_binary '\0','2020-04-16 20:51:46','2020-12-07 22:19:10'),(13,'incidunt','Ali Brown DVM','1997-06-05','horacio50@example.org','(110)053-3487x452',_binary '','2020-04-27 17:01:10','2020-12-07 22:21:40'),(14,'amet','Arvel Kerluke','1977-10-02','sarai.oberbrunner@example.com','880.121.4244x969',_binary '','2020-01-24 07:56:23','2020-12-07 22:21:40'),(15,'culpa','Mr. Reinhold Grant I','1986-07-04','xwuckert@example.net','854.520.8206x2151',_binary '','2020-12-26 05:27:26','2020-12-07 22:21:40'),(16,'distinctio','Ms. Jeanette Lakin Sr.','1983-12-01','qkassulke@example.net','142-803-0814x0657',_binary '','2020-03-21 20:55:06','2020-12-07 22:21:40'),(17,'porro','Alfredo Pagac','1975-11-01','kabernathy@example.net','1-565-738-5734',_binary '','2020-06-04 23:17:48','2020-12-07 22:21:40'),(18,'recusandae','Enrique Weimann DDS','2003-01-17','caden.nitzsche@example.org','(685)839-5183',_binary '','2020-05-18 02:03:56','2020-12-07 22:21:40'),(19,'enim','Eugene Harber','1993-08-21','nreinger@example.net','(367)104-1063x10944',_binary '','2020-06-28 21:53:46','2020-12-07 22:21:40'),(20,'non','Melba Harber','1979-04-10','rwalsh@example.net','145.770.1078x4785',_binary '\0','2020-03-17 14:04:18','2020-12-07 22:19:10'),(21,'laboriosam','Josefina Hilll','1978-10-22','brenda.lehner@example.net','738-013-0360',_binary '\0','2020-05-09 15:04:03','2020-12-07 22:19:10'),(22,'illum','Imogene Jacobi','1997-08-11','rmertz@example.net','764.453.2758x027',_binary '\0','2020-01-21 14:42:01','2020-12-07 22:19:10'),(23,'quod','Mr. Ferne Rippin Sr.','1986-12-16','rhand@example.com','1-235-106-1291x2078',_binary '\0','2020-10-28 13:21:04','2020-12-07 22:19:10'),(24,'eius','Maynard Osinski DDS','1981-07-10','giuseppe38@example.com','1-782-696-0631',_binary '','2020-02-11 21:44:10','2020-12-07 22:21:40'),(25,'uteh','Esperanza Hoppe','1997-01-26','reggie.rutherford@example.org','256-433-0117x95610',_binary '','2020-10-27 15:25:31','2020-12-07 22:21:40'),(26,'ipsum','Miss Allene Yost','1986-09-22','treva36@example.org','849.627.1288x201',_binary '','2020-07-19 18:55:47','2020-12-07 22:21:40'),(27,'quis','Dr. Lavina Schneider DVM','1997-07-03','thompson.jaylen@example.net','1-407-368-4908x2100',_binary '','2020-01-30 00:06:21','2020-12-07 22:21:40'),(28,'cload','Prof. Maximus Rowe','1996-02-14','claud.toy@example.net','003-140-8688',_binary '','2020-02-10 08:04:03','2020-12-07 22:21:40'),(29,'idjs','Jerome Stehr','1985-09-24','zita72@example.com','860-031-6676',_binary '','2020-09-17 08:22:07','2020-12-07 22:21:40'),(30,'occaecati','Miss Jayne Bartoletti Sr.','2007-06-20','jeramy20@example.net','620-055-7154',_binary '','2020-02-09 15:34:52','2020-12-07 22:21:40'),(31,'nam','Dr. Alexis Waelchi III','2003-10-24','xander58@example.net','635.428.7701x36398',_binary '','2020-07-07 23:31:22','2020-12-07 22:21:40'),(32,'rerum','Prof. Edd Walter','2010-05-25','rowe.brook@example.net','+84(2)3982446668',_binary '','2020-01-22 09:50:44','2020-12-07 22:21:40'),(33,'adcr','Curtis Rolfson','1979-12-15','rosalee16@example.org','823-197-4762x43358',_binary '\0','2020-11-04 12:16:53','2020-12-07 22:19:10'),(34,'exercitationem','Prof. Cleta Roob','1970-09-15','pluettgen@example.com','1-059-506-2185',_binary '','2020-03-04 14:02:19','2020-12-07 22:21:40'),(35,'ullam','Norma Kuhic DVM','1971-11-21','eeffertz@example.org','1-937-213-0368x342',_binary '','2020-09-07 07:19:14','2020-12-07 22:21:40'),(36,'sit','Tobin Hauck','1997-03-04','brooklyn88@example.org','581-564-6017',_binary '\0','2020-12-17 08:23:12','2020-12-07 22:19:10'),(37,'iure','Wilhelm Monahan','2000-02-14','reba.nienow@example.com','966.668.5989x407',_binary '','2020-09-03 17:21:51','2020-12-07 22:21:40'),(38,'provident','Jerel Morar DDS','1985-11-08','jmckenzie@example.com','293.408.6130x700',_binary '\0','2020-08-16 06:52:14','2020-12-07 22:19:10'),(39,'quidem','Prof. Alexis Miller Sr.','1997-11-25','beer.phoebe@example.net','(107)066-1082',_binary '','2020-03-21 00:07:30','2020-12-07 22:21:40'),(40,'dignissimos','Ressie Braun','1998-03-10','herzog.jailyn@example.com','316.825.1190',_binary '\0','2020-03-16 02:25:27','2020-12-07 22:19:10'),(41,'impedit','Bert Renner','2003-10-10','shane53@example.net','008-190-3187x6817',_binary '','2020-01-26 13:02:39','2020-12-07 22:21:40'),(42,'atque','Jonathan Bins','1992-03-04','considine.celia@example.com','(030)626-5083x83426',_binary '','2020-10-18 11:39:48','2020-12-07 22:21:40'),(43,'voluptas','Derrick Koch','1982-09-17','spencer76@example.com','415.835.6627',_binary '','2020-10-27 11:24:22','2020-12-07 22:21:40'),(44,'fuga','Kaleb Heidenreich','1974-02-12','tatum.walter@example.net','1-722-386-7901',_binary '','2020-04-28 02:34:59','2020-12-07 22:21:40'),(45,'est','Alda Gutkowski MD','1991-11-04','vrice@example.org','338-026-2214',_binary '','2020-01-09 08:35:34','2020-12-07 22:21:40'),(46,'perspiciatis','Dr. Keanu Krajcik','1987-04-20','ysenger@example.org','865-129-8444x97432',_binary '\0','2020-12-08 15:23:45','2020-12-07 22:19:10'),(47,'soluta','Prof. Bettye Herzog III','2001-09-08','cletus72@example.net','782.924.3495',_binary '\0','2020-11-08 20:43:48','2020-12-07 22:19:10'),(48,'veniam','Mrs. Abigail Connelly IV','1997-08-29','tianna.bogan@example.com','05917646998',_binary '\0','2020-10-21 23:03:19','2020-12-07 22:19:10'),(49,'sed','Prof. Ken Sauer I','1986-06-30','marian33@example.com','1-426-373-1942x7219',_binary '\0','2020-12-08 17:04:00','2020-12-07 22:19:10'),(50,'tenetur','Prof. Marcelo Bosco','1985-08-16','xauer@example.org','+39(5)2185540201',_binary '','2020-01-14 14:01:25','2020-12-07 22:21:40'),(51,'maiores','Prof. Luis Becker','1973-10-29','antwan.champlin@example.org','445.268.7257x5911',_binary '\0','2020-01-03 18:47:26','2020-12-07 22:19:10'),(52,'ipsam','Mrs. Eulah Herman Sr.','1982-04-05','luna90@example.com','1-165-547-8476x359',_binary '','2020-04-11 14:22:02','2020-12-07 22:21:40'),(53,'autem','Brett Kub','1970-07-04','trace40@example.org','1-403-754-3754',_binary '\0','2020-02-14 18:17:33','2020-12-07 22:19:10'),(54,'magnam','Clovis Windler','1991-02-25','prosacco.cierra@example.net','974.295.3572x986',_binary '','2020-02-08 23:44:29','2020-12-07 22:21:40'),(55,'odio','Mr. Chauncey Treutel','1989-08-28','clifford.kub@example.net','(614)315-1876',_binary '','2020-08-02 10:40:09','2020-12-07 22:21:40'),(56,'quentin','Geoffrey Bruen','2005-08-29','kessler.ellie@example.org','049.088.2736x4587',_binary '','2020-08-22 01:57:22','2020-12-07 22:21:40'),(57,'nemo','Mr. Merlin Witting','1997-07-10','beer.susana@example.org','997.606.4621',_binary '\0','2020-02-20 02:13:14','2020-12-07 22:19:10'),(58,'aliquam','Stuart Emmerich III','1970-09-22','trantow.neil@example.net','03332296571',_binary '','2020-02-01 09:51:25','2020-12-07 22:21:40'),(59,'optio','Maureen Stiedemann V','2005-01-14','carole.parker@example.net','949.502.6088',_binary '\0','2020-01-19 22:19:44','2020-12-07 22:19:10'),(60,'tempora','Carmel Lowe','1994-01-26','jordon.dare@example.net','+49(3)2262717552',_binary '','2020-09-05 12:15:44','2020-12-07 22:21:40'),(61,'eligendi','Mrs. Maddison Pouros PhD','1992-11-18','crystel69@example.net','(277)230-1282',_binary '\0','2020-04-09 18:31:22','2020-12-07 22:19:10'),(62,'molestias','Christina Wyman II','1971-06-21','izulauf@example.net','1-568-352-3281',_binary '','2020-11-08 14:05:15','2020-12-07 22:21:40'),(63,'quos','Penelope Ebert','1979-04-19','henderson.pollich@example.com','+45(2)2516921208',_binary '','2020-12-22 05:34:15','2020-12-07 22:21:40'),(64,'magni','Breanna Homenick','1982-10-24','herman.buddy@example.com','1-434-055-2016x304',_binary '\0','2020-01-24 19:15:32','2020-12-07 22:19:10'),(65,'asperiores','Flavie Cole','1998-11-18','harber.wilber@example.com','1-538-279-2462',_binary '','2020-03-12 04:04:21','2020-12-07 22:21:40'),(66,'assumenda','Ana Casper','1977-01-28','vicky.kuphal@example.com','(725)022-6316x19323',_binary '','2020-05-31 04:23:52','2020-12-07 22:21:40'),(67,'earum','Porter Farrell','2003-12-26','ciara29@example.org','1-843-869-4100x1593',_binary '\0','2020-10-24 21:39:49','2020-12-07 22:19:10'),(68,'cum','Prof. Kellen Schultz DVM','2003-04-30','carlotta.kunde@example.com','294-470-2335x8761',_binary '\0','2020-08-29 21:05:14','2020-12-07 22:19:10'),(69,'minus','Prof. Gardner Carter','1974-09-02','clement.price@example.org','1-433-517-2502x654',_binary '','2020-11-16 02:10:08','2020-12-07 22:21:40'),(70,'dolorem','Carlotta Gottlieb II','1975-08-02','legros.stephania@example.net','334.590.6989x4962',_binary '','2020-05-28 17:30:25','2020-12-07 22:21:40'),(71,'eaque','Mr. Merritt Wolf','1997-12-07','ayden97@example.net','(897)543-0320x0610',_binary '','2020-03-25 05:36:07','2020-12-07 22:21:40'),(72,'ratione','Maybelle Wiza','1994-01-24','fjacobs@example.org','977-612-8891',_binary '\0','2020-05-29 09:04:03','2020-12-07 22:19:10'),(73,'totam','Heather Dickens DVM','1997-09-27','teresa34@example.com','822-722-5706',_binary '\0','2020-08-02 00:55:58','2020-12-07 22:19:10'),(74,'laborum','Augustine Raynor PhD','1974-02-14','leffler.kailey@example.org','(816)674-4907x95072',_binary '\0','2020-08-31 11:38:55','2020-12-07 22:19:10'),(75,'unde','Van Macejkovic','1972-09-17','ykris@example.net','(918)042-2804x87845',_binary '\0','2020-01-01 21:05:24','2020-12-07 22:19:10'),(76,'quia','Catherine Rohan','2003-03-12','stanton.cyril@example.com','+56(5)7352375611',_binary '\0','2020-08-12 01:55:51','2020-12-07 22:19:10'),(77,'reprehenderit','Hershel Koss','1998-12-31','llewellyn.jacobson@example.com','00154607938',_binary '\0','2020-12-09 12:34:15','2020-12-07 22:19:10'),(78,'sint','Tina Pagac IV','1992-07-28','cruz71@example.com','592.169.2094x899',_binary '','2020-08-08 11:56:01','2020-12-07 22:21:40'),(79,'eveniet','Lenny Morissette','1975-05-23','khauck@example.com','03577338331',_binary '\0','2020-05-27 05:56:33','2020-12-07 22:19:10'),(80,'quo','Alberta Barton','1980-01-29','frederique.mcglynn@example.com','06640660524',_binary '','2020-12-20 00:07:55','2020-12-07 22:21:40'),(81,'vero','Alec Stroman DVM','1987-06-19','hgerhold@example.com','1-266-505-9179x80401',_binary '','2020-05-10 11:04:44','2020-12-07 22:21:40'),(82,'tempore','Mrs. Claudie Crona','2008-06-03','malika73@example.net','(459)732-7960x567',_binary '','2020-09-27 06:42:23','2020-12-07 22:21:40'),(83,'molestiae','Dr. Candelario Kiehn Sr.','2005-06-02','eloy.schmeler@example.org','078.842.0280',_binary '\0','2020-12-04 03:53:58','2020-12-07 22:19:10'),(84,'neque','Prof. Benton Kirlin','2001-04-30','joannie.gorczany@example.com','174.223.5291',_binary '','2020-11-07 02:58:27','2020-12-07 22:21:40'),(85,'illo','Savannah Thiel','1997-06-28','krajcik.mary@example.org','(554)024-5939x6583',_binary '','2020-02-25 09:43:51','2020-12-07 22:21:40'),(86,'voluptatibus','Esperanza Dickinson','2000-06-08','jovani27@example.org','432.103.4127',_binary '','2020-02-27 14:48:35','2020-12-07 22:21:40'),(87,'modi','Verlie Dickens','1986-01-04','philip42@example.net','1-087-132-7542x017',_binary '','2020-01-11 16:15:58','2020-12-07 22:21:40'),(88,'velit','Petra Schroeder','1997-04-16','jaiden.kub@example.net','(701)231-2312x9101',_binary '','2020-07-25 23:11:48','2020-12-07 22:21:40'),(89,'alias','Russell Becker','2005-12-16','dgraham@example.com','502.163.0754',_binary '','2020-04-22 09:54:09','2020-12-07 22:21:40'),(90,'debitis','Lucio Kuvalis','1996-10-27','shemar99@example.org','823.745.1927x595',_binary '\0','2020-05-17 22:45:28','2020-12-07 22:19:10'),(91,'eos','Lee Kertzmann','1987-09-30','stoltenberg.shanel@example.org','(650)389-0311',_binary '','2020-10-06 16:40:27','2020-12-07 22:21:40'),(92,'aliquid','Jameson Hintz','1996-11-08','osborne.murray@example.com','08255990973',_binary '\0','2020-01-27 10:34:20','2020-12-07 22:19:10'),(93,'deserunt','Susan Wilderman','1997-06-14','bartholome.mann@example.net','570.478.0649',_binary '','2020-04-25 23:33:18','2020-12-07 22:21:40'),(94,'vel','Ms. Coralie Labadie IV','2008-07-14','runolfsdottir.antonette@example.com','1-501-781-8535x46595',_binary '\0','2020-04-24 12:12:07','2020-12-07 22:19:10'),(95,'architecto','Jackeline Simonis V','1972-01-07','anderson.hope@example.com','+24(7)1599903946',_binary '\0','2020-07-24 08:07:38','2020-12-07 22:19:10'),(96,'ducimus','Adrien Wyman','1991-07-29','fgrimes@example.org','242.739.8037',_binary '\0','2020-10-21 01:58:15','2020-12-07 22:19:10'),(97,'nesciunt','David Macejkovic','1983-03-18','vincenza.durgan@example.com','1-000-809-8891x70458',_binary '\0','2020-12-05 09:38:54','2020-12-07 22:19:10'),(98,'consequatur','Prof. Augustus Fay IV','1997-06-15','ilene.beatty@example.net','848-960-9232',_binary '\0','2020-03-30 09:00:39','2020-12-07 22:19:10'),(99,'excepturi','Domenica Bradtke I','2008-07-14','vhand@example.com','717.142.6020',_binary '','2020-07-11 01:30:46','2020-12-07 22:21:40'),(100,'quam','Aubree Fay PhD','2001-11-23','madilyn.anderson@example.com','(482)518-3217',_binary '','2020-09-28 16:34:33','2020-12-07 22:21:40'),(101,'corrupti','Christian Mitchell','2010-02-27','millie.kassulke@example.org','+99(5)8080360231',_binary '\0','2020-10-29 15:29:11','2020-12-07 22:19:10'),(102,'error','Miss Justina Reinger I','1996-06-30','lewis10@example.net','1-254-049-8762x216',_binary '','2020-11-29 15:56:50','2020-12-07 22:21:40'),(103,'quisquam','Jesse Osinski','2009-05-11','robel.veronica@example.org','+56(7)3608995722',_binary '','2020-12-11 08:58:44','2020-12-07 22:21:40'),(104,'pariatur','Sedrick Willms','1996-08-04','durgan.melisa@example.com','(260)911-9041x9487',_binary '\0','2020-12-02 09:25:35','2020-12-07 22:19:10'),(105,'harum','Noble Lakin','1974-12-27','carlee.jenkins@example.com','755.595.8383x679',_binary '\0','2020-06-24 08:03:42','2020-12-07 22:19:10'),(106,'reiciendis','Marjorie Hartmann','1980-04-21','libbie.gulgowski@example.net','462-685-1715',_binary '','2020-09-10 23:35:35','2020-12-07 22:21:40'),(107,'itaque','Miss Cindy Gutkowski Sr.','1982-11-13','hahn.rory@example.com','082-724-5429x67699',_binary '','2020-01-01 04:49:28','2020-12-07 22:21:40'),(108,'doloremque','Junius Grimes','1995-04-07','beatty.kirsten@example.com','06674074686',_binary '\0','2020-07-11 10:37:31','2020-12-07 22:19:10'),(109,'consectetur','Verdie Gerlach','1979-11-15','kub.cesar@example.net','246.652.8309x331',_binary '','2020-11-23 00:03:06','2020-12-07 22:21:40'),(110,'commodi','Alan Kiehn IV','1974-11-28','kohler.akeem@example.com','(570)475-9031x7249',_binary '','2020-03-29 04:13:03','2020-12-07 22:21:40'),(111,'sapiente','Lucienne Osinski','2004-08-14','ruthie58@example.com','1-818-451-8480',_binary '','2020-07-22 20:00:32','2020-12-07 22:21:40'),(112,'explicabo','Felipe Auer II','2003-02-25','ezequiel.kiehn@example.net','(842)315-8438x16578',_binary '','2020-08-07 02:47:38','2020-12-07 22:21:40'),(113,'cupiditate','Miss Isabell Pfeffer PhD','1982-02-25','rdibbert@example.net','(915)209-4819x84866',_binary '','2020-10-04 19:28:39','2020-12-07 22:21:40'),(114,'quasi','Jeanette Macejkovic','1982-09-08','vincent.mosciski@example.net','1-023-453-6503x45235',_binary '\0','2020-10-21 09:01:07','2020-12-07 22:19:10'),(115,'saepe','Arturo Cormier','1987-11-28','vhayes@example.com','(275)537-6436x304',_binary '','2020-06-14 00:04:11','2020-12-07 22:21:40'),(116,'possimus','Roel Kautzer','1994-07-09','madaline90@example.org','1-327-358-4537x910',_binary '','2020-03-19 03:52:51','2020-12-07 22:21:40'),(117,'veritatis','Daisha Nienow','1985-12-05','annabell39@example.com','05009805339',_binary '\0','2020-10-16 23:58:36','2020-12-07 22:19:10'),(118,'eum','Noble Beer','1991-05-07','plarkin@example.net','806.805.1367x1982',_binary '','2020-10-20 04:05:08','2020-12-07 22:21:40'),(119,'mollitia','Mrs. Estrella Donnelly','1971-06-02','bahringer.destini@example.com','1-303-054-7834',_binary '\0','2020-03-18 12:41:24','2020-12-07 22:19:10'),(120,'natus','Elvie Heaney','1997-07-07','vesta42@example.net','335-626-2967',_binary '','2020-10-23 03:34:07','2020-12-07 22:21:40'),(121,'cumque','Dr. Braulio Yundt','1993-08-25','amiya78@example.com','1-825-056-1281x82283',_binary '','2020-07-09 18:31:45','2020-12-07 22:21:40'),(122,'facere','Emanuel McKenzie','1985-12-09','lonie.rempel@example.org','145.245.1942x942',_binary '\0','2020-10-28 06:14:46','2020-12-07 22:19:10'),(123,'quibusdam','Trycia Bruen','1980-12-08','hunter.harber@example.net','1-725-278-3803',_binary '\0','2020-04-06 02:32:44','2020-12-07 22:19:10'),(124,'numquam','Mr. Izaiah Price','1986-02-06','kkuhlman@example.com','(402)538-0943',_binary '\0','2020-06-14 00:49:26','2020-12-07 22:19:10'),(125,'consequuntur','Arjun Rodriguez','1974-04-05','jonatan92@example.org','1-874-510-4302x33980',_binary '\0','2020-07-07 13:03:45','2020-12-07 22:19:10'),(126,'laudantium','Lucy Veum','2005-03-03','kspinka@example.net','446-177-1522x1200',_binary '\0','2020-03-12 07:26:29','2020-12-07 22:19:10'),(127,'facilis','Ignatius Halvorson','1984-09-27','trice@example.net','1-193-757-4214x6348',_binary '\0','2020-05-18 02:33:13','2020-12-07 22:19:10'),(128,'dolor','Pamela Streich','1973-12-04','deckow.jackeline@example.com','1-415-551-1456x039',_binary '\0','2020-02-23 15:14:46','2020-12-07 22:19:10'),(129,'quaerat','Maximo Feest','1988-06-22','deron20@example.net','(785)917-3807x7744',_binary '','2020-05-08 06:23:25','2020-12-07 22:21:40'),(130,'accusamus','Kathryn Kertzmann','1998-02-15','hblock@example.org','091-335-9203x957',_binary '\0','2020-02-27 08:45:35','2020-12-07 22:19:10'),(131,'voluptates','Oliver Legros','1989-06-10','barrows.keith@example.com','+32(4)9831393320',_binary '\0','2020-03-23 03:00:46','2020-12-07 22:19:10'),(132,'ipsa','Prof. Thaddeus Deckow DDS','1985-11-26','erich74@example.org','1-659-389-5320x249',_binary '\0','2020-04-24 23:46:49','2020-12-07 22:19:10'),(133,'quas','Dr. Elmo Hermann','1972-01-01','psteuber@example.com','+83(0)5194562349',_binary '','2020-02-01 18:11:59','2020-12-07 22:21:40'),(134,'eazg','Zena Grady','2006-03-05','mpadberg@example.org','1-625-908-8587x9901',_binary '\0','2020-07-03 14:57:06','2020-12-07 22:19:10'),(135,'iste','Ashlynn Parker','1988-04-26','gutkowski.ora@example.com','+25(1)8237368026',_binary '','2020-11-15 11:41:48','2020-12-07 22:21:40'),(136,'officiis','Alexandrea Reichel','1975-05-17','wprice@example.net','156-504-1378',_binary '','2020-10-06 12:56:31','2020-12-07 22:21:40'),(137,'suscipit','Orlo Parker Jr.','1991-06-20','dthiel@example.net','(034)884-8874',_binary '','2020-11-16 15:23:14','2020-12-07 22:21:40'),(138,'delectus','Burdette Bosco','2010-08-15','alejandrin57@example.com','1-836-445-4094x6768',_binary '','2020-09-19 19:11:38','2020-12-07 22:21:40'),(139,'beatae','Mr. Sean Carroll Jr.','2009-03-29','ymertz@example.com','07956212692',_binary '\0','2020-03-11 02:07:03','2020-12-07 22:19:10'),(140,'nobis','Yesenia Hintz Jr.','2006-02-24','asa24@example.org','1-461-148-7112x929',_binary '\0','2020-09-05 21:34:03','2020-12-07 22:19:10'),(141,'dicta','Prof. Dennis Dare IV','1994-01-02','fhayes@example.org','510-304-8120',_binary '\0','2020-02-19 07:13:42','2020-12-07 22:19:10'),(142,'necessitatibus','Miss Libbie Rutherford Sr.','1984-01-25','sophie17@example.org','027.371.3973x2855',_binary '\0','2020-08-12 15:07:07','2020-12-07 22:19:10'),(143,'perferendis','Haleigh Farrell','1991-11-14','sallie43@example.org','356.008.8683x903',_binary '','2020-06-08 00:18:16','2020-12-07 22:21:40'),(144,'sequi','Ms. Shyanne Legros DDS','1992-06-29','hilll.heloise@example.net','(535)609-5352x66542',_binary '','2020-10-06 11:58:00','2020-12-07 22:21:40'),(145,'esse','Annie Grant','1984-08-01','beer.kari@example.net','919.345.1492x824',_binary '\0','2020-09-20 17:48:48','2020-12-07 22:19:10'),(146,'minima','Fletcher O\'Kon II','1974-06-16','nicolas.audra@example.org','452-019-3939',_binary '','2020-09-08 20:43:13','2020-12-07 22:21:40'),(147,'similique','Dr. Nettie Crooks DDS','2005-05-26','borer.carmen@example.org','1-571-106-5768x03384',_binary '','2020-12-27 19:21:35','2020-12-07 22:21:40'),(148,'maxime','Prof. Cruz Reilly IV','2001-04-02','jschroeder@example.net','500.058.8684x23738',_binary '','2020-03-14 17:44:09','2020-12-07 22:21:40'),(149,'adipisci','Dr. Nicole Botsford','1978-09-13','hodkiewicz.caroline@example.net','704-845-4437',_binary '\0','2020-11-04 17:38:21','2020-12-07 22:19:10'),(150,'dolorum','Conor Hackett I','2010-07-31','swift.delaney@example.org','786.394.4562',_binary '','2020-02-16 22:17:50','2020-12-07 22:21:40');
/*!40000 ALTER TABLE `users` ENABLE KEYS */;
UNLOCK TABLES;

--
-- Table structure for table `users_products`
--

DROP TABLE IF EXISTS `users_products`;
/*!40101 SET @saved_cs_client     = @@character_set_client */;
/*!50503 SET character_set_client = utf8mb4 */;
CREATE TABLE `users_products` (
  `product_id` int unsigned NOT NULL COMMENT 'Идентификатор товара',
  `user_id` int unsigned NOT NULL COMMENT 'Идентификатор покупателя',
  `product_count` int NOT NULL DEFAULT '1' COMMENT 'Количество товара',
  `created_at` datetime DEFAULT CURRENT_TIMESTAMP COMMENT 'Дата создания строки',
  `updated_at` datetime DEFAULT CURRENT_TIMESTAMP ON UPDATE CURRENT_TIMESTAMP COMMENT 'Время обновления строки',
  PRIMARY KEY (`product_id`,`user_id`) COMMENT 'Составной первичный ключ',
  KEY `users_products_user_id_fk` (`user_id`),
  CONSTRAINT `users_products_product_id_fk` FOREIGN KEY (`product_id`) REFERENCES `products` (`id`),
  CONSTRAINT `users_products_user_id_fk` FOREIGN KEY (`user_id`) REFERENCES `users` (`id`)
) ENGINE=InnoDB DEFAULT CHARSET=utf8mb4 COLLATE=utf8mb4_unicode_ci COMMENT='Корзины покупателей';
/*!40101 SET character_set_client = @saved_cs_client */;

--
-- Dumping data for table `users_products`
--

LOCK TABLES `users_products` WRITE;
/*!40000 ALTER TABLE `users_products` DISABLE KEYS */;
INSERT INTO `users_products` VALUES (1,1,3,'2020-12-08 00:27:10','2020-12-08 00:32:51'),(1,12,1,'2020-12-08 00:27:24','2020-12-08 00:27:24'),(1,51,0,'2020-03-16 10:17:58','2020-12-07 23:19:55'),(2,2,5,'2020-08-14 17:21:06','2020-12-07 23:19:55'),(2,52,2,'2020-09-20 08:33:26','2020-12-07 23:19:55'),(3,3,4,'2020-07-22 17:40:37','2020-12-07 23:19:55'),(3,53,0,'2020-10-22 06:45:17','2020-12-07 23:19:55'),(4,4,1,'2020-01-28 19:56:56','2020-12-07 23:19:55'),(4,54,9,'2020-06-20 00:03:13','2020-12-07 23:19:55'),(5,5,2,'2020-09-26 16:08:17','2020-12-07 23:19:55'),(5,55,9,'2020-04-25 15:13:00','2020-12-07 23:19:55'),(6,6,1,'2020-10-05 01:57:49','1977-10-22 02:38:10'),(6,56,8,'2020-05-11 11:45:17','2020-12-07 23:19:55'),(7,7,7,'2020-09-05 16:51:49','2020-12-07 23:19:55'),(7,57,3,'2020-09-12 05:08:34','2020-12-07 23:19:55'),(8,8,6,'2020-09-27 20:40:17','2020-12-07 23:19:55'),(8,58,3,'2020-06-18 05:21:13','2020-12-07 23:19:55'),(9,9,4,'2020-04-30 14:28:37','2020-12-07 23:19:55'),(9,59,2,'2020-10-09 09:06:06','2020-12-07 23:19:55'),(10,10,6,'2020-09-17 07:59:37','2020-12-07 23:19:55'),(10,60,2,'2020-08-04 19:28:38','2020-12-07 23:19:55'),(11,11,7,'2020-11-26 02:12:48','2020-12-07 23:19:55'),(11,61,0,'2020-09-30 17:50:20','2020-12-07 23:19:55'),(12,12,0,'2020-12-05 22:04:44','2020-12-07 23:19:55'),(12,62,6,'2020-11-06 12:00:57','2020-12-07 23:19:55'),(13,13,0,'2020-10-15 05:08:30','2020-12-07 23:19:55'),(13,63,7,'2020-03-26 04:11:04','2020-12-07 23:19:55'),(14,14,7,'2020-02-24 00:13:43','2020-12-07 23:19:55'),(14,64,3,'2020-08-01 16:35:30','2020-12-07 23:19:55'),(15,15,6,'2020-11-11 17:17:28','2020-12-07 23:19:55'),(15,65,4,'2020-04-19 23:51:53','2020-12-07 23:19:55'),(16,16,8,'2020-06-20 07:49:05','2020-12-07 23:19:55'),(16,66,9,'2020-04-14 10:08:17','2020-12-07 23:19:55'),(17,17,9,'2020-03-29 01:54:33','2020-12-07 23:19:55'),(17,67,2,'2020-08-15 08:13:44','2020-12-07 23:19:55'),(18,18,5,'2020-06-27 11:57:20','2020-12-07 23:19:55'),(18,68,6,'2020-07-12 15:37:52','2020-12-07 23:19:55'),(19,19,4,'2020-11-13 11:26:23','2020-12-07 23:19:55'),(19,69,8,'2020-11-26 11:51:26','2020-12-07 23:19:55'),(20,20,4,'2020-04-09 14:07:09','2020-12-07 23:19:55'),(20,70,2,'2020-11-25 08:37:15','2020-12-07 23:19:55'),(21,21,5,'2020-09-08 14:07:30','2020-12-07 23:19:55'),(21,71,7,'2020-12-30 06:15:55','2020-12-07 23:19:55'),(22,22,5,'2020-03-05 15:02:47','2020-12-07 23:19:55'),(22,72,2,'2020-05-01 01:06:05','2020-12-07 23:19:55'),(23,23,8,'2020-07-07 17:42:38','2020-12-07 23:19:55'),(23,73,8,'2020-03-28 15:43:13','2020-12-07 23:19:55'),(24,24,5,'2020-05-07 17:50:26','2020-12-07 23:19:55'),(24,74,1,'2020-08-13 22:44:39','2020-12-07 23:19:55'),(25,25,9,'2020-09-04 19:05:35','2020-12-07 23:19:55'),(25,75,4,'2020-06-09 03:50:55','2002-09-02 03:34:39'),(26,26,0,'2020-07-23 17:23:49','2020-12-07 23:19:55'),(26,76,6,'2020-08-23 20:23:15','2020-12-07 23:19:55'),(27,27,4,'2020-08-22 06:16:09','2020-12-07 23:19:55'),(27,77,6,'2020-12-22 15:10:28','2020-12-07 23:19:55'),(28,28,0,'2020-10-23 05:42:10','2020-12-07 23:19:55'),(28,78,5,'2020-05-12 03:02:15','2020-12-07 23:19:55'),(29,29,6,'2020-04-07 18:35:42','2020-12-07 23:19:55'),(29,79,9,'2020-10-16 04:41:40','2020-12-07 23:19:55'),(30,30,4,'2020-05-14 21:07:19','2020-12-07 23:19:55'),(30,80,7,'2020-10-20 11:33:53','2020-12-07 23:19:55'),(31,31,9,'2020-06-06 11:44:35','2020-12-07 23:19:55'),(31,81,5,'2020-08-05 11:38:46','2020-12-07 23:19:55'),(32,32,5,'2020-09-08 03:08:29','2020-12-07 23:19:55'),(32,82,7,'2020-06-07 13:55:46','2020-12-07 23:19:55'),(33,33,7,'2020-10-08 01:56:50','2020-12-07 23:19:55'),(33,83,0,'2020-05-04 00:40:37','2020-12-07 23:19:55'),(34,34,2,'2020-02-11 03:44:35','2020-12-07 23:19:55'),(34,84,4,'2020-04-28 20:00:37','2020-12-07 23:19:55'),(35,35,9,'2020-08-31 15:18:27','2020-12-07 23:19:55'),(35,85,1,'2020-12-07 19:30:09','2020-12-07 23:19:55'),(36,36,5,'2020-06-20 20:16:22','2020-12-07 23:19:55'),(36,86,5,'2020-08-23 20:12:17','2020-12-07 23:19:55'),(37,37,6,'2020-09-23 07:21:17','2020-12-07 23:19:55'),(37,87,1,'2020-06-30 18:23:25','2020-12-07 23:19:55'),(38,38,8,'2020-09-12 20:18:50','2020-12-07 23:19:55'),(38,88,2,'2020-11-07 05:59:11','2020-12-07 23:19:55'),(39,39,4,'2020-07-14 13:41:45','2020-12-07 23:19:55'),(39,89,2,'2020-10-13 23:58:19','2020-12-07 23:19:55'),(40,40,6,'2020-02-04 15:09:00','2020-12-07 23:19:55'),(40,90,5,'2020-01-09 00:07:55','2020-12-07 23:19:55'),(41,41,8,'2020-05-21 21:02:52','2020-12-07 23:19:55'),(41,91,4,'2020-06-06 11:18:29','2020-12-07 23:19:55'),(42,42,4,'2020-03-13 01:51:19','1977-02-08 19:37:29'),(42,92,1,'2020-03-15 02:22:56','2020-12-07 23:19:55'),(43,43,5,'2020-09-25 04:16:39','2020-12-07 23:19:55'),(43,93,7,'2020-12-15 20:11:59','2020-12-07 23:19:55'),(44,44,5,'2020-10-23 22:02:39','2020-12-07 23:19:55'),(44,94,1,'2020-10-01 05:39:35','2020-12-07 23:19:55'),(45,45,6,'2020-06-30 01:07:55','2020-12-07 23:19:55'),(45,95,2,'2020-04-15 11:47:12','2020-12-07 23:19:55'),(46,46,9,'2020-12-16 16:43:06','2020-12-07 23:19:55'),(46,96,1,'2020-12-01 17:06:39','2020-12-07 23:19:55'),(47,47,5,'2020-01-19 04:55:03','2020-12-07 23:19:55'),(47,97,3,'2020-05-01 09:49:11','2020-12-07 23:19:55'),(48,48,2,'2020-12-11 04:37:31','2020-12-07 23:19:55'),(48,98,6,'2020-07-23 00:35:42','2020-12-07 23:19:55'),(49,49,6,'2020-05-17 03:58:13','2020-12-07 23:19:55'),(49,99,8,'2020-09-11 14:30:10','2020-12-07 23:19:55'),(50,50,8,'2020-07-29 06:48:04','2020-12-07 23:19:55'),(50,100,7,'2020-07-16 22:45:32','2020-12-07 23:19:55'),(51,51,6,'2020-01-21 07:14:07','2020-12-07 23:19:55'),(51,101,6,'2020-02-21 04:46:01','2020-12-07 23:19:55'),(52,52,0,'2020-06-15 07:41:32','2020-12-07 23:19:55'),(52,102,9,'2020-09-05 15:21:32','2020-12-07 23:19:55'),(53,53,8,'2020-12-13 07:04:39','2020-12-07 23:19:55'),(53,103,6,'2020-08-06 06:57:01','2020-12-07 23:19:55'),(54,54,2,'2020-08-12 20:32:42','2020-12-07 23:19:55'),(54,104,1,'2020-03-24 06:15:37','2020-12-07 23:19:55'),(55,55,4,'2020-03-15 21:16:08','2020-12-07 23:19:55'),(55,105,9,'2020-04-14 04:34:35','2020-12-07 23:19:55'),(56,56,3,'2020-06-22 08:09:33','2020-12-07 23:19:55'),(56,106,3,'2020-05-04 04:40:52','2020-12-07 23:19:55'),(57,57,1,'2020-05-26 08:57:22','2020-12-07 23:19:55'),(57,107,2,'2020-10-18 08:43:32','2020-12-07 23:19:55'),(58,58,3,'2020-04-22 15:07:21','2020-12-07 23:19:55'),(58,108,0,'2020-08-30 19:57:04','2020-12-07 23:19:55'),(59,59,4,'2020-09-20 10:51:10','2020-12-07 23:19:55'),(59,109,7,'2020-11-16 11:56:51','2020-12-07 23:19:55'),(60,60,2,'2020-12-17 12:36:48','2020-12-07 23:19:55'),(60,110,6,'2020-07-18 05:59:58','2020-12-07 23:19:55'),(61,61,1,'2020-07-17 21:22:58','2020-12-07 23:19:55'),(61,111,6,'2020-01-13 02:54:50','2020-12-07 23:19:55'),(62,62,4,'2020-11-30 10:16:39','2020-12-07 23:19:55'),(62,112,2,'2020-08-24 13:20:27','2020-12-07 23:19:55'),(63,63,6,'2020-06-25 01:58:25','2020-12-07 23:19:55'),(63,113,2,'2020-12-30 09:16:01','2020-12-07 23:19:55'),(64,64,3,'2020-04-22 14:25:13','2020-12-07 23:19:55'),(64,114,6,'2020-04-13 07:36:37','2020-12-07 23:19:55'),(65,65,4,'2020-09-07 08:08:03','2020-12-07 23:19:55'),(65,115,7,'2020-03-31 12:24:52','2020-12-07 23:19:55'),(66,66,9,'2020-10-01 05:04:06','2020-12-07 23:19:55'),(66,116,0,'2020-06-30 01:28:10','2020-12-07 23:19:55'),(67,67,8,'2020-03-01 14:04:30','2020-12-07 23:19:55'),(67,117,2,'2020-04-16 08:57:14','2020-12-07 23:19:55'),(68,68,3,'2020-05-03 16:31:52','2020-12-07 23:19:55'),(68,118,3,'2020-04-21 08:02:47','2020-12-07 23:19:55'),(69,69,4,'2020-01-24 17:28:11','2020-12-07 23:19:55'),(69,119,1,'2020-06-29 21:07:02','2020-12-07 23:19:55'),(70,70,3,'2020-02-17 10:31:10','2020-12-07 23:19:55'),(70,120,5,'2020-06-15 16:20:16','2020-12-07 23:19:55'),(71,71,3,'2020-01-09 09:11:40','2020-12-07 23:19:55'),(71,121,8,'2020-07-01 07:09:22','2020-12-07 23:19:55'),(72,72,1,'2020-05-01 09:39:28','2020-12-07 23:19:55'),(72,122,1,'2020-03-11 10:42:30','2020-12-07 23:19:55'),(73,73,0,'2020-01-23 03:45:01','2020-12-07 23:19:55'),(73,123,7,'2020-04-01 02:50:53','2020-12-07 23:19:55'),(74,74,7,'2020-05-12 22:52:04','2020-12-07 23:19:55'),(74,124,2,'2020-09-24 10:44:14','2020-12-07 23:19:55'),(75,75,7,'2020-08-14 10:15:21','2020-12-07 23:19:55'),(75,125,2,'2020-02-28 08:24:57','2020-12-07 23:19:55'),(76,76,5,'2020-09-03 01:31:01','2020-12-07 23:19:55'),(76,126,2,'2020-02-18 06:29:38','2020-12-07 23:19:55'),(77,77,1,'2020-09-29 12:57:35','2020-12-07 23:19:55'),(77,127,2,'2020-09-09 21:12:24','2020-12-07 23:19:55'),(78,78,3,'2020-04-20 11:16:03','2003-09-01 09:08:28'),(78,128,8,'2020-11-03 06:45:11','2020-12-07 23:19:55'),(79,79,9,'2020-07-06 09:25:56','2020-12-07 23:19:55'),(79,129,8,'2020-08-13 02:59:34','2020-12-07 23:19:55'),(80,80,4,'2020-10-01 17:46:50','2020-12-07 23:19:55'),(80,130,4,'2020-06-13 01:30:59','2020-12-07 23:19:55'),(81,81,3,'2020-01-30 10:12:52','2020-12-07 23:19:55'),(81,131,1,'2020-08-12 15:27:09','2020-12-07 23:19:55'),(82,82,8,'2020-08-27 23:23:25','2020-12-07 23:19:55'),(82,132,9,'2020-01-12 05:37:38','2020-12-07 23:19:55'),(83,83,5,'2020-02-25 21:56:12','2020-12-07 23:19:55'),(83,133,4,'2020-03-17 01:49:15','2020-12-07 23:19:55'),(84,84,8,'2020-07-15 06:20:56','2020-12-07 23:19:55'),(84,134,4,'2020-01-16 17:35:43','2020-12-07 23:19:55'),(85,85,0,'2020-08-20 05:20:11','2020-12-07 23:19:55'),(85,135,6,'2020-07-05 22:10:38','2020-12-07 23:19:55'),(86,86,4,'2020-05-04 11:16:58','2020-12-07 23:19:55'),(86,136,3,'2020-04-14 17:28:56','2020-12-07 23:19:55'),(87,87,7,'2020-01-12 16:09:58','2020-12-07 23:19:55'),(87,137,5,'2020-06-28 20:07:31','2020-12-07 23:19:55'),(88,88,7,'2020-11-07 14:43:12','2020-12-07 23:19:55'),(88,138,4,'2020-02-11 18:39:14','2020-12-07 23:19:55'),(89,89,0,'2020-08-01 10:58:18','2020-12-07 23:19:55'),(89,139,0,'2020-05-12 08:35:14','2020-12-07 23:19:55'),(90,90,1,'2020-10-01 08:03:32','2020-12-07 23:19:55'),(90,140,6,'2020-08-06 18:55:22','2020-12-07 23:19:55'),(91,91,5,'2020-05-10 08:16:35','2020-12-07 23:19:55'),(91,141,5,'2020-05-15 21:14:39','2020-12-07 23:19:55'),(92,92,1,'2020-10-16 22:56:04','2020-12-07 23:19:55'),(92,142,6,'2020-10-15 11:30:19','2020-12-07 23:19:55'),(93,93,6,'2020-05-01 16:12:44','2020-12-07 23:19:55'),(93,143,1,'2020-05-22 04:32:07','2020-12-07 23:19:55'),(94,94,5,'2020-07-27 11:34:28','2020-12-07 23:19:55'),(94,144,2,'2020-08-24 22:30:32','2020-12-07 23:19:55'),(95,95,1,'2020-11-16 13:27:25','2020-12-07 23:19:55'),(95,145,4,'2020-08-23 14:39:13','2020-12-07 23:19:55'),(96,96,7,'2020-12-19 09:54:51','2020-12-07 23:19:55'),(96,146,3,'2020-08-30 19:52:24','2020-12-07 23:19:55'),(97,97,3,'2020-11-08 23:37:14','2020-12-07 23:19:55'),(97,147,0,'2020-12-26 14:23:22','2020-12-07 23:19:55'),(98,98,7,'2020-06-13 20:45:41','2020-12-07 23:19:55'),(98,148,1,'2020-03-30 15:44:12','2020-12-07 23:19:55'),(99,99,6,'2020-04-19 01:56:29','2020-12-07 23:19:55'),(99,149,6,'2020-11-26 21:43:59','2020-12-07 23:19:55'),(100,100,1,'2020-06-16 16:42:41','2020-12-07 23:19:55'),(100,150,4,'2020-02-23 19:19:18','2020-12-07 23:19:55'),(101,1,9,'2020-11-09 03:34:42','2020-12-07 23:19:55'),(101,101,1,'2020-04-04 07:04:45','2020-12-07 23:19:55'),(102,2,6,'2020-01-16 08:46:10','2020-12-07 23:19:55'),(102,102,9,'2020-11-21 06:18:55','2020-12-07 23:19:55'),(103,3,6,'2020-10-06 00:43:03','2020-12-07 23:19:55'),(103,103,7,'2020-10-29 08:10:04','2020-12-07 23:19:55'),(104,4,7,'2020-05-13 12:48:30','2020-12-07 23:19:55'),(104,104,1,'2020-07-23 20:26:35','2020-12-07 23:19:55'),(105,5,6,'2020-11-10 05:42:16','2020-12-07 23:19:55'),(105,105,9,'2020-12-10 18:45:03','2020-12-07 23:19:55'),(106,6,2,'2020-11-06 09:50:55','2020-12-07 23:19:55'),(106,106,6,'2020-05-07 01:03:27','2020-12-07 23:19:55'),(107,7,9,'2020-02-04 11:25:05','2020-12-07 23:19:55'),(107,107,8,'2020-03-29 23:45:55','2020-12-07 23:19:55'),(108,8,0,'2020-08-04 10:34:18','2020-12-07 23:19:55'),(108,108,5,'2020-12-14 08:43:44','2020-12-07 23:19:55'),(109,9,8,'2020-11-15 20:14:20','2020-12-07 23:19:55'),(109,109,2,'2020-02-05 14:40:18','2020-12-07 23:19:55'),(110,10,7,'2020-10-29 14:34:33','2020-12-07 23:19:55'),(110,110,6,'2020-07-23 10:32:07','2020-12-07 23:19:55'),(111,11,8,'2020-01-24 04:22:26','2020-12-07 23:19:55'),(111,111,1,'2020-10-22 02:59:37','2020-12-07 23:19:55'),(112,12,0,'2020-05-28 09:52:31','2020-12-07 23:19:55'),(112,112,5,'2020-04-15 05:35:43','2020-12-07 23:19:55'),(113,13,0,'2020-11-27 15:07:08','2020-12-07 23:19:55'),(113,113,4,'2020-06-26 21:57:28','2020-12-07 23:19:55'),(114,14,9,'2020-02-27 18:20:08','2020-12-07 23:19:55'),(114,114,2,'2020-11-22 11:56:01','2020-12-07 23:19:55'),(115,15,3,'2020-07-04 02:55:28','2020-12-07 23:19:55'),(115,115,6,'2020-07-10 12:16:06','2020-12-07 23:19:55'),(116,16,8,'2020-08-18 07:36:01','2020-12-07 23:19:55'),(116,116,8,'2020-09-04 11:11:56','2020-12-07 23:19:55'),(117,17,0,'2020-03-28 02:01:14','2020-12-07 23:19:55'),(117,117,5,'2020-06-13 19:21:35','2020-12-07 23:19:55'),(118,18,3,'2020-03-20 11:27:20','2020-12-07 23:19:55'),(118,118,3,'2020-07-19 17:55:05','2020-12-07 23:19:55'),(119,19,5,'2020-01-15 08:07:52','2020-12-07 23:19:55'),(119,119,8,'2020-10-29 22:44:50','2020-12-07 23:19:55'),(120,20,3,'2020-03-05 22:47:07','2020-12-07 23:19:55'),(120,120,7,'2020-06-21 09:52:16','2020-12-07 23:19:55'),(121,21,9,'2020-12-18 07:09:07','2020-12-07 23:19:55'),(121,121,3,'2020-01-08 01:01:12','2020-12-07 23:19:55'),(122,22,3,'2020-03-16 04:13:18','2020-12-07 23:19:55'),(122,122,3,'2020-11-06 00:59:07','2020-12-07 23:19:55'),(123,23,3,'2020-10-03 10:06:37','2020-12-07 23:19:55'),(123,123,1,'2020-04-10 05:36:56','2020-12-07 23:19:55'),(124,24,7,'2020-01-22 20:46:45','2020-12-07 23:19:55'),(124,124,4,'2020-11-04 03:12:36','2020-12-07 23:19:55'),(125,25,6,'2020-06-18 07:31:19','2020-12-07 23:19:55'),(125,125,4,'2020-02-17 05:03:46','2020-12-07 23:19:55'),(126,26,8,'2020-01-16 03:12:33','2020-12-07 23:19:55'),(126,126,8,'2020-01-12 06:14:13','2020-12-07 23:19:55'),(127,27,0,'2020-02-01 12:22:18','2020-12-07 23:19:55'),(127,127,5,'2020-10-21 02:31:54','2020-12-07 23:19:55'),(128,28,4,'2020-03-19 21:52:52','2020-12-07 23:19:55'),(128,128,7,'2020-06-28 03:00:28','2020-12-07 23:19:55'),(129,29,9,'2020-01-27 06:59:15','2020-12-07 23:19:55'),(129,129,2,'2020-06-15 14:12:32','2020-12-07 23:19:55'),(130,30,3,'2020-11-28 18:32:10','2020-12-07 23:19:55'),(130,130,4,'2020-10-10 08:11:19','2020-12-07 23:19:55'),(131,31,1,'2020-05-08 01:02:33','2020-12-07 23:19:55'),(131,131,4,'2020-09-06 09:47:50','2020-12-07 23:19:55'),(132,32,5,'2020-06-17 07:17:13','2020-12-07 23:19:55'),(132,132,6,'2020-04-09 09:22:51','2020-12-07 23:19:55'),(133,33,2,'2020-02-03 05:56:38','2020-12-07 23:19:55'),(133,133,2,'2020-01-21 23:16:50','2020-12-07 23:19:55'),(134,34,1,'2020-07-08 06:36:32','2020-12-07 23:19:55'),(134,134,1,'2020-07-09 02:10:24','2020-12-07 23:19:55'),(135,35,1,'2020-04-09 01:51:11','2020-12-07 23:19:55'),(135,135,7,'2020-10-19 02:45:33','2020-12-07 23:19:55'),(136,36,0,'2020-05-20 19:18:29','2020-12-07 23:19:55'),(136,136,9,'2020-11-04 04:44:38','2020-12-07 23:19:55'),(137,37,9,'2020-04-12 01:57:17','2020-12-07 23:19:55'),(137,137,0,'2020-07-09 22:24:11','2020-12-07 23:19:55'),(138,38,9,'2020-04-19 15:23:47','2020-12-07 23:19:55'),(138,138,1,'2020-02-20 20:03:41','2020-12-07 23:19:55'),(139,39,0,'2020-01-01 23:47:49','2020-12-07 23:19:55'),(139,139,0,'2020-12-28 19:19:38','2020-12-07 23:19:55'),(140,40,6,'2020-12-28 11:06:50','2020-12-07 23:19:55'),(140,140,9,'2020-12-11 21:58:52','2020-12-07 23:19:55'),(141,41,1,'2020-08-11 02:55:46','2020-12-07 23:19:55'),(141,141,8,'2020-05-27 20:02:25','2020-12-07 23:19:55'),(142,42,8,'2020-05-10 03:33:05','2020-12-07 23:19:55'),(142,142,3,'2020-02-22 03:07:51','2020-12-07 23:19:55'),(143,43,9,'2020-01-15 00:56:25','2020-12-07 23:19:55'),(143,143,2,'2020-08-21 15:41:20','2020-12-07 23:19:55'),(144,44,5,'2020-11-10 23:34:46','2020-12-07 23:19:55'),(144,144,2,'2020-03-19 15:37:00','2020-12-07 23:19:55'),(145,45,3,'2020-05-20 17:32:31','2020-12-07 23:19:55'),(145,145,6,'2020-10-28 22:08:03','2020-12-07 23:19:55'),(146,46,9,'2020-07-01 07:00:00','2020-12-07 23:19:55'),(146,146,1,'2020-11-04 21:56:32','2020-12-07 23:19:55'),(147,47,7,'2020-09-15 15:13:01','2020-12-07 23:19:55'),(147,147,6,'2020-03-15 12:36:39','2020-12-07 23:19:55'),(148,48,9,'2020-11-19 14:53:41','2020-12-07 23:19:55'),(148,148,5,'2020-04-24 15:04:24','2020-12-07 23:19:55'),(149,49,6,'2020-11-19 06:51:04','2020-12-07 23:19:55'),(149,149,8,'2020-01-16 20:29:53','2020-12-07 23:19:55'),(150,50,6,'2020-04-21 05:34:55','2020-12-07 23:19:55'),(150,150,4,'2020-06-26 06:25:56','2020-12-07 23:19:55'),(151,1,5,'2020-04-11 17:03:34','2020-12-07 23:19:55'),(151,51,3,'2020-06-27 21:25:26','2020-12-07 23:19:55'),(152,2,0,'2020-02-29 06:53:06','2020-12-07 23:19:55'),(152,52,4,'2020-06-19 16:10:19','2020-12-07 23:19:55'),(153,3,8,'2020-02-08 08:10:23','2020-12-07 23:19:55'),(153,53,2,'2020-04-05 19:16:11','2020-12-07 23:19:55'),(154,4,6,'2020-02-22 16:46:37','2020-12-07 23:19:55'),(154,54,4,'2020-05-29 18:35:03','2020-12-07 23:19:55'),(155,5,8,'2020-10-11 15:13:27','2020-12-07 23:19:55'),(155,55,8,'2020-10-17 14:38:11','2020-12-07 23:19:55'),(156,6,5,'2020-02-24 09:59:26','2020-12-07 23:19:55'),(156,56,0,'2020-07-11 10:36:26','2020-12-07 23:19:55'),(157,7,6,'2020-12-04 12:10:37','2020-12-07 23:19:55'),(157,57,1,'2020-02-02 14:53:02','2020-12-07 23:19:55'),(158,8,7,'2020-09-12 07:09:44','2020-12-07 23:19:55'),(158,58,2,'2020-08-13 19:31:52','2020-12-07 23:19:55'),(159,9,7,'2020-08-08 08:55:54','2020-12-07 23:19:55'),(159,59,9,'2020-05-23 10:28:51','2020-12-07 23:19:55'),(160,10,2,'2020-06-25 16:04:23','2020-12-07 23:19:55'),(160,60,1,'2020-04-21 00:22:07','2020-12-07 23:19:55'),(161,11,6,'2020-07-26 00:53:28','2020-12-07 23:19:55'),(161,61,8,'2020-01-24 11:37:27','2020-12-07 23:19:55'),(162,12,7,'2020-02-17 21:59:42','2020-12-07 23:19:55'),(162,48,3,'2020-04-01 00:00:58','2020-12-08 00:03:08'),(162,62,2,'2020-09-02 11:04:18','2020-12-07 23:19:55'),(163,13,4,'2020-06-25 04:22:06','2020-12-07 23:19:55'),(163,63,4,'2020-11-06 09:40:37','2020-12-07 23:19:55'),(164,14,4,'2020-04-03 01:36:45','2020-12-07 23:19:55'),(164,64,2,'2020-04-19 11:33:46','2020-12-07 23:19:55'),(165,15,3,'2020-02-26 16:36:35','2020-12-07 23:19:55'),(165,65,4,'2020-06-07 17:10:13','2020-12-07 23:19:55'),(166,16,2,'2020-05-27 08:10:29','2020-12-07 23:19:55'),(166,66,3,'2020-04-22 02:55:02','2020-12-07 23:19:55'),(167,17,5,'2020-11-04 17:24:35','2020-12-07 23:19:55'),(167,67,7,'2020-05-26 22:49:21','2020-12-07 23:19:55'),(168,18,6,'2020-12-16 15:14:20','2020-12-07 23:19:55'),(168,68,5,'2020-12-30 16:29:11','2020-12-07 23:19:55'),(169,19,6,'2020-06-30 13:42:14','2020-12-07 23:19:55'),(169,69,0,'2020-11-13 12:10:07','2020-12-07 23:19:55'),(170,20,8,'2020-09-21 14:45:30','2020-12-07 23:19:55'),(170,70,4,'2020-12-12 00:38:45','2020-12-07 23:19:55'),(171,21,1,'2020-10-25 00:45:43','2020-12-07 23:19:55'),(171,71,3,'2020-01-16 10:59:29','2020-12-07 23:19:55'),(172,22,3,'2020-06-25 01:28:34','2020-12-07 23:19:55'),(172,72,0,'2020-02-06 15:36:15','2020-12-07 23:19:55'),(173,23,9,'2020-06-04 14:29:10','2020-12-07 23:19:55'),(173,73,4,'2020-05-17 14:45:55','2020-12-07 23:19:55'),(174,24,3,'2020-06-16 08:41:00','2020-12-07 23:19:55'),(174,74,7,'2020-10-06 23:08:40','2020-12-07 23:19:55'),(175,25,5,'2020-07-04 15:07:59','2020-12-07 23:19:55'),(175,75,6,'2020-06-13 08:24:16','2020-12-07 23:19:55'),(176,26,9,'2020-10-31 08:52:02','2020-12-07 23:19:55'),(176,76,3,'2020-01-12 00:16:36','2020-12-07 23:19:55'),(177,27,5,'2020-04-17 05:11:18','2020-12-07 23:19:55'),(177,77,8,'2020-07-20 17:17:46','2020-12-07 23:19:55'),(178,28,0,'2020-12-31 18:54:19','2020-12-07 23:19:55'),(178,78,5,'2020-08-07 11:03:01','2020-12-07 23:19:55'),(179,29,1,'2020-11-13 04:52:45','2020-12-07 23:19:55'),(179,79,2,'2020-04-13 23:07:20','2020-12-07 23:19:55'),(180,30,4,'2020-12-11 00:48:26','2020-12-07 23:19:55'),(180,80,2,'2020-10-27 15:51:40','2020-12-07 23:19:55'),(181,31,1,'2020-12-23 16:00:52','2020-12-07 23:19:55'),(181,81,7,'2020-02-22 08:04:08','2020-12-07 23:19:55'),(182,32,5,'2020-10-11 16:29:15','2020-12-07 23:19:55'),(182,82,0,'2020-12-06 13:45:11','2020-12-07 23:19:55'),(183,33,3,'2020-12-11 17:21:27','2020-12-07 23:19:55'),(183,83,2,'2020-07-04 10:18:08','2020-12-07 23:19:55'),(184,34,9,'2020-02-27 15:59:15','2020-12-07 23:19:55'),(184,84,8,'2020-01-21 00:30:54','2020-12-07 23:19:55'),(185,35,0,'2020-07-13 03:03:58','2020-12-07 23:19:55'),(185,85,6,'2020-12-02 12:14:43','2020-12-07 23:19:55'),(186,36,0,'2020-08-13 10:03:02','2020-12-07 23:19:55'),(186,86,3,'2020-12-14 19:01:03','2020-12-07 23:19:55'),(187,37,6,'2020-06-18 10:39:17','2020-12-07 23:19:55'),(187,87,3,'2020-06-13 18:49:22','2020-12-07 23:19:55'),(188,38,7,'2020-12-04 22:35:59','2020-12-07 23:19:55'),(188,88,2,'2020-02-28 04:40:58','2020-12-07 23:19:55'),(189,39,6,'2020-10-20 12:47:04','2020-12-07 23:19:55'),(189,89,8,'2020-12-02 01:09:46','2020-12-07 23:19:55'),(190,40,2,'2020-10-28 14:20:00','2020-12-07 23:19:55'),(190,90,6,'2020-10-30 02:56:10','2020-12-07 23:19:55'),(191,41,0,'2020-06-25 03:51:10','2020-12-07 23:19:55'),(191,91,6,'2020-05-19 23:22:46','2020-12-07 23:19:55'),(192,42,3,'2020-01-01 06:45:24','2020-12-07 23:19:55'),(192,92,4,'2020-10-06 10:40:36','2020-12-07 23:19:55'),(193,43,5,'2020-04-08 14:01:18','2020-12-07 23:19:55'),(193,93,5,'2020-01-07 06:59:33','2020-12-07 23:19:55'),(194,44,3,'2020-03-30 09:00:25','2020-12-07 23:19:55'),(194,94,9,'2020-04-25 07:24:04','2020-12-07 23:19:55'),(195,45,8,'2020-12-16 01:47:13','2020-12-07 23:19:55'),(195,95,9,'2020-09-06 10:18:52','2020-12-07 23:19:55'),(196,46,0,'2020-09-22 23:41:52','2020-12-07 23:19:55'),(196,96,9,'2020-03-17 09:24:10','2020-12-07 23:19:55'),(197,47,2,'2020-10-20 10:03:21','2020-12-07 23:19:55'),(197,97,8,'2020-08-02 12:38:06','2020-12-07 23:19:55'),(198,48,2,'2020-02-10 17:57:38','2020-12-07 23:19:55'),(198,98,8,'2020-12-25 14:13:19','2020-12-07 23:19:55'),(199,49,2,'2020-01-03 13:39:35','2020-12-07 23:19:55'),(199,99,1,'2020-02-20 07:29:55','2020-12-07 23:19:55'),(200,50,3,'2020-08-20 17:02:57','2020-12-07 23:19:55'),(200,100,6,'2020-08-06 20:21:10','2020-12-07 23:19:55');
/*!40000 ALTER TABLE `users_products` ENABLE KEYS */;
UNLOCK TABLES;
/*!50003 SET @saved_cs_client      = @@character_set_client */ ;
/*!50003 SET @saved_cs_results     = @@character_set_results */ ;
/*!50003 SET @saved_col_connection = @@collation_connection */ ;
/*!50003 SET character_set_client  = utf8mb4 */ ;
/*!50003 SET character_set_results = utf8mb4 */ ;
/*!50003 SET collation_connection  = utf8mb4_0900_ai_ci */ ;
/*!50003 SET @saved_sql_mode       = @@sql_mode */ ;
/*!50003 SET sql_mode              = 'ONLY_FULL_GROUP_BY,STRICT_TRANS_TABLES,NO_ZERO_IN_DATE,NO_ZERO_DATE,ERROR_FOR_DIVISION_BY_ZERO,NO_ENGINE_SUBSTITUTION' */ ;
DELIMITER ;;
/*!50003 CREATE*/ /*!50017 DEFINER=`root`@`localhost`*/ /*!50003 TRIGGER `check_users_products__products_count_insert` BEFORE INSERT ON `users_products` FOR EACH ROW -- При добавлении новой записи в таблицу users_products, должно проверяется доступное количество товара.
-- Если количество доступного товара = 0, выдаётся сообщение об ошибке.
BEGIN 
	-- 3. При добавлении новой записи в таблицу users_products, должно проверяется доступное количество товара.
	DECLARE num INT;
	SELECT available FROM products WHERE id = NEW.product_id INTO num;
  	IF num <= 0 THEN 
  	 	-- Ошибка. Товар отсутствует.
		SIGNAL SQLSTATE '45000' SET MESSAGE_TEXT = 'ITEM IS NOT EVALABLE';
	ELSE
	  	IF num > product_count(NEW.product_id) THEN 
	  	 	-- Ошибка. Товар отсутствует.
			SIGNAL SQLSTATE '45000' SET MESSAGE_TEXT = 'ITEM QUANTITY NOT ENOUGH FOR ORDER';
		ELSE
			SET NEW.product_count = num;
		END IF;
	END IF;
END */;;
DELIMITER ;
/*!50003 SET sql_mode              = @saved_sql_mode */ ;
/*!50003 SET character_set_client  = @saved_cs_client */ ;
/*!50003 SET character_set_results = @saved_cs_results */ ;
/*!50003 SET collation_connection  = @saved_col_connection */ ;
/*!50003 SET @saved_cs_client      = @@character_set_client */ ;
/*!50003 SET @saved_cs_results     = @@character_set_results */ ;
/*!50003 SET @saved_col_connection = @@collation_connection */ ;
/*!50003 SET character_set_client  = utf8mb4 */ ;
/*!50003 SET character_set_results = utf8mb4 */ ;
/*!50003 SET collation_connection  = utf8mb4_0900_ai_ci */ ;
/*!50003 SET @saved_sql_mode       = @@sql_mode */ ;
/*!50003 SET sql_mode              = 'ONLY_FULL_GROUP_BY,STRICT_TRANS_TABLES,NO_ZERO_IN_DATE,NO_ZERO_DATE,ERROR_FOR_DIVISION_BY_ZERO,NO_ENGINE_SUBSTITUTION' */ ;
DELIMITER ;;
/*!50003 CREATE*/ /*!50017 DEFINER=`root`@`localhost`*/ /*!50003 TRIGGER `check_product_id_user_id_update` BEFORE UPDATE ON `users_products` FOR EACH ROW BEGIN 
	-- Если товар уже в корзине увеличиваем количество товара на 1
	IF EXISTS (SELECT 1 FROM users_products WHERE user_id = NEW.user_id AND product_id = NEW.product_id) THEN 
		SET NEW.product_count = OLD.product_count + NEW.product_count;
	END IF;
END */;;
DELIMITER ;
/*!50003 SET sql_mode              = @saved_sql_mode */ ;
/*!50003 SET character_set_client  = @saved_cs_client */ ;
/*!50003 SET character_set_results = @saved_cs_results */ ;
/*!50003 SET collation_connection  = @saved_col_connection */ ;

--
-- Temporary view structure for view `v_income`
--

DROP TABLE IF EXISTS `v_income`;
/*!50001 DROP VIEW IF EXISTS `v_income`*/;
SET @saved_cs_client     = @@character_set_client;
/*!50503 SET character_set_client = utf8mb4 */;
/*!50001 CREATE VIEW `v_income` AS SELECT 
 1 AS `id`,
 1 AS `product`,
 1 AS `price`,
 1 AS `product_count`,
 1 AS `product_income`,
 1 AS `full_income`*/;
SET character_set_client = @saved_cs_client;

--
-- Temporary view structure for view `v_product_types`
--

DROP TABLE IF EXISTS `v_product_types`;
/*!50001 DROP VIEW IF EXISTS `v_product_types`*/;
SET @saved_cs_client     = @@character_set_client;
/*!50503 SET character_set_client = utf8mb4 */;
/*!50001 CREATE VIEW `v_product_types` AS SELECT 
 1 AS `id`,
 1 AS `product_type`*/;
SET character_set_client = @saved_cs_client;

--
-- Final view structure for view `v_income`
--

/*!50001 DROP VIEW IF EXISTS `v_income`*/;
/*!50001 SET @saved_cs_client          = @@character_set_client */;
/*!50001 SET @saved_cs_results         = @@character_set_results */;
/*!50001 SET @saved_col_connection     = @@collation_connection */;
/*!50001 SET character_set_client      = utf8mb4 */;
/*!50001 SET character_set_results     = utf8mb4 */;
/*!50001 SET collation_connection      = utf8mb4_0900_ai_ci */;
/*!50001 CREATE ALGORITHM=UNDEFINED */
/*!50013 DEFINER=`root`@`localhost` SQL SECURITY DEFINER */
/*!50001 VIEW `v_income` AS select distinct `pr`.`id` AS `id`,`pr`.`name` AS `product`,`pr`.`price` AS `price`,sum(`op`.`product_count`) OVER `window_op` AS `product_count`,sum((`op`.`product_count` * `pr`.`price`)) OVER `window_op` AS `product_income`,sum(`o1`.`cost`) OVER ()  AS `full_income` from ((`products` `pr` left join `orders_products` `op` on((`op`.`product_id` = `pr`.`id`))) left join `orders` `o1` on((`op`.`order_id` = `o1`.`id`))) window `window_op` AS (PARTITION BY `op`.`product_id` )  order by `pr`.`id` */;
/*!50001 SET character_set_client      = @saved_cs_client */;
/*!50001 SET character_set_results     = @saved_cs_results */;
/*!50001 SET collation_connection      = @saved_col_connection */;

--
-- Final view structure for view `v_product_types`
--

/*!50001 DROP VIEW IF EXISTS `v_product_types`*/;
/*!50001 SET @saved_cs_client          = @@character_set_client */;
/*!50001 SET @saved_cs_results         = @@character_set_results */;
/*!50001 SET @saved_col_connection     = @@collation_connection */;
/*!50001 SET character_set_client      = utf8mb4 */;
/*!50001 SET character_set_results     = utf8mb4 */;
/*!50001 SET collation_connection      = utf8mb4_0900_ai_ci */;
/*!50001 CREATE ALGORITHM=UNDEFINED */
/*!50013 DEFINER=`root`@`localhost` SQL SECURITY DEFINER */
/*!50001 VIEW `v_product_types` AS select `tbl`.`id` AS `id`,`tbl`.`product_type` AS `product_type` from (select `product_types`.`id` AS `id`,`product_types`.`id` AS `id_3`,`product_types`.`parent_id` AS `parent_id`,if((`product_types`.`parent_id` = 0),`product_types`.`id`,`product_types`.`id`) AS `parent_id_1`,if((`product_types`.`parent_id` = 0),`product_types`.`id`,`product_types`.`parent_id`) AS `prnt`,`product_types`.`level` AS `level`,if((`product_types`.`parent_id` = 0),`product_types`.`product_type`,concat('. ',`product_types`.`product_type`)) AS `product_type` from `product_types` where (`product_types`.`level` < 2) union select `pt`.`id` AS `id`,`pt`.`id` AS `id_3`,`pt`.`parent_id` AS `parent_id`,if((`pt`.`parent_id` = 0),`pt`.`id`,`pt`.`parent_id`) AS `parent_id_1`,(select `pt_1`.`parent_id` from `product_types` `pt_1` where (`pt_1`.`id` = `pt`.`parent_id`)) AS `prnt`,`pt`.`level` AS `level`,if((`pt`.`parent_id` = 0),`pt`.`product_type`,concat('. . ',`pt`.`product_type`)) AS `product_type` from `product_types` `pt` where (`pt`.`level` = 2) union select `pt`.`id` AS `id`,if((`pt`.`level` = 3),`pt`.`parent_id`,`pt`.`id`) AS `id_3`,`pt`.`parent_id` AS `parent_id`,(select `pt_1`.`parent_id` from `product_types` `pt_1` where (`pt_1`.`id` = `pt`.`parent_id`)) AS `parent_id_1`,(select `pt_2`.`parent_id` from `product_types` `pt_2` where `pt_2`.`id` in (select `pt_1`.`parent_id` from `product_types` `pt_1` where (`pt_1`.`id` = `pt`.`parent_id`))) AS `prnt`,`pt`.`level` AS `level`,if((`pt`.`parent_id` = 0),`pt`.`product_type`,concat('. . . ',`pt`.`product_type`)) AS `product_type` from `product_types` `pt` where (`pt`.`level` = 3) order by `prnt`,`level`,`parent_id_1`) `tbl` */;
/*!50001 SET character_set_client      = @saved_cs_client */;
/*!50001 SET character_set_results     = @saved_cs_results */;
/*!50001 SET collation_connection      = @saved_col_connection */;
/*!40103 SET TIME_ZONE=@OLD_TIME_ZONE */;

/*!40101 SET SQL_MODE=@OLD_SQL_MODE */;
/*!40014 SET FOREIGN_KEY_CHECKS=@OLD_FOREIGN_KEY_CHECKS */;
/*!40014 SET UNIQUE_CHECKS=@OLD_UNIQUE_CHECKS */;
/*!40101 SET CHARACTER_SET_CLIENT=@OLD_CHARACTER_SET_CLIENT */;
/*!40101 SET CHARACTER_SET_RESULTS=@OLD_CHARACTER_SET_RESULTS */;
/*!40101 SET COLLATION_CONNECTION=@OLD_COLLATION_CONNECTION */;
/*!40111 SET SQL_NOTES=@OLD_SQL_NOTES */;

-- Dump completed on 2020-12-15 15:07:41
